CREATE DATABASE  IF NOT EXISTS `mag3_magazine_v1` /*!40100 DEFAULT CHARACTER SET utf8 */;
USE `mag3_magazine_v1`;
-- MySQL dump 10.13  Distrib 5.7.17, for Win64 (x86_64)
--
-- Host: localhost    Database: mag3_magazine_v1
-- ------------------------------------------------------
-- Server version	5.7.20-log

/*!40101 SET @OLD_CHARACTER_SET_CLIENT=@@CHARACTER_SET_CLIENT */;
/*!40101 SET @OLD_CHARACTER_SET_RESULTS=@@CHARACTER_SET_RESULTS */;
/*!40101 SET @OLD_COLLATION_CONNECTION=@@COLLATION_CONNECTION */;
/*!40101 SET NAMES utf8 */;
/*!40103 SET @OLD_TIME_ZONE=@@TIME_ZONE */;
/*!40103 SET TIME_ZONE='+00:00' */;
/*!40014 SET @OLD_UNIQUE_CHECKS=@@UNIQUE_CHECKS, UNIQUE_CHECKS=0 */;
/*!40014 SET @OLD_FOREIGN_KEY_CHECKS=@@FOREIGN_KEY_CHECKS, FOREIGN_KEY_CHECKS=0 */;
/*!40101 SET @OLD_SQL_MODE=@@SQL_MODE, SQL_MODE='NO_AUTO_VALUE_ON_ZERO' */;
/*!40111 SET @OLD_SQL_NOTES=@@SQL_NOTES, SQL_NOTES=0 */;

--
-- Table structure for table `artwork_table`
--

DROP TABLE IF EXISTS `artwork_table`;
/*!40101 SET @saved_cs_client     = @@character_set_client */;
/*!40101 SET character_set_client = utf8 */;
CREATE TABLE `artwork_table` (
  `Id` int(11) NOT NULL AUTO_INCREMENT,
  `book_trans` varchar(45) DEFAULT NULL,
  `artwork` int(11) DEFAULT NULL,
  `directions` varchar(300) DEFAULT NULL,
  `status` tinyint(4) DEFAULT NULL,
  `updated_at` datetime DEFAULT NULL,
  `created_at` datetime DEFAULT NULL,
  PRIMARY KEY (`Id`)
) ENGINE=InnoDB AUTO_INCREMENT=45 DEFAULT CHARSET=latin1;
/*!40101 SET character_set_client = @saved_cs_client */;

--
-- Dumping data for table `artwork_table`
--

LOCK TABLES `artwork_table` WRITE;
/*!40000 ALTER TABLE `artwork_table` DISABLE KEYS */;
INSERT INTO `artwork_table` VALUES (1,'1707LG0195',1,'Client will supply',2,'2017-07-11 07:01:42','2017-07-11 07:01:42'),(2,'1707CD7876',3,'',2,'2017-07-11 07:23:28','2017-07-11 07:23:28'),(3,'1707JJ0184',1,'',2,'2017-07-11 07:38:41','2017-07-11 07:38:41'),(4,'1707XR8692',3,'',2,'2017-07-11 08:31:15','2017-07-11 08:31:15'),(5,'1707YE2619',4,'',2,'2017-07-11 08:51:36','2017-07-11 08:51:36'),(6,'1707EC7548',3,'',2,'2017-07-11 09:18:38','2017-07-11 09:18:38'),(7,'1707TS2518',1,'Each issue',2,'2017-07-11 13:19:22','2017-07-11 13:19:22'),(8,'1707GX5022',2,'',2,'2017-07-11 13:53:43','2017-07-11 13:53:43'),(9,'1707JK7718',1,'',2,'2017-07-11 14:29:26','2017-07-11 14:29:26'),(10,'1707HM1567',3,'',2,'2017-07-12 13:05:01','2017-07-12 13:05:01'),(11,'1707WJ2568',2,'',2,'2017-07-12 13:55:17','2017-07-12 13:55:17'),(12,'1707ZC7524',3,'',2,'2017-07-13 07:01:48','2017-07-13 07:01:48'),(13,'1707GO4359',1,'',2,'2017-07-13 07:19:21','2017-07-13 07:19:21'),(14,'1707QW1531',1,'',2,'2017-07-13 07:38:13','2017-07-13 07:38:13'),(15,'1707FY1498',1,'',2,'2017-07-13 07:56:26','2017-07-13 07:56:26'),(16,'1707AT1045',1,'',2,'2017-07-13 09:26:36','2017-07-13 09:26:36'),(17,'1707LV4835',1,'',2,'2017-07-13 09:35:30','2017-07-13 09:35:30'),(18,'1707GL6271',4,'Address change: 24 Emery Dr. FlinFlon, MB R8A 1L2',2,'2017-07-17 10:59:27','2017-07-17 10:59:27'),(19,'1707QX2912',1,'',2,'2017-07-17 12:02:02','2017-07-17 12:02:02'),(20,'1708NJ0593',1,'',2,'2017-08-15 10:59:56','2017-08-15 10:59:56'),(21,'1708IK9813',1,'',2,'2017-08-15 11:13:31','2017-08-15 11:13:31'),(22,'1708LU3968',4,'Remove Cell No.',2,'2017-08-16 07:35:04','2017-08-16 07:35:04'),(23,'1708BL2199',1,'Proof required prior to print',2,'2017-08-16 13:11:21','2017-08-16 13:11:21'),(24,'1708TG3726',3,'',2,'2017-08-31 09:08:29','2017-08-31 09:08:29'),(25,'1709NN2964',3,'',2,'2017-09-05 06:48:12','2017-09-05 06:48:12'),(26,'1709CH2703',3,'',2,'2017-09-05 09:05:40','2017-09-05 09:05:40'),(27,'1709UP0673',1,'Build',2,'2017-09-05 09:48:34','2017-09-05 09:48:34'),(28,'1709DU9821',1,'',2,'2017-09-05 11:09:30','2017-09-05 11:09:30'),(29,'1709GS6768',1,'',2,'2017-09-06 07:40:20','2017-09-06 07:40:20'),(30,'1709WA3448',1,'',2,'2017-09-06 08:22:22','2017-09-06 08:22:22'),(31,'1709MK2938',3,'repeat 1/2 page vertical',2,'2017-09-06 08:50:59','2017-09-06 08:50:59'),(32,'1709VL7377',1,'',2,'2017-09-06 08:58:27','2017-09-06 08:58:27'),(33,'1709IF3452',1,'Modify one provided',2,'2017-09-07 08:05:09','2017-09-07 08:05:09'),(34,'1709LE2942',1,'',2,'2017-09-08 06:51:58','2017-09-08 06:51:58'),(35,'1709QM5620',1,'',2,'2017-09-08 07:02:54','2017-09-08 07:02:54'),(36,'1709XS9745',3,'',2,'2017-09-08 07:11:02','2017-09-08 07:11:02'),(37,'1709FC9065',2,'',2,'2017-09-08 07:16:51','2017-09-08 07:16:51'),(38,'1709II0441',1,'',2,'2017-09-08 10:59:31','2017-09-08 10:59:31'),(39,'1709YT9738',3,'',2,'2017-09-11 07:43:58','2017-09-11 07:43:58'),(40,'1708ST3681',1,'',2,'2017-09-11 08:13:12','2017-09-11 08:13:12'),(41,'1709LG5544',3,'Q3 2016',2,'2017-09-11 12:27:30','2017-09-11 12:27:30'),(42,'1709PP7180',1,'',2,'2017-09-11 13:48:50','2017-09-11 13:48:50'),(43,'1709OT6748',1,'',2,'2017-09-13 11:03:56','2017-09-13 11:03:56'),(44,'1709IA8206',4,'Per Q4 2016 approval dated 10/27/16',2,'2017-09-14 11:33:03','2017-09-14 11:33:03');
/*!40000 ALTER TABLE `artwork_table` ENABLE KEYS */;
UNLOCK TABLES;

--
-- Table structure for table `booking_sales_table`
--

DROP TABLE IF EXISTS `booking_sales_table`;
/*!40101 SET @saved_cs_client     = @@character_set_client */;
/*!40101 SET character_set_client = utf8 */;
CREATE TABLE `booking_sales_table` (
  `Id` int(11) NOT NULL AUTO_INCREMENT,
  `trans_num` varchar(30) DEFAULT NULL,
  `sales_rep_code` int(45) DEFAULT NULL,
  `client_id` int(45) DEFAULT NULL,
  `agency_id` int(45) DEFAULT NULL,
  `group_id` int(45) DEFAULT NULL,
  `status` tinyint(45) DEFAULT NULL,
  `updated_at` datetime DEFAULT NULL,
  `created_at` datetime DEFAULT NULL,
  PRIMARY KEY (`Id`)
) ENGINE=InnoDB AUTO_INCREMENT=213 DEFAULT CHARSET=latin1;
/*!40101 SET character_set_client = @saved_cs_client */;

--
-- Dumping data for table `booking_sales_table`
--

LOCK TABLES `booking_sales_table` WRITE;
/*!40000 ALTER TABLE `booking_sales_table` DISABLE KEYS */;
INSERT INTO `booking_sales_table` VALUES (1,'1706SN9554',6,1,2,0,5,'2017-07-20 14:14:57','2017-06-23 08:58:45'),(2,'1706AU4670',6,2,4,0,5,'2017-07-20 14:17:14','2017-06-29 08:02:43'),(3,'1707PG4898',2,3,6,0,3,'2017-07-10 09:58:32','2017-07-10 09:58:32'),(4,'1707NI7496',4,5,10,0,2,'2017-07-10 11:13:25','2017-07-10 11:13:25'),(5,'1707FP7392',4,5,10,0,5,'2017-07-10 11:20:47','2017-07-10 11:20:47'),(6,'1707GV9061',4,5,10,0,5,'2017-07-10 11:42:46','2017-07-10 11:42:46'),(7,'1707LV4835',4,5,10,0,6,'2017-07-17 07:18:20','2017-07-10 12:19:30'),(8,'1707YF4784',8,7,14,0,6,'2017-09-01 07:51:32','2017-07-10 13:40:14'),(9,'1707HN6483',4,8,16,0,1,'2017-07-10 13:57:16','2017-07-10 13:57:16'),(10,'1707LC2531',4,8,16,0,6,'2017-09-01 07:51:32','2017-07-10 13:57:45'),(11,'1707LG0195',9,11,20,0,6,'2017-09-01 07:51:32','2017-07-11 07:00:11'),(12,'1707CV4751',8,12,22,0,6,'2017-09-01 07:51:32','2017-07-11 07:13:35'),(13,'1707CD7876',8,13,24,0,6,'2017-09-01 07:51:32','2017-07-11 07:21:20'),(14,'1707JJ0184',8,14,26,0,6,'2017-09-01 07:51:32','2017-07-11 07:37:18'),(15,'1707XR8692',4,15,28,0,6,'2017-09-01 07:51:32','2017-07-11 08:24:58'),(16,'1707AX4849',4,16,30,0,6,'2017-09-01 07:51:32','2017-07-11 08:34:49'),(17,'1707ZB7201',9,17,32,0,2,'2017-07-11 08:42:09','2017-07-11 08:42:09'),(18,'1707YE2619',9,18,34,0,1,'2017-07-11 08:49:04','2017-07-11 08:49:04'),(19,'1707OR5730',9,19,36,0,1,'2017-07-11 09:05:51','2017-07-11 09:05:51'),(20,'1707EC7548',8,20,38,0,1,'2017-07-11 09:16:53','2017-07-11 09:16:53'),(21,'1707MK1937',4,21,40,0,6,'2017-09-01 07:51:32','2017-07-11 09:26:24'),(22,'1707KF4982',9,22,42,0,1,'2017-07-11 09:48:55','2017-07-11 09:48:55'),(23,'1707TS2518',4,24,46,0,6,'2017-09-01 07:51:32','2017-07-11 13:17:46'),(24,'1707LU9125',8,25,48,0,1,'2017-07-11 13:47:00','2017-07-11 13:47:00'),(25,'1707GX5022',8,26,50,0,1,'2017-07-11 13:52:05','2017-07-11 13:52:05'),(26,'1707RS2185',8,27,52,0,1,'2017-07-11 14:01:29','2017-07-11 14:01:29'),(27,'1707JK7718',8,28,54,0,1,'2017-07-11 14:14:26','2017-07-11 14:14:26'),(28,'1707OQ6800',8,29,57,0,1,'2017-07-12 09:23:31','2017-07-12 09:23:31'),(29,'1707HM1567',4,30,60,0,6,'2017-09-01 07:51:32','2017-07-12 13:00:28'),(30,'1707QX7087',5,31,62,0,1,'2017-07-12 13:18:53','2017-07-12 13:18:53'),(31,'1707RX2753',4,3,6,0,1,'2017-07-12 13:24:40','2017-07-12 13:24:40'),(32,'1707GX6915',5,32,64,0,1,'2017-07-12 13:37:09','2017-07-12 13:37:09'),(33,'1707WJ2568',9,33,66,0,1,'2017-07-12 13:54:56','2017-07-12 13:54:56'),(34,'1707WF2802',9,34,68,0,1,'2017-07-12 14:02:51','2017-07-12 14:02:51'),(35,'1707EP6629',9,35,70,0,1,'2017-07-12 14:14:24','2017-07-12 14:14:24'),(36,'1707ZC7524',5,36,72,0,1,'2017-07-13 07:00:29','2017-07-13 07:00:29'),(37,'1707GO4359',5,38,76,0,1,'2017-07-13 07:18:12','2017-07-13 07:18:12'),(38,'1707LA0383',8,39,78,0,1,'2017-07-13 07:25:33','2017-07-13 07:25:33'),(39,'1707QW1531',4,40,80,0,5,'2017-07-13 07:31:38','2017-07-13 07:31:38'),(40,'1707FY1498',4,40,80,0,5,'2017-07-13 07:40:34','2017-07-13 07:40:34'),(41,'1707EW3858',4,41,82,0,1,'2017-07-13 08:49:39','2017-07-13 08:49:39'),(42,'1707AT1045',5,42,84,0,1,'2017-07-13 09:04:48','2017-07-13 09:04:48'),(43,'1707ZG8013',4,43,86,0,1,'2017-07-13 09:30:59','2017-07-13 09:30:59'),(44,'1707GQ8504',4,6,12,0,1,'2017-07-13 09:38:10','2017-07-13 09:38:10'),(45,'1707ZU1662',7,44,88,0,6,'2017-07-17 08:59:42','2017-07-17 08:51:30'),(46,'1707SR8591',7,45,90,0,1,'2017-07-17 09:34:48','2017-07-17 09:34:48'),(47,'1707HU2763',7,45,90,0,1,'2017-07-17 09:35:56','2017-07-17 09:35:56'),(48,'1707NO2374',7,45,90,0,2,'2017-07-17 09:37:20','2017-07-17 09:37:20'),(49,'1707YF3371',7,46,92,0,2,'2017-07-17 09:58:49','2017-07-17 09:58:49'),(50,'1707AX4663',7,47,94,0,1,'2017-07-17 10:53:26','2017-07-17 10:53:26'),(51,'1707GL6271',7,47,94,0,1,'2017-07-17 10:54:18','2017-07-17 10:54:18'),(52,'1707DO2449',7,48,96,0,1,'2017-07-17 11:05:28','2017-07-17 11:05:28'),(53,'1707CQ0913',7,49,98,0,1,'2017-07-17 11:18:38','2017-07-17 11:18:38'),(54,'1707SU1590',7,50,100,0,1,'2017-07-17 11:44:30','2017-07-17 11:44:30'),(55,'1707QX2912',7,51,0,0,1,'2017-07-17 11:51:52','2017-07-17 11:51:52'),(56,'1707KG4379',7,52,102,0,1,'2017-07-17 12:11:04','2017-07-17 12:11:04'),(57,'1707NW4632',7,53,104,0,1,'2017-07-17 12:18:46','2017-07-17 12:18:46'),(58,'1707BS0533',7,54,106,0,1,'2017-07-17 12:25:48','2017-07-17 12:25:48'),(59,'1707WC6724',7,55,108,0,1,'2017-07-17 13:33:57','2017-07-17 13:33:57'),(60,'1707FD4710',8,56,110,0,1,'2017-07-17 14:13:23','2017-07-17 14:13:23'),(61,'1707TC3570',8,56,110,0,1,'2017-07-17 14:18:42','2017-07-17 14:18:42'),(62,'1707RR6095',8,44,88,0,5,'2017-07-19 06:56:54','2017-07-19 06:56:54'),(63,'1707ZY2769',6,2,4,0,3,'2017-07-31 14:10:17','2017-07-20 14:17:31'),(64,'1708XV4320',6,2,4,0,5,'2017-08-28 12:40:38','2017-08-04 11:30:40'),(65,'1708QU8947',6,0,0,0,5,'2017-08-28 12:40:55','2017-08-04 11:36:33'),(66,'1708QU8947',6,2,4,0,5,'2017-08-28 12:41:06','2017-08-04 11:37:15'),(67,'1708RR7398',6,2,4,0,5,'2017-08-28 12:41:17','2017-08-04 11:49:49'),(68,'1708JB4188',1,44,88,0,1,'2017-08-04 19:30:18','2017-08-04 19:30:18'),(69,'1708JY1507',2,44,88,0,1,'2017-08-14 07:58:11','2017-08-14 07:58:11'),(70,'1708NO7822',4,15,28,0,1,'2017-08-14 11:14:44','2017-08-14 11:14:44'),(71,'1708II5159',4,4,8,0,1,'2017-08-14 11:23:55','2017-08-14 11:23:55'),(72,'1708YK2183',4,4,8,0,1,'2017-08-14 11:43:03','2017-08-14 11:43:03'),(73,'1708SF8029',8,7,14,0,1,'2017-08-14 12:03:12','2017-08-14 12:03:12'),(74,'1708CR0763',9,10,18,0,1,'2017-08-14 12:27:12','2017-08-14 12:27:12'),(75,'1708BV6420',8,13,24,0,1,'2017-08-14 12:40:59','2017-08-14 12:40:59'),(76,'1708UP8671',9,18,34,0,1,'2017-08-14 13:23:26','2017-08-14 13:23:26'),(77,'1708MH7565',4,21,40,0,1,'2017-08-14 13:39:06','2017-08-14 13:39:06'),(78,'1708MR2429',4,23,44,0,1,'2017-08-14 13:57:57','2017-08-14 13:57:57'),(79,'1708GM2491',8,28,54,0,1,'2017-08-15 06:15:17','2017-08-15 06:15:17'),(80,'1708BI0603',9,35,70,0,1,'2017-08-15 07:23:11','2017-08-15 07:23:11'),(81,'1708NC7221',5,37,74,0,1,'2017-08-15 08:44:26','2017-08-15 08:44:26'),(82,'1708FN5432',4,40,80,0,5,'2017-08-15 09:19:49','2017-08-15 09:19:49'),(83,'1708NJ0593',4,40,80,0,5,'2017-08-15 09:39:51','2017-08-15 09:39:51'),(84,'1708IK9813',4,41,82,0,1,'2017-08-15 11:05:29','2017-08-15 11:05:29'),(85,'1708WM5736',7,56,110,0,1,'2017-08-15 12:31:53','2017-08-15 12:31:53'),(86,'1708DB7417',2,44,88,0,1,'2017-08-15 13:30:53','2017-08-15 13:30:53'),(87,'1708HK1068',10,57,114,0,1,'2017-08-15 13:56:59','2017-08-15 13:56:59'),(88,'1708KG1570',10,58,116,0,5,'2017-08-15 14:16:14','2017-08-15 14:16:14'),(89,'1708YP4188',8,58,116,0,1,'2017-08-16 06:31:15','2017-08-16 06:31:15'),(90,'1708VK7760',10,59,118,0,1,'2017-08-16 06:45:11','2017-08-16 06:45:11'),(91,'1708LU3968',8,60,120,0,1,'2017-08-16 07:34:20','2017-08-16 07:34:20'),(92,'1708YP9906',8,61,122,0,1,'2017-08-16 07:40:18','2017-08-16 07:40:18'),(93,'1708ID5887',10,62,124,0,1,'2017-08-16 08:40:09','2017-08-16 08:40:09'),(94,'1708SY1631',10,62,124,0,1,'2017-08-16 08:52:00','2017-08-16 08:52:00'),(95,'1708CA2689',2,44,88,0,5,'2017-08-16 08:52:57','2017-08-16 08:52:57'),(96,'1708CX1515',10,63,126,0,1,'2017-08-16 09:06:12','2017-08-16 09:06:12'),(97,'1708BL2199',9,64,128,0,1,'2017-08-16 13:02:41','2017-08-16 13:02:41'),(98,'1708OZ6926',9,65,130,0,1,'2017-08-16 13:29:42','2017-08-16 13:29:42'),(99,'1708OX0415',6,2,4,0,5,'2017-08-28 12:41:23','2017-08-21 13:17:55'),(100,'1708UM0702',9,66,132,0,1,'2017-08-25 12:24:29','2017-08-25 12:24:29'),(101,'1708CY8581',8,67,134,0,1,'2017-08-25 13:03:43','2017-08-25 13:03:43'),(102,'1708FX3889',8,68,136,0,1,'2017-08-25 13:18:30','2017-08-25 13:18:30'),(103,'1708VT3694',9,69,138,0,1,'2017-08-25 13:36:45','2017-08-25 13:36:45'),(104,'1708PQ0597',2,44,88,0,6,'2017-08-28 09:05:05','2017-08-28 08:05:51'),(105,'1708BK3757',2,44,88,0,1,'2017-08-28 08:19:54','2017-08-28 08:19:54'),(106,'1708TK9698',2,49,98,0,1,'2017-08-28 11:57:42','2017-08-28 11:57:42'),(107,'1708AM9368',2,70,140,0,1,'2017-08-28 14:08:30','2017-08-28 14:08:30'),(108,'1708SF9224',2,4,8,0,1,'2017-08-28 14:15:31','2017-08-28 14:15:31'),(109,'1708KC8196',4,4,8,0,1,'2017-08-29 06:44:42','2017-08-29 06:44:42'),(110,'1708ST3681',8,72,142,0,2,'2017-08-29 07:41:07','2017-08-29 07:41:07'),(111,'1708OG8180',8,73,144,0,1,'2017-08-30 07:47:26','2017-08-30 07:47:26'),(112,'1708UZ2225',8,15,28,0,1,'2017-08-30 07:53:23','2017-08-30 07:53:23'),(113,'1708AH1561',8,15,28,0,1,'2017-08-30 07:55:31','2017-08-30 07:55:31'),(114,'1708EA8963',8,15,28,0,1,'2017-08-30 12:48:11','2017-08-30 12:48:11'),(115,'1708DY6370',4,74,146,0,1,'2017-08-30 13:11:50','2017-08-30 13:11:50'),(116,'1708QS2099',8,75,148,0,1,'2017-08-30 13:33:16','2017-08-30 13:33:16'),(117,'1708BU3966',4,5,10,0,1,'2017-08-30 13:56:11','2017-08-30 13:56:11'),(118,'1708QP1408',4,5,10,0,1,'2017-08-30 14:11:52','2017-08-30 14:11:52'),(119,'1708YI4372',5,16,30,0,1,'2017-08-31 07:27:37','2017-08-31 07:27:37'),(120,'1708BB1472',5,77,150,0,1,'2017-08-31 08:15:14','2017-08-31 08:15:14'),(121,'1708TG3726',5,78,152,0,1,'2017-08-31 08:52:18','2017-08-31 08:52:18'),(122,'1708YF4504',5,79,154,0,1,'2017-08-31 09:39:01','2017-08-31 09:39:01'),(123,'1708RX8470',5,79,154,0,1,'2017-08-31 09:59:23','2017-08-31 09:59:23'),(124,'1709II1637',8,80,156,0,1,'2017-09-01 08:15:47','2017-09-01 08:15:47'),(125,'1709XY0786',8,81,158,0,1,'2017-09-01 08:44:42','2017-09-01 08:44:42'),(126,'1709VX3988',9,82,160,0,1,'2017-09-01 09:05:49','2017-09-01 09:05:49'),(127,'1709SO0339',7,83,162,0,1,'2017-09-01 09:17:42','2017-09-01 09:17:42'),(128,'1709GA4826',11,84,164,0,1,'2017-09-01 09:32:53','2017-09-01 09:32:53'),(129,'1709YV3224',11,84,164,0,1,'2017-09-01 09:46:37','2017-09-01 09:46:37'),(130,'1709MR2487',11,84,164,0,2,'2017-09-01 10:08:20','2017-09-01 10:08:20'),(131,'1709AA8291',11,84,164,0,1,'2017-09-01 10:33:50','2017-09-01 10:33:50'),(132,'1709ZL1528',9,85,166,0,1,'2017-09-01 11:37:28','2017-09-01 11:37:28'),(133,'1709PO5172',8,86,168,0,1,'2017-09-01 12:12:49','2017-09-01 12:12:49'),(134,'1709NN2964',8,87,170,0,5,'2017-09-01 13:03:16','2017-09-01 13:03:16'),(135,'1709ER7176',8,88,172,0,1,'2017-09-05 08:50:00','2017-09-05 08:50:00'),(136,'1709CH2703',8,66,132,0,1,'2017-09-05 08:55:26','2017-09-05 08:55:26'),(137,'1709CC4552',8,89,174,0,1,'2017-09-05 09:35:00','2017-09-05 09:35:00'),(138,'1709UP0673',10,90,176,0,1,'2017-09-05 09:48:06','2017-09-05 09:48:06'),(139,'1709WA3448',8,91,178,0,1,'2017-09-05 09:54:20','2017-09-05 09:54:20'),(140,'1709DU9821',8,92,180,0,1,'2017-09-05 11:09:01','2017-09-05 11:09:01'),(141,'1709SA6613',8,93,182,0,1,'2017-09-05 11:21:04','2017-09-05 11:21:04'),(142,'1709TA4204',8,93,182,0,1,'2017-09-06 07:11:18','2017-09-06 07:11:18'),(143,'1709VC8086',4,40,80,0,5,'2017-09-06 07:25:39','2017-09-06 07:25:39'),(144,'1709ZK4218',2,94,184,0,1,'2017-09-06 07:29:12','2017-09-06 07:29:12'),(145,'1709GS6768',4,40,80,0,1,'2017-09-06 07:35:52','2017-09-06 07:35:52'),(146,'1709GF7211',8,93,182,0,1,'2017-09-06 08:15:58','2017-09-06 08:15:58'),(147,'1709MK2938',7,95,186,0,1,'2017-09-06 08:49:19','2017-09-06 08:49:19'),(148,'1709VL7377',7,96,188,0,1,'2017-09-06 08:56:43','2017-09-06 08:56:43'),(149,'1709KK7264',7,97,190,0,1,'2017-09-06 09:59:13','2017-09-06 09:59:13'),(150,'1709ZS5218',8,98,192,0,1,'2017-09-06 13:53:36','2017-09-06 13:53:36'),(151,'1709ZX4100',6,99,194,0,1,'2017-09-07 06:32:15','2017-09-07 06:32:15'),(152,'1709ZJ5643',8,98,192,0,1,'2017-09-07 07:10:38','2017-09-07 07:10:38'),(153,'1709IF3452',10,84,164,0,1,'2017-09-07 07:43:52','2017-09-07 07:43:52'),(154,'1709LE2942',6,100,196,0,1,'2017-09-08 06:49:50','2017-09-08 06:49:50'),(155,'1709MX9944',6,100,196,0,1,'2017-09-08 06:52:56','2017-09-08 06:52:56'),(156,'1709QM5620',6,100,196,0,1,'2017-09-08 07:02:14','2017-09-08 07:02:14'),(157,'1709XS9745',8,101,198,0,1,'2017-09-08 07:07:56','2017-09-08 07:07:56'),(158,'1709FC9065',8,102,200,0,1,'2017-09-08 07:16:22','2017-09-08 07:16:22'),(159,'1709PS3551',10,103,202,0,1,'2017-09-08 07:20:41','2017-09-08 07:20:41'),(160,'1709KD3702',10,103,202,0,1,'2017-09-08 07:23:57','2017-09-08 07:23:57'),(161,'1709IH6709',5,105,206,0,1,'2017-09-08 10:40:43','2017-09-08 10:40:43'),(162,'1709II0441',5,105,206,0,1,'2017-09-08 10:41:52','2017-09-08 10:41:52'),(163,'1709QG4704',5,106,208,0,1,'2017-09-08 11:34:22','2017-09-08 11:34:22'),(164,'1709YT9738',8,71,0,0,1,'2017-09-11 07:37:58','2017-09-11 07:37:58'),(165,'1709WI9140',8,4,8,0,1,'2017-09-11 07:49:37','2017-09-11 07:49:37'),(166,'1709YB7549',8,72,142,0,1,'2017-09-11 08:13:59','2017-09-11 08:13:59'),(167,'1709FH7136',8,72,142,0,2,'2017-09-11 08:31:08','2017-09-11 08:31:08'),(168,'1709NU9469',5,106,208,0,1,'2017-09-11 11:55:11','2017-09-11 11:55:11'),(169,'1709LG5544',5,107,210,0,1,'2017-09-11 12:05:22','2017-09-11 12:05:22'),(170,'1709IV6163',10,108,212,0,1,'2017-09-11 12:51:16','2017-09-11 12:51:16'),(171,'1709LH8065',5,109,214,0,1,'2017-09-11 13:11:19','2017-09-11 13:11:19'),(172,'1709RK7856',5,110,216,0,1,'2017-09-11 13:19:46','2017-09-11 13:19:46'),(173,'1709PP7180',4,111,218,0,1,'2017-09-11 13:29:46','2017-09-11 13:29:46'),(174,'1709ZX6842',4,8,16,0,1,'2017-09-12 13:13:42','2017-09-12 13:13:42'),(175,'1709PU5732',4,30,60,0,1,'2017-09-12 13:53:05','2017-09-12 13:53:05'),(176,'1709ZY5968',4,112,220,0,1,'2017-09-13 07:58:51','2017-09-13 07:58:51'),(177,'1709KX6931',4,113,222,0,1,'2017-09-13 08:19:48','2017-09-13 08:19:48'),(178,'1709DO0073',5,114,224,0,1,'2017-09-13 08:56:00','2017-09-13 08:56:00'),(179,'1709FI3355',4,31,62,0,1,'2017-09-13 09:03:47','2017-09-13 09:03:47'),(180,'1709UT6059',4,115,226,0,1,'2017-09-13 09:47:02','2017-09-13 09:47:02'),(181,'1709OT6748',8,116,228,0,1,'2017-09-13 11:03:25','2017-09-13 11:03:25'),(182,'1709YX3111',4,117,230,0,1,'2017-09-13 12:19:31','2017-09-13 12:19:31'),(183,'1709EQ4695',8,118,232,0,1,'2017-09-13 13:00:17','2017-09-13 13:00:17'),(184,'1709TW9629',4,119,234,0,1,'2017-09-13 14:25:45','2017-09-13 14:25:45'),(185,'1709IA8206',4,120,236,0,1,'2017-09-14 11:12:13','2017-09-14 11:12:13'),(186,'1709YY4404',4,121,238,0,1,'2017-09-14 12:04:52','2017-09-14 12:04:52'),(187,'1709SB5375',10,122,240,0,1,'2017-09-14 12:21:26','2017-09-14 12:21:26'),(188,'1709TR0154',10,122,240,0,1,'2017-09-14 12:38:12','2017-09-14 12:38:12'),(189,'1709TG2182',10,123,242,0,1,'2017-09-14 12:48:39','2017-09-14 12:48:39'),(190,'1710EM6752',8,124,244,0,3,'2017-10-19 13:49:58','2017-10-19 13:49:58'),(191,'1710XB4580',1,16,30,0,1,'2017-10-19 15:21:46','2017-10-19 15:21:46'),(192,'1710PB6379',1,46,92,0,1,'2017-10-19 15:37:45','2017-10-19 15:37:45'),(193,'1710AV5334',1,44,88,0,1,'2017-10-20 07:30:35','2017-10-20 07:30:35'),(194,'1710EC7318',2,71,0,0,1,'2017-10-30 07:03:00','2017-10-30 07:03:00'),(195,'1711OQ9969',2,127,0,0,1,'2017-11-08 13:18:14','2017-11-08 13:18:14'),(196,'1711GY1249',1,94,184,0,1,'2017-11-09 09:55:47','2017-11-09 09:55:47'),(197,'1711JB3016',1,94,184,0,3,'2017-11-09 09:57:08','2017-11-09 09:57:08'),(198,'1711IN0587',1,128,0,0,1,'2017-11-09 12:24:25','2017-11-09 12:24:25'),(199,'1711OQ2316',1,128,0,0,5,'2017-11-09 12:39:38','2017-11-09 12:39:38'),(200,'1711JS8714',1,128,0,0,1,'2017-11-09 12:44:50','2017-11-09 12:44:50'),(201,'1711HE9155',1,128,0,0,5,'2017-11-09 12:48:19','2017-11-09 12:48:19'),(202,'1711KS7824',1,128,246,0,5,'2017-11-09 12:53:34','2017-11-09 12:53:34'),(203,'1711YK7715',1,128,246,0,5,'2017-11-09 12:58:37','2017-11-09 12:58:37'),(204,'1711AI8203',1,128,247,0,5,'2017-11-09 15:20:28','2017-11-09 15:20:28'),(205,'1711KI4062',1,128,247,0,3,'2017-11-09 15:45:06','2017-11-09 15:45:06'),(206,'1711IE3529',2,44,88,0,1,'2017-11-14 17:12:14','2017-11-14 17:12:14'),(207,'1711OZ1847',2,71,248,0,1,'2017-11-14 17:25:05','2017-11-14 17:25:05'),(208,'1712AA0418',2,127,0,0,1,'2017-12-02 06:44:00','2017-12-02 06:44:00'),(209,'1712DN0251',2,127,0,0,1,'2017-12-02 06:44:02','2017-12-02 06:44:02'),(210,'1712SA7582',2,44,88,0,1,'2017-12-10 17:14:51','2017-12-10 17:14:51'),(211,'1712FH5089',1,44,88,0,1,'2017-12-10 17:14:52','2017-12-10 17:14:52'),(212,'1801FB9845',1,1,2,0,1,'2018-01-06 03:44:07','2018-01-06 03:44:07');
/*!40000 ALTER TABLE `booking_sales_table` ENABLE KEYS */;
UNLOCK TABLES;

--
-- Table structure for table `client_contacts_table`
--

DROP TABLE IF EXISTS `client_contacts_table`;
/*!40101 SET @saved_cs_client     = @@character_set_client */;
/*!40101 SET character_set_client = utf8 */;
CREATE TABLE `client_contacts_table` (
  `Id` int(11) NOT NULL AUTO_INCREMENT,
  `client_id` int(11) DEFAULT NULL,
  `branch_name` varchar(100) DEFAULT NULL,
  `first_name` varchar(50) DEFAULT NULL,
  `middle_name` varchar(50) DEFAULT NULL,
  `last_name` varchar(50) DEFAULT NULL,
  `address_1` varchar(50) DEFAULT NULL,
  `address_2` varchar(50) DEFAULT NULL,
  `address_3` varchar(50) DEFAULT NULL,
  `city` varchar(45) DEFAULT NULL,
  `state` varchar(45) DEFAULT NULL,
  `zip_code` varchar(45) DEFAULT NULL,
  `email` varchar(50) DEFAULT NULL,
  `landline` varchar(25) DEFAULT NULL,
  `mobile` varchar(25) DEFAULT NULL,
  `position` varchar(45) DEFAULT NULL,
  `type_designation` varchar(45) DEFAULT NULL,
  `type` tinyint(4) DEFAULT NULL,
  `role` tinyint(4) DEFAULT NULL,
  `status` tinyint(4) DEFAULT NULL,
  `synched` tinyint(4) DEFAULT NULL,
  `updated_at` datetime DEFAULT NULL,
  `created_at` datetime DEFAULT NULL,
  PRIMARY KEY (`Id`)
) ENGINE=InnoDB AUTO_INCREMENT=249 DEFAULT CHARSET=latin1;
/*!40101 SET character_set_client = @saved_cs_client */;

--
-- Dumping data for table `client_contacts_table`
--

LOCK TABLES `client_contacts_table` WRITE;
/*!40000 ALTER TABLE `client_contacts_table` DISABLE KEYS */;
INSERT INTO `client_contacts_table` VALUES (1,1,'0001',NULL,NULL,NULL,NULL,NULL,NULL,NULL,NULL,NULL,NULL,NULL,NULL,NULL,NULL,1,1,2,1,'2017-06-29 08:02:26','2017-06-23 08:57:28'),(2,1,'0001',NULL,NULL,NULL,NULL,NULL,NULL,NULL,NULL,NULL,NULL,NULL,NULL,NULL,NULL,1,3,2,1,'2017-06-29 08:02:26','2017-06-23 08:58:25'),(3,2,'0001','Joelle',NULL,'Allen','149 College St.',NULL,NULL,'Toronto','ON','M5T 1P5','joelle.allen@rotman.utoronto.ca','416-946-7655','416-978-5549','Advertiser',NULL,1,1,2,1,'2017-06-29 08:01:04','2017-06-29 08:01:04'),(4,2,'Rotman School of Management-University of Toronto','Joelle',NULL,'Allen','149 College St.',NULL,NULL,'Toronto','ON','M5T 1P5','joelle.allen@rotman.utoronto.ca','416-946-7655','416-978-5549','Advertiser',NULL,1,3,2,1,'2017-06-29 08:02:00','2017-06-29 08:02:00'),(5,3,'0001','Tony',NULL,'Evangelista','7101-102 Street',NULL,NULL,'Clairmont','AB','T0H 0W0','tony.e@northstar-inc.com','403-294-9404','780-539-3014','Advertiser',NULL,1,1,2,1,'2017-07-10 09:56:12','2017-07-10 09:56:12'),(6,3,'Northstar Sharp\'s','Linda',NULL,'Gerrits','7101-102 Street',NULL,NULL,'Clairmont','AB','T0H 0W0','ap@northstar-inc.com','780-539-0700','780-539-3014','Advertiser',NULL,1,3,2,1,'2017-07-10 09:57:56','2017-07-10 09:57:56'),(7,4,'0001','Geordie',NULL,'Compton','7032 South 196th',NULL,NULL,'Kent','WA','98032','gcompton@constructmarketing.com','973-729-7290','973-729-7291','Construct Marketing',NULL,2,1,2,1,'2017-07-10 10:04:31','2017-07-10 10:04:31'),(8,4,'Construct Marketing','Geordie',NULL,'Compton','7032 South 196th',NULL,NULL,'Kent','WA','98032','gcompton@constructmarketing.com','9737297290','9737297290','Construct Marketing',NULL,2,3,2,1,'2017-07-10 10:05:03','2017-07-10 10:05:03'),(9,5,'0001','David',NULL,'Zanchetta','600 Ferguson Ave N.',NULL,NULL,'Hamilton','ON','L8L 4Z9','dzanchetta@berminghammer.com','905-528-7924-211','905-528-6187','Advertiser',NULL,1,1,2,1,'2017-07-10 11:11:48','2017-07-10 11:04:32'),(10,5,'Bermingham Foundation Solutions','David',NULL,'Zanchetta','600 Ferguson Ave N.',NULL,NULL,'Hamilton','ON','L8L 4Z9','dzanchetta@berminghammer.com','905-528-7924-211','905-528-6187','Advertiser',NULL,1,3,2,1,'2017-07-10 11:12:15','2017-07-10 11:05:49'),(11,6,'0001','Jack',NULL,'Dougherty','P.O. Box 688',NULL,NULL,'Franklin Lakes','NJ','07417-0688','jackd@carroll.com','201-337-5748','201-337-9022','Advertiser',NULL,1,1,2,1,'2017-07-10 13:27:55','2017-07-10 13:27:55'),(12,6,'DFP Foundation Producsts LLC','Jack',NULL,'Dougherty','P.O. Box 688',NULL,NULL,'Franklin Lakes','NJ','07417-0688','jackd@carroll.com','2013375748','201-337-9022','DFP Foundation Producsts LLC',NULL,1,3,2,1,'2017-07-10 13:28:54','2017-07-10 13:28:54'),(13,7,'0001','Steven',NULL,'Mathers','3320 Miles Hope Road RR#3',NULL,NULL,'Mount Hope','ON','L0R 1W0','steven@interpipe.com','905-679-8999 x664','905-579-8999 x664','Advertiser',NULL,1,1,2,1,'2017-07-10 13:39:57','2017-07-10 13:38:02'),(14,7,'Interpipe','Barbara',NULL,'Robertson','3320 Miles Hope Road RR#3',NULL,NULL,'Mount Hope','ON','L0R 1W0','barbara@interpipe.com','905-679-6999 x662','905-679-6544','Advertiser',NULL,1,3,2,1,'2017-07-10 13:39:47','2017-07-10 13:39:47'),(15,8,'0001','Dean',NULL,'Abbondanza','P.O. Box 134401',NULL,NULL,'Houston','TX','77219-4401','dabbondanza@jdfields.com','412-491-1265','412-491-1265','Advertiser',NULL,1,1,2,1,'2017-07-10 14:22:29','2017-07-10 13:54:09'),(16,8,'JD Fields & Company, Inc.','Dean',NULL,'Abbondanza','P.O. Box 134401',NULL,NULL,'Houston','TX','77219-4401','dabbondanza@jdfields.com','4124911265','4124911265','Advertiser',NULL,1,3,2,1,'2017-07-10 13:56:52','2017-07-10 13:56:52'),(17,10,'0001','Fernando',NULL,'De Malo','P.O. Box 44624 YVR DTB RPO',NULL,NULL,'Richmond','BC','V7B 1W2','fdm@pacificsafety.ca','604-278-3512','  604-278-3512','Advertiser',NULL,1,1,2,1,'2017-07-11 06:44:43','2017-07-11 06:43:18'),(18,10,'Pacific Safety','Fernando',NULL,'De Malo','P.O. Box 44624 YVR DTB RPO',NULL,NULL,'Richmond','BC','V7B 1W2','fdm@pacificsafety.ca','6042783512','6042783512','Advertiser',NULL,1,3,2,1,'2017-07-11 06:44:35','2017-07-11 06:44:20'),(19,11,'0001','Mike',NULL,'Lane','3101 New Haven Ave.',NULL,NULL,'Fort Wayne','IN','46803','mlane@poseidonbarge.com','260-424-8767 x311','260-424-8635','Advertiser',NULL,1,1,2,1,'2017-07-11 06:55:47','2017-07-11 06:55:47'),(20,11,'Poseidon Barge','Scott',NULL,'Sprunger','3101 New Haven Ave.',NULL,NULL,'Fort Wayne','IN','46803','mlane@poseidonbarge.com','260-422-8767 x311','260-424-8635','Advertiser',NULL,1,3,2,1,'2017-07-11 06:58:13','2017-07-11 06:58:13'),(21,12,'0001','Deborah',NULL,'Hebert','950 Industrial Road',NULL,NULL,'Cambridge','ON','N3H 4W1','dhebert@rollformgroup.com','905-593-3513 40313','905-593-3513 40313','Advertiser',NULL,1,1,2,1,'2017-07-11 07:11:41','2017-07-11 07:11:41'),(22,12,'Roll Form Group','Deborah',NULL,'Hebert','950 Industrial Road',NULL,NULL,'Cambridge','ON','N3H 4W1','dhebert@rollformgroup.com','905-593-3513 40313','905-593-3513 40313','Advertiser',NULL,1,3,2,1,'2017-07-11 07:13:20','2017-07-11 07:13:20'),(23,13,'0001','Neil',NULL,'Bains','11545 Kingston St.',NULL,NULL,'Maple Ridge','BC','V2X 0Z5','nbains@rstinstruments.com','604-540-1100','604-540-1100','Advertiser',NULL,1,1,2,1,'2017-07-11 07:20:13','2017-07-11 07:20:13'),(24,13,'RST Instruments','Neil',NULL,'Bains','11545 Kingston St.',NULL,NULL,'Maple Ridge','BC','V2X 0Z5','nbains@rstinstruments.com','604-540-110','604-540-1100','Advertiser',NULL,1,3,2,1,'2017-07-11 07:21:07','2017-07-11 07:21:07'),(25,14,'0001','John',NULL,'Unger','6209 Industrial Ct.',NULL,NULL,'Glendale','WI','53129','linerestraint@gmail.com','262-470-9721','262-470-9721','Advertiser',NULL,1,1,2,1,'2017-07-11 07:35:42','2017-07-11 07:35:42'),(26,14,'Second Chance Line Restraint LLC.','John',NULL,'Unger','6209 Industrial Ct.',NULL,NULL,'Glendale','WI','53129','linerestraint@gmail.com','262-470-9721','262-470-9721','Advertiser',NULL,1,3,2,1,'2017-07-11 07:36:48','2017-07-11 07:36:48'),(27,15,'0001','Wendy',NULL,'Arntzen','1025 School St.',NULL,NULL,'Rockford','IL','61101','wendy@arntzencorp.com','815-964-9413','815-964-0045','Advertiser',NULL,1,1,2,1,'2017-07-11 08:23:57','2017-07-11 08:23:57'),(28,15,'Arntzen Corp. - Steel Pipe Division','Wendy',NULL,'Arntzen','1025 School St.',NULL,NULL,'Rockford','IL','61101','wendy@arntzencorp.com','815-964-9413','815-964-0045','Advertiser',NULL,1,3,2,1,'2017-07-11 08:24:44','2017-07-11 08:24:44'),(29,16,'0001','Janan',NULL,'Oslanski','3801 - 53 Ave.',NULL,NULL,'Lacombe','AB','T4L 2L6','janan@canadianpile.com','888-466-4116','403-885-5790','Advertiser',NULL,1,1,2,1,'2017-07-11 08:33:42','2017-07-11 08:33:42'),(30,16,'Canadian Pile Driving Equipment Inc.','Janan',NULL,'Oslanski','3801 - 53 Ave.',NULL,NULL,'Lacombe','AB','T4L 2L6','janan@canadianpile.com','888-466-4116','403-885-5790','Advertiser',NULL,1,3,2,1,'2017-07-11 08:34:29','2017-07-11 08:34:29'),(31,17,'0001','Tonya',NULL,'Conn','P.O. Box 307, 118 Schrock Drive',NULL,NULL,'Berlin','PA','15530','tconn@centerrock.com','814-267-7100','814-267-6382','Advertiser',NULL,1,1,2,1,'2017-07-11 08:40:12','2017-07-11 08:40:12'),(32,17,'Center Rock, Inc.','Tonya',NULL,'Conn','P.O. Box 307, 118 Schrock Drive',NULL,NULL,'Berlin','PA','15530','tconn@centerrock.com','814-267-7100','814-267-6382','Advertiser',NULL,1,3,2,1,'2017-07-11 08:41:56','2017-07-11 08:41:56'),(33,18,'0001','Rhonda',NULL,'Nelson','8140 East Rose Crans Avenue',NULL,NULL,'Paramount','CA','90723','rnelson@champion-equipment.com','562-634-8180','562-6348180','Advertiser',NULL,1,1,2,1,'2017-07-11 08:47:45','2017-07-11 08:47:45'),(34,18,'Champion Equipment Company','Rhonda',NULL,'Nelson','8140 East Rose Crans Avenue',NULL,NULL,'Paramount','CA','90723','rnelson@champion-equipment.com','562-634-8180','562-634-8180','Advertiser',NULL,1,3,2,1,'2017-07-11 08:48:52','2017-07-11 08:48:52'),(35,19,'0001','Robert',NULL,'Galbavy','P.O. Box 1140 805 East 31st Street',NULL,NULL,'La Grange Park','IL','60526','info@chemgrout.com','1-708-354-7112','1-708-354-7112','Advertiser',NULL,1,1,2,1,'2017-07-11 08:57:53','2017-07-11 08:57:53'),(36,19,'Robert J. Berns Advertising','Mark',NULL,'Berns','920 S. Seminary Avenue',NULL,NULL,'Park Ridge','IL','60068','robertjbernsadvertising@comcast.net','1-224-985-3167','1-224-985-3167','Agency',NULL,2,3,2,1,'2017-07-11 09:05:37','2017-07-11 09:05:37'),(37,20,'0001','Ben',NULL,'Dulton','166 Bentworth Ave.',NULL,NULL,'North York','ON','M6A 1P7','bdulton@ecanet.com','610-626-2200','610-626-2200','Advertiser',NULL,1,1,2,1,'2017-07-11 09:15:06','2017-07-11 09:15:06'),(38,20,'ECA Canada','Ben',NULL,'Dulton','166 Bentworth Ave.',NULL,NULL,'North York','ON','M6A 1P7','bdulton@ecanet.com','610-626-2200','610-626-2200','Advertiser',NULL,1,3,2,1,'2017-07-11 09:16:34','2017-07-11 09:16:34'),(39,21,'0001','Candice',NULL,'Ball','1700 - 360 Main St.',NULL,NULL,'Winnipeg','MB','R3C 3Z3','cball@fillmoreriley.com','204-957-8326','204-957-8326','Advertiser',NULL,1,1,2,1,'2017-07-11 09:24:06','2017-07-11 09:24:06'),(40,21,'Fillmore Riley, LLP','Candice',NULL,'Ball','1700 - 360 Main St.',NULL,NULL,'Winnipeg','MB','R3C 3Z3','cball@fillmoreriley.com','204-957-8326','204-957-8326','Advertiser',NULL,1,3,2,1,'2017-07-11 09:25:15','2017-07-11 09:25:15'),(41,22,'0001','Ariene',NULL,'Couwenberg','302 Main St. N.',NULL,NULL,'Acton','ON','L7J 1W9','acouwenberg@geo-foundations.com','888-846-7858','888-846-7858','Advertiser',NULL,1,1,2,1,'2017-07-11 09:47:43','2017-07-11 09:42:57'),(42,22,'Geo-Foundations Contractors Inc.','Jamie',NULL,'Moore','302 Main St. N.',NULL,NULL,'Acton','ON','L7J 1W9','jlmoore@kellerfoundations.com','410-551-8200','410-551-8200','Advertiser',NULL,1,3,2,1,'2017-07-11 09:48:39','2017-07-11 09:44:38'),(43,23,'0001','Bob',NULL,'Laurence','11916 Missouri Bottom Road',NULL,NULL,'Hazelwood','MO','63042','rlaurence@hammersteel.com','314-895-4600','314-895-4070','Advertiser',NULL,1,1,2,1,'2017-07-11 09:56:30','2017-07-11 09:56:30'),(44,23,'Hammer & Steel Inc.','Carolyn',NULL,'Leveling','11916 Missouri Bottom Road',NULL,NULL,'Hazelwood','MO','63042','cleveling@hammersteel.com','314-895-4600','314-895-4070','Advertiser',NULL,1,3,2,1,'2017-07-11 09:57:36','2017-07-11 09:57:36'),(45,24,'0001','Chris',NULL,'Polhamus','P.O. Box 15370',NULL,NULL,'Fort Wayne','IN','46885','chris.polhamus@jhspecialty.com','260-485-5264 ext118','260-969-0568','Agency',NULL,2,1,2,1,'2017-07-11 13:10:33','2017-07-11 13:10:33'),(46,24,'JH Specialty, Inc','Accounts',NULL,'Payable','P.O. Box 15370',NULL,NULL,'Fort Wayne','IN','46885','accounting@jhspecialty.com','260-465-5264 ext118','260-969-0568','Agency',NULL,2,3,2,1,'2017-07-11 13:16:45','2017-07-11 13:16:45'),(47,25,'0001','John',NULL,'Tassone','6226 West 74th St.',NULL,NULL,'Chicago','IL','60638','jtassone@independencetube.com','708-552-4101','708-552-4101','Advertiser',NULL,1,1,2,1,'2017-07-11 13:44:21','2017-07-11 13:44:15'),(48,25,'Independence Tube Corporation','John',NULL,'Tassone','6226 West 74th St.',NULL,NULL,'Chicago','IL','60638','jtassone@independencetube.com','708-552-4101','708-552-4101','Advertiser',NULL,1,3,2,1,'2017-07-11 13:45:56','2017-07-11 13:45:56'),(49,26,'0001','Warren',NULL,'Smith','3030 Rocky Point Drive W. Suite 150',NULL,NULL,'Tampa','FL','33607','info@iai-USA.com','877-219-1962','877-219-1962','Advertiser',NULL,1,1,2,1,'2017-07-11 13:51:09','2017-07-11 13:51:09'),(50,26,'International Attachements Inc.','Warren',NULL,'Smith','3030 Rocky Point Drive W. Suite 150',NULL,NULL,'Tampa','FL','33607','info@iai-USA.com','877-219-1962','877-219-1962','Advertiser',NULL,1,3,2,1,'2017-07-11 13:51:51','2017-07-11 13:51:51'),(51,27,'0001','Pollyanna',NULL,'Cunningham','301 Warehouse Dr.',NULL,NULL,'Matthews','NC','28104','pcunningham@iceusa.com','704-821-8200 ext101','704-821-8201','Advertiser',NULL,1,1,2,1,'2017-07-11 13:59:08','2017-07-11 13:59:08'),(52,27,'International Construction Equipment (ICE)','Accounts',NULL,'Payable','301 Warehouse Dr.',NULL,NULL,'Matthews','NC','28104','ap@iceusa.com','704-821-8200 ext101','704-821-8201','Advertiser',NULL,1,3,2,1,'2017-07-11 14:00:57','2017-07-11 14:00:57'),(53,28,'0001','Michelle',NULL,'Gazo','645 Angus St.',NULL,NULL,'Rural Hall','NC','27045','mgazo@idedrills.com','877-207-6062','877-207-60662','Advertiser',NULL,1,1,2,1,'2017-07-11 14:12:03','2017-07-11 14:10:51'),(54,28,'International Drilling Equipment','Michelle',NULL,'Gazo','645 Angus St.',NULL,NULL,'Rural Hall','NC','27045','mgazo@idedrills.com','877-207-6062','877-207-6062','Advertiser',NULL,1,3,2,1,'2017-07-11 14:11:58','2017-07-11 14:11:58'),(55,28,'Reuben Rink Marketing & Advertising','Michelle',NULL,'Samuel','939 Burke Street, Suite A',NULL,NULL,'Winston Salem','NC','27101','michelle@reubenrink.com','336-724-1766','336-724-1765','Agency',NULL,2,4,2,1,'2017-07-11 14:13:51','2017-07-11 14:13:51'),(56,29,'0001','Tracy',NULL,'Phifer','3841 Industrial Drive',NULL,NULL,'Birmingham','AL','35217','tracy@jeffreymachine.com','205-841-8600 ext114','205-841-2009 ext112','Advertiser',NULL,1,1,2,1,'2017-07-12 09:18:20','2017-07-12 09:18:20'),(57,29,'Jeffrey Machine Inc.','Cindy',NULL,'Wood','3841 Industrial Drive',NULL,NULL,'Birmingham','AL','35217','cwood@jeffreymachine.com','205-841-8600 ext114','205-841-2009','Advertiser',NULL,1,3,2,1,'2017-07-12 09:19:35','2017-07-12 09:19:35'),(58,29,'Joselove-Filson Advertising, Inc.','Ellen',NULL,'Locklear','300 Commercial Court, Suite D',NULL,NULL,'Savannah','GA','31406','mediabuyer@joselovefilson.com','912-353-7732-23','912-353-7732-23','Agency',NULL,2,4,2,1,'2017-07-12 09:22:36','2017-07-12 09:22:36'),(59,30,'0001','Anna',NULL,'Arnold','11515 Richard Rd.',NULL,NULL,'Churubusco','IN','46723','anna@jinnings.com','260-447-4343','260-447-4343','Adveertiser',NULL,1,1,2,1,'2017-07-12 12:56:40','2017-07-12 12:56:40'),(60,30,'Jinnings Equipment','Ap',NULL,'Ap','11515 Richard Rd.',NULL,NULL,'Churubusco','IN','46723','ap@jinnings.com','260-447-4343','260-447-4343','Advertiser',NULL,1,3,2,1,'2017-07-12 12:59:34','2017-07-12 12:59:34'),(61,31,'0001','Lois',NULL,'Valeskie','2200 Jerrold Ave., Suite K',NULL,NULL,'San Francisco','CA','94124-1034','lav.municon@att.net','415-641-2570','415-282-4097','Advertiser',NULL,1,1,2,1,'2017-07-12 13:16:40','2017-07-12 13:16:40'),(62,31,'Municon Consultants','Lois',NULL,'Valeskie','2200 Jerrold Ave., Suite K',NULL,NULL,'San Francisco','CA','94124-1034','lav.municon@att.net','415-641-2570','415-282-4097','Advertiser',NULL,1,3,2,1,'2017-07-12 13:18:05','2017-07-12 13:18:05'),(63,32,'0001','Brian',NULL,'Weller','7400 2nd Ave. South',NULL,NULL,'Seattle','WA','98108','bweller@pacoequip.com','206-762-3550','206-763-4232','Advertiser',NULL,1,1,2,1,'2017-07-12 13:33:46','2017-07-12 13:33:46'),(64,32,'PACO Ventures LLC','Brian',NULL,'Weller','7400 2nd Ave. South',NULL,NULL,'Seattle','WA','98108','bweller@pacoequip.com','206-762-3550','206-763-4232','Advertiser',NULL,1,3,2,1,'2017-07-12 13:35:40','2017-07-12 13:35:40'),(65,33,'0001','Kathryn',NULL,'Malm','500 E. Highway 10',NULL,NULL,'Laurens','IA','50554','kmalm@pengoattachments.com','712-841-7414','712-841-7414','Advertiser',NULL,1,1,2,1,'2017-07-12 13:50:23','2017-07-12 13:50:23'),(66,33,'Pengo','Kathryn',NULL,'Malm','500 E. Highway 10',NULL,NULL,'Laurens','IA','50554','kmalm@pengoattachments.com','712-841-7414','712-841-7414','Advertiser',NULL,1,3,2,1,'2017-07-12 13:54:35','2017-07-12 13:54:35'),(67,34,'0001','Darrell',NULL,'Hawk','BC Training Centre, 101 - 580 Ebury Place',NULL,NULL,'Delta','BC','V3M 6M8','dhawk@piledrivers2404.ca','604-526-2404','604-526-2446','Advertiser',NULL,1,1,2,1,'2017-07-12 14:00:59','2017-07-12 14:00:59'),(68,34,'Pile Drivers, Divers, Bridge, Dock and Wharf Builders Local 2404','Darrell',NULL,'Hawk','BC Training Centre, 101 - 580 Ebury Place',NULL,NULL,'Delta','BC','V3M 6M8','dhawk@piledrivers2404.ca','604-526-2404','624-526-2446','Advertiser',NULL,1,3,2,1,'2017-07-12 14:02:26','2017-07-12 14:02:26'),(69,35,'0001','Gretchen',NULL,'Tremmier','1451 Scenic Highway',NULL,NULL,'Rising Fawn','GA','30738','gt@vulcanhammer.com','706-398-1178','706-398-1188','Advertiser',NULL,1,1,2,1,'2017-07-12 14:13:17','2017-07-12 14:13:17'),(70,35,'Pile Hammer Equipment Corp','Gretchen',NULL,'Tremmier','1451 Scenic Highway',NULL,NULL,'Rising Fawn','GA','30738','gt@vulcanhammer.com','706-398-1178','706-398-1188','Advertiser',NULL,1,3,2,1,'2017-07-12 14:14:04','2017-07-12 14:14:04'),(71,36,'0001','Ben',NULL,'Docktor','750 - 333 11th Ave. SW',NULL,NULL,'Calgary','AB','T2R 1L9','benb.docktor@platinumgrover.com','403-237-7473','403-237-8271','Advertiser',NULL,1,1,2,1,'2017-07-13 06:59:15','2017-07-13 06:59:15'),(72,36,'Platinum Grover Int. Inc','Ben',NULL,'Docktor','750 - 333 11th Ave. SW',NULL,NULL,'Calgary','AB','T2R 1L9','benb.docktor@platinumgrover.com','403-221-7473','403-237-8271','Advertiser',NULL,1,3,2,1,'2017-07-13 07:00:17','2017-07-13 07:00:17'),(73,37,'0001','Accounts',NULL,'Payable','5011 Vernon Road',NULL,NULL,'Jacksonville','FL','32209','admin@pveusa.com','904-765-6686','904-765-6686','Advertiser',NULL,1,1,2,1,'2017-07-13 07:11:58','2017-07-13 07:10:12'),(74,37,'PVE Equipment USA','Accounts',NULL,'Payable','5011 Vernon Road',NULL,NULL,'Jacksonville','FL','32209','admin@pveusa.com','904-765-6686','904-765-6686','Advertiser',NULL,1,3,2,1,'2017-07-13 07:13:02','2017-07-13 07:13:02'),(75,38,'0001','David',NULL,'Delorme','639 W. Diversey Parkway, Suite 217',NULL,NULL,'Chicago','IL','60614','david.delorme@robit.fi','224-401-3974','224-401-3974','Advertiser',NULL,1,1,2,1,'2017-07-13 07:16:37','2017-07-13 07:16:37'),(76,38,'Robit Pic','David',NULL,'Delorme','639 W. Diversey Parkway, Suite 217',NULL,NULL,'Chicago','IL','60614','david.delorme@robit.fi','224-401-3974','224-401-3974','Advertiser',NULL,1,3,2,1,'2017-07-13 07:17:52','2017-07-13 07:17:52'),(77,39,'0001','Mario',NULL,'Roussel','A 4080 Belgreen Drive',NULL,NULL,'Ottawa','ON','K1G 3N2','mroussel@selix.ca','613-859-7403','613-859-7403','Advertiser',NULL,1,1,2,1,'2017-07-13 07:24:20','2017-07-13 07:24:20'),(78,39,'Selix Equipment Inc.','Mario',NULL,'Roussel','A 4080 Belgreen Drive',NULL,NULL,'Ottawa','ON','K1G 3N2','mroussel@selix.ca','613-859-7403','613-859-7403','Advertiser',NULL,1,3,2,1,'2017-07-13 07:25:16','2017-07-13 07:25:16'),(79,40,'0001','Sylvana',NULL,'Salgado','7380 Sand Lake Road, Suite 135',NULL,NULL,'Orlando','FL','32819','sylvana.salgado@skylinesteel.com','321-274-9285','973-795-4674','Advertiser',NULL,1,1,2,1,'2017-07-13 07:30:23','2017-07-13 07:30:23'),(80,40,'Skyline Steel, LLC','Sylvana',NULL,'Salgado','7380 Sand Lake Road, Suite 135',NULL,NULL,'Orlando','FL','32819','sylvana.salgado@skylinesteel.com','321-274-9285','973-795-4674','Advertiser',NULL,1,3,2,1,'2017-07-13 07:31:19','2017-07-13 07:31:19'),(81,41,'0001','Marco',NULL,'Chiarabelli','4015 South Fwy',NULL,NULL,'Fort Worth','TX','76110','m.chiarabelli@soilmec.it','281-885-0777','281-885-0777','Advertiser',NULL,1,1,2,1,'2017-07-13 08:31:41','2017-07-13 08:31:41'),(82,41,'Soilmec North America','Florenzo',NULL,'Perico','4015 South Fwy',NULL,NULL,'Fort Worth','TX','76110','f.perico@soilmec.it','281-885-0777','281-885-0777','Advertiser',NULL,1,3,2,1,'2017-07-13 08:33:12','2017-07-13 08:33:12'),(83,42,'0001','Joe',NULL,'Patterson','P.O. Box 1309',NULL,NULL,'Montrose','CO','81402','joe@teirockdrills.com','1-970-209-1778','1-970-209-1778','Advertiser',NULL,1,1,2,1,'2017-07-13 09:01:46','2017-07-13 09:01:46'),(84,42,'TEI Rock Drills','Mike',NULL,'Labato','P.O. Box 1309',NULL,NULL,'Montrose','CO','81402','mike@teirockdrills.com','1-970-209-1778','1-970-209-1778','Advertiser',NULL,1,3,2,1,'2017-07-13 09:03:51','2017-07-13 09:03:51'),(85,43,'0001','Debbie',NULL,'Finch','4015 S Freeway',NULL,NULL,'Fort Worth','TX','76110','debbie.finch@watsonusa.com','817-927-8486','817-927-8486','Advertiser',NULL,1,1,2,1,'2017-07-13 09:29:48','2017-07-13 09:29:48'),(86,43,'Watson Drill Rigs','Debbie',NULL,'Finch','4015 S Freeway',NULL,NULL,'Fort Worth','TX','76110','debbie.finch@watsonusa.com','817-927-8486','817-927-8486','Advertiser',NULL,1,3,2,1,'2017-07-13 09:30:46','2017-07-13 09:30:46'),(87,44,'0001','John',NULL,'Nunes','1346 Spruce St.',NULL,NULL,'Winnipeg','MB','R3E 2V7','john.nunes@abcosupply.com','204-631-1256','204-633-0639','Advertiser',NULL,1,1,2,1,'2017-08-14 08:29:10','2017-07-17 08:45:03'),(88,44,'Abco Supply & Services Ltd.','John',NULL,'Nunes','1346 Spruce St.',NULL,NULL,'Winnipeg','MB','R3E 2V7','john.nunes@abcosupply.com','204-631-1256','204-633-0639','Advertiser',NULL,1,3,2,1,'2017-08-14 08:30:11','2017-07-17 08:45:54'),(89,45,'0001','Todd',NULL,'Szafron','P.O. Box 20034',NULL,NULL,'Brandon','MB','R7A 6Y8','ableeaves2@hotmail.ca','204-725-2294','204-726-3333','Advertiser',NULL,1,1,2,1,'2017-08-14 08:33:10','2017-07-17 09:33:39'),(90,45,'Able Eavestroughing Ltd.','Todd',NULL,'Szafron','P.O. Box 20034',NULL,NULL,'Brandon','MB','R7A 6Y8','ableeaves2@hotmail.ca','204-725-2294','204-726-3333','Advertiser',NULL,1,3,2,1,'2017-08-14 08:33:57','2017-07-17 09:34:21'),(91,46,'0001','Tod',NULL,'Lacey','770 Highland Ave.',NULL,NULL,'Brandon','MB','R7C 1A7','tlacey@aats.ca','204-729-8989','204-727-1122','Advertiser',NULL,1,1,2,1,'2017-08-14 08:39:10','2017-07-17 09:56:09'),(92,46,'Advantage Auto and Trailer','Tod',NULL,'Lacey','770 Highland Ave.',NULL,NULL,'Brandon','MB','R7C 1A7','tlacey@aats.ca','204-729-8989','204-727-1122','Advertiser',NULL,1,3,2,1,'2017-08-14 08:38:49','2017-07-17 09:57:14'),(93,47,'0001','Aaron',NULL,'Johnson','24 Emery Dr.',NULL,NULL,'Flinflon','MB','R8A 1L2','aaron@ajsmaintenance.ca','306-688-3350','306-688-3351','Advertiser',NULL,1,1,2,1,'2017-08-14 08:44:49','2017-07-17 10:51:21'),(94,47,'AJ\'s Maintenance & Supply Ltd.','Aaron',NULL,'Johnson','24 Emery Dr.',NULL,NULL,'Flinflon','MB','R8A 1L2','aaron@ajsmaintenance.ca','306-688-3350','306-688-3351','Advertiser',NULL,1,3,2,1,'2017-08-14 08:47:29','2017-07-17 10:52:14'),(95,48,'0001','Jacques',NULL,'Beaulieu','1546 Wall Street',NULL,NULL,'Winnipeg','MB','R3E 2S4','alliedroofing@mts.net','204-791-3393','204-791-3393','Advertiser',NULL,1,1,2,1,'2017-08-14 08:50:55','2017-07-17 11:04:29'),(96,48,'Allied Roofing','Jacques',NULL,'Beaulieu','1546 Wall Street',NULL,NULL,'Winnipeg','MB','R3E 2S4','alliedroofing@mts.net','204-791-3393','204-791-3393','Advertiser',NULL,1,3,2,1,'2017-08-14 08:52:16','2017-07-17 11:05:15'),(97,49,'0001','Laura',NULL,'Lomow','Unit 202 - 226 Osborne St. N.',NULL,NULL,'Winnipeg','MB','R3C 1V4','laura@aqgroupsolutions.com','204-989-2006-22','204-989-2009','Advertiser',NULL,1,1,2,1,'2017-07-17 11:16:39','2017-07-17 11:16:39'),(98,49,'AQ Group Solutions','Laura',NULL,'Lomow','Unit 202 - 226 Osborne St. N.',NULL,NULL,'Winnipeg','MB','R3C 1V4','laura@aqgroupsolutions.com','204-989-2006-22','204-989-2009','Advertiser',NULL,1,3,2,1,'2017-07-17 11:17:47','2017-07-17 11:17:47'),(99,50,'0001','Jackie',NULL,'Jernigan','Box 48, RR#2 Group 200',NULL,NULL,'Winnipeg','MB','R3C 2E6','jackie@arnasons.ca','204-633-2567','204-694-5622','Advertiser',NULL,1,1,2,1,'2017-07-17 11:42:43','2017-07-17 11:42:43'),(100,50,'Arnason Industries Ltd.','Jackie',NULL,'Jernigan','Box 48, RR#2 Group 200',NULL,NULL,'Winnipeg','MB','R3C 2E6','jackie@arnasons.ca','204-633-2567','204-694-5622','Advertiser',NULL,1,3,2,1,'2017-07-17 11:43:59','2017-07-17 11:43:59'),(101,52,'0001','David',NULL,'Dulko','1055 Erin Street',NULL,NULL,'Winnipeg','MB','R3G 2X1','david.dulko@bird.ca','204-775-7141','204-775-7141','Advertiser',NULL,1,1,2,1,'2017-07-17 12:09:11','2017-07-17 12:09:11'),(102,52,'Bird Construction','David',NULL,'Dulko','1055 Erin Street',NULL,NULL,'Winnipeg','MB','R3G 2X1','david.dulko@bird.ca','204-775-7141','204-775-7141','Advertiser',NULL,1,3,2,1,'2017-07-17 12:10:30','2017-07-17 12:10:30'),(103,53,'0001','John',NULL,'Bockstael','1505 Dugald Rd.',NULL,NULL,'Winnipeg','MB','R2J 0H3','jbockstael@bockstael.com','204-233-7135','204-231-0979','Advertiser',NULL,1,1,2,1,'2017-07-17 12:17:34','2017-07-17 12:17:34'),(104,53,'Bockstael Construction Limited','John',NULL,'Bockstael','1505 Dugald Rd.',NULL,NULL,'Winnipeg','MB','R2J 0H3','jbockstael@bockstael.com','204-233-7135','204-231-0979','Advertiser',NULL,1,3,2,1,'2017-07-17 12:18:20','2017-07-17 12:18:20'),(105,54,'0001','Hasna',NULL,'Deluca','2850 Dollard Ave.',NULL,NULL,'LaSalle','QC','H8N 2V2','hdeluca@bpcan.com','514-364-7516','514-364-7516','Advertiser',NULL,1,1,2,1,'2017-07-17 12:24:44','2017-07-17 12:24:44'),(106,54,'BP Building Products of Canada Corp.','Hasna',NULL,'Deluca','2850 Dollard Ave.',NULL,NULL,'LaSalle','QC','H8N 2V2','hdeluca@bpcan.com','514-364-7516','514-364-7516','Advertiser',NULL,1,3,2,1,'2017-07-17 12:25:33','2017-07-17 12:25:33'),(107,55,'0001','Erik',NULL,'Bowman','#1 - Can Am Road, Box 9',NULL,NULL,'Margaret','MB','R0K 1J0','erik@canamerican.ca','1-866-776-2081','1-866-776-2081','Advertiser',NULL,1,1,2,1,'2017-07-17 13:30:46','2017-07-17 13:30:46'),(108,55,'Can-American Corrugating Co. Ltd.','Erik',NULL,'Bowman','#1 Can Rd., Box 9',NULL,NULL,'Margaret','MB','R0K 1J0','erik@canamerican.ca','1-866-776-2081','1-866-776-2081','Advertiser',NULL,1,3,2,1,'2017-07-17 13:31:42','2017-07-17 13:31:42'),(109,56,'0001','Claude',NULL,'Jacob','830 Douglas St.',NULL,NULL,'Brandon','MB','R7A 7B2','info@candoltd.com','204-726-4545','204-727-4100','Advertiser',NULL,1,1,2,1,'2017-07-17 14:17:33','2017-07-17 14:09:29'),(110,56,'Cando Rail Services Ltd.','Julie',NULL,'Pomehichuk','830 Douglas St.',NULL,NULL,'Brandon','MB','R7A 7B2','julie.pomehichuk@candoltd.com','204-726-4545','204-727-4100','Advertiser',NULL,1,3,2,1,'2017-07-17 14:18:24','2017-07-17 14:12:42'),(111,51,'0001','David',NULL,'Skromeda','11 Yard Street',NULL,NULL,'Winnipeg','MB','R2W 5J6','dave@bdrservices.ca','204-586-8227','204-582-3657','Advertiser',NULL,1,1,2,1,'2017-08-14 09:02:42','2017-08-14 09:02:42'),(112,51,'BDR Services Ltd.','David',NULL,'Skromeda','11 Yard Street',NULL,NULL,'Winnipeg','MB','R2W 5J6','dave@bdrservices.ca','2045868227','2045868227','Advertiser',NULL,1,3,2,1,'2017-08-14 09:03:20','2017-08-14 09:03:20'),(113,57,'0001','Bruce',NULL,'Chatterson','3238 Faithfull Ave.',NULL,NULL,'Saskatoon','SK','S7K 8H3','brucec@choicesupply.ca','306-657-2424','306-657-2424','Advertiser',NULL,1,1,2,1,'2017-08-15 13:55:21','2017-08-15 13:55:21'),(114,57,'Choice Electric Supply','Mike',NULL,'Skrumeda','3238 Faithfull Ave.',NULL,NULL,'Saskatoon','SK','S7K 8H3','mikes@choicesupply.ca','3066572424','3066572424','Advertiser',NULL,1,3,2,1,'2017-08-15 13:56:42','2017-08-15 13:56:42'),(115,58,'0001','Lois',NULL,'Morrow','525 10th St. E.',NULL,NULL,'Brandon','MB','R7A 7J6','cms@mymts.net','204-727-1666','204-728-1086','Advertiser',NULL,1,1,2,1,'2017-08-15 14:15:30','2017-08-15 14:15:30'),(116,58,'CMS Services Inc.','Lois',NULL,'Morrow','525 10th St. E.',NULL,NULL,'Brandon','MB','R7A 7J6','cms@mymts.net','2047271666','2047271666','Advertiser',NULL,1,3,2,1,'2017-08-15 14:16:03','2017-08-15 14:16:03'),(117,59,'0001','Andy',NULL,'Taylor','1800 Saskatchewan Ave. East',NULL,NULL,'Portage la Prairie','MB','R1N 4A1','andy@cobbes.ca','204-857-6833','204-239-6090','Advertiser',NULL,1,1,2,1,'2017-08-16 06:44:04','2017-08-16 06:44:04'),(118,59,'Cobbe\'s Plumbing & Heating Ltd.','Andy',NULL,'Taylor','1800 Saskatchewan Ave. East',NULL,NULL,'Portage la Prairie','MB','R1N 4A1','andy@cobbes.ca','2048576833','2048576833','Advertiser',NULL,1,3,2,1,'2017-08-16 06:44:58','2017-08-16 06:44:58'),(119,60,'0001','Jocelyne',NULL,'Dalebozik','Box 157',NULL,NULL,'Notre Dame','MB','R0G 1M0','gcg1@mymts.net','204-248-2418','204-248-2418','Advertiser',NULL,1,1,2,1,'2017-08-16 07:32:30','2017-08-16 07:32:30'),(120,60,'Collet Transport','Jocelyne',NULL,'Dalebozik','Box 157',NULL,NULL,'Notre Dame','MB','R0G 1M0','gcg1@mymts.net','204-248-2418','204-248-2418','Advertiser',NULL,1,3,2,1,'2017-08-16 07:34:01','2017-08-16 07:34:01'),(121,61,'0001','Mike',NULL,'Jones','1447 Waverley St.',NULL,NULL,'Winnipeg','MB','R3T 0P7','mike@constructionsafety.ca','204-775-3171','204-779-3505','Advertiser',NULL,1,1,2,1,'2017-08-16 07:38:11','2017-08-16 07:38:11'),(122,61,'Construction Safety Association of Manitoba','Megan',NULL,'Funnel','1447 Waverley St.',NULL,NULL,'Winnipeg','MB','R3T 0P7','megan@constructionsafety.ca','204-775-3171','204-779-3505','Advertiser',NULL,1,3,2,1,'2017-08-16 07:39:47','2017-08-16 07:39:47'),(123,62,'0001','Paul',NULL,'Crane','934 Douglas St.',NULL,NULL,'Brandon','MB','R7A 7B2','paul@cranesteel.com','204-725-3588','204-728-8354','Advertiser',NULL,1,1,2,1,'2017-08-16 08:39:09','2017-08-16 08:39:09'),(124,62,'Crane steel Structures Ltd.','Val',NULL,'Giesbrecht','934 Douglas St.',NULL,NULL,'Brandon','MB','R7A 7B2','paul@cranesteel.com','2047253588','2047253588','Advertiser',NULL,1,3,2,1,'2017-08-16 08:39:53','2017-08-16 08:39:53'),(125,63,'0001','Cory',NULL,'Vrooman','2 Fernwood Cres',NULL,NULL,'Brandon','MB','R7A 2J6','cory@cuttingedgehomes.ca','204-573-4662','204-573-4662','Advertiser',NULL,1,1,2,1,'2017-08-16 09:02:42','2017-08-16 09:02:42'),(126,63,'Cutting Edge Construction','Cory',NULL,'Vrooman','2 Fernwood Cres',NULL,NULL,'Brandon','MB','R7A 2J6','cory@cuttingedgehomes.ca','2045734662','2045734662','Advertiser',NULL,1,3,2,1,'2017-08-16 09:04:10','2017-08-16 09:04:10'),(127,64,'0001','Val',NULL,'Hutsal','B - 435 Rosser Avenue',NULL,NULL,'Brandon','MB','R7A 0K4','val@dickagencies.ca','204-727-6481','204-727-1454','Advertiser',NULL,1,1,2,1,'2017-08-16 13:00:59','2017-08-16 13:00:59'),(128,64,'Dick Agencies Insurance Brokers','Val',NULL,'Hutsal','B - 435 Rosser Avenue',NULL,NULL,'Brandon','MB','R7A 0K4','val@dickagencies.ca','2047276481','2047276481','Advertiser',NULL,1,3,2,1,'2017-08-16 13:01:28','2017-08-16 13:01:28'),(129,65,'0001','Brent',NULL,'Penner','Box 126, 100 2nd St.',NULL,NULL,'Rosenort','MB','R0G 1W0','dci@duracon.ca','204-746-8822','204-746-8248','Advertiser',NULL,1,1,2,1,'2017-08-16 13:25:51','2017-08-16 13:25:51'),(130,65,'Dura-Con Industries Ltd.','Mark',NULL,'Hiebert','Box 126, 100 2nd St.',NULL,NULL,'Rosenort','MB','R0G 1W0','dci@duracon.ca','2047468822','2047468822','Advertiser',NULL,1,3,2,1,'2017-08-16 13:27:03','2017-08-16 13:27:03'),(131,66,'0001','Delbert',NULL,'Friesen','Box 4236, 300 St. Peter St.',NULL,NULL,'Arborg','MB','R0C 0A0','delbert@earthmax.ca','204-641-1641','204-480-1683','Advertiser',NULL,1,1,2,1,'2017-08-25 12:22:54','2017-08-25 12:22:54'),(132,66,'Earth Max Construction Inc.','Delbert',NULL,'Friesen','Box 4236, 300 St. Peter St.',NULL,NULL,'Arborg','MB','R0C 0A0','delbert@earthmax.ca','204-641-1641','204-480-683','Advertiser',NULL,1,3,2,1,'2017-08-25 12:24:00','2017-08-25 12:24:00'),(133,67,'0001','Gord',NULL,'Kaluzniak','1512 Park St.',NULL,NULL,'Brandon','MB','R7A 7E8','gordk@eastsideventilation.ca','204-728-8070','204-728-8961','Advertiser',NULL,1,1,2,1,'2017-08-25 12:52:56','2017-08-25 12:52:56'),(134,67,'East Side Ventilation','Gord',NULL,'Kaluzniak','1512 Park St.',NULL,NULL,'Brandon','MB','R7A 7E8','gordk@eastsideventilation.ca','204-728-8070','204-728-8961','Advertiser',NULL,1,3,2,1,'2017-08-25 13:03:16','2017-08-25 13:03:16'),(135,68,'0001','Darren',NULL,'Gourley','525 Stephens Ave.',NULL,NULL,'Portage la Prairie','MB','R1N 4A3','ellwoodm@ellwoodmcrorie.ca','204-857-5871','204-239-1205','Advertiser',NULL,1,1,2,1,'2017-08-25 13:16:23','2017-08-25 13:16:23'),(136,68,'Ellwood-McRorie Ltd.','Darren',NULL,'Gourley','525 Stephens Ave.',NULL,NULL,'Portage la Prairie','MB','R1N 4A3','ellwoodm@ellwoodmcrorie.ca','204-857-5871','204-239-1205','Advertiser',NULL,1,3,2,1,'2017-08-25 13:18:05','2017-08-25 13:18:05'),(137,69,'0001','Randy',NULL,'Woods','343 Park Ave. E.',NULL,NULL,'Brandon','MB','R7A 7A6','rwoods@emcoltd.com','204-571-3470','204-571-3470','Advertiser',NULL,1,1,2,1,'2017-08-25 13:34:35','2017-08-25 13:34:35'),(138,69,'Emco Waterworks','Randy',NULL,'Woods','343 Park Ave. E.',NULL,NULL,'Brandon','MB','R7A 7A6','rwoods@emcoltd.com','204-571-3470','204-571-3470','Advertiser',NULL,1,3,2,1,'2017-08-25 13:35:25','2017-08-25 13:35:25'),(139,70,'0001','Ronnie',NULL,'Wills','10700 Tower Oaks Boulevard',NULL,NULL,'Houston','TX','77070','ronnie@aggregatetechnologies.com','281-579-7229','281-579-8578','Advertiser',NULL,1,1,2,1,'2017-08-28 14:06:29','2017-08-28 14:06:29'),(140,70,'Aggregate Technologies','Ronnie',NULL,'Wills','10700 Tower Oaks Boulevard',NULL,NULL,'Houston','TX','77070','ronnie@aggregatetechnologies.com','281-579-7229','281-579-8578','Advertiser',NULL,1,3,2,1,'2017-08-28 14:08:12','2017-08-28 14:08:12'),(141,72,'0001','Chris',NULL,'Denny','12317 Aimeda Road',NULL,NULL,'Houston','TX','77045','chris@leadoptimize.com','832-628-0987','832-628-0987','Advertiser',NULL,1,1,2,1,'2017-08-29 07:39:15','2017-08-29 07:39:15'),(142,72,'American Pole and Timber','Chris',NULL,'Denny','12317 Aimeda Road',NULL,NULL,'Houston','TX','77045','chris@leadoptimize.com','832-628-0987','832-628-0987','Advertiser',NULL,1,3,2,1,'2017-08-29 07:40:53','2017-08-29 07:40:53'),(143,73,'0001','Stuart',NULL,'Clouatre','400 Lafayette Street, Suite 100',NULL,NULL,'New Orleans','LA','70130','stuart.clouatre@apcconstruction.com','225-317-4742','504-324-0777','Advertiser',NULL,1,1,2,1,'2017-08-30 07:45:52','2017-08-30 07:45:52'),(144,73,'APC Construction, LLC','Stuart',NULL,'Clouatre','400 Lafayette Street, Suite 100',NULL,NULL,'New Orleans','LA','70130','stuart.clouatre@apcconstruction.com','225-317-4742','504-324-0777','Advertiser',NULL,1,3,2,1,'2017-08-30 07:46:35','2017-08-30 07:46:35'),(145,74,'0001','Jeremy',NULL,'Clark','100 N. FM 3083 East',NULL,NULL,'Conroe','TX','77303','jclark@bauerpileco.com','713-699-7645','713-699-7695','Advertiser',NULL,1,1,2,1,'2017-08-30 13:01:57','2017-08-30 13:01:57'),(146,74,'Bauer-Pileco Inc.','Jeremy',NULL,'Clark','100 N. FM 3083 East',NULL,NULL,'Conroe','TX','77303','jclark@bauerpileco.com','713-699-7645','713-699-7695','Advertiser',NULL,1,3,2,1,'2017-08-30 13:09:33','2017-08-30 13:09:33'),(147,75,'0001','Greg',NULL,'Morrill','P.O. Box 387',NULL,NULL,'Astoria','OR','97103','gmorrill@bergerson-const.com','503-325-7130','503-325-0174','Advertiser',NULL,1,1,2,1,'2017-08-30 13:28:21','2017-08-30 13:28:21'),(148,75,'Bergerson Construction','Terri',NULL,'Opsahl','P.O. Box 387',NULL,NULL,'Astoria','OR','97103','terrio@bergerson-const.com','503-325-7130','503-325-0174','Advertiser',NULL,1,3,2,1,'2017-08-30 13:31:25','2017-08-30 13:31:25'),(149,77,'0001','Janan',NULL,'Oslanski','3801 - 53 Ave.',NULL,NULL,'Lacombe','AB','T4L 2L6','janan@canadianpile.com','888-466-4116','403-885-5790','Advertiser',NULL,1,1,2,1,'2017-08-31 08:12:33','2017-08-31 08:12:33'),(150,77,'Canadian Pile Driving Equipment Inc. - MEMBER ACCOUNT','Janan',NULL,'Oslanski','3801 - 53 Ave.',NULL,NULL,'Lacombe','AB','T4L 2L6','janan@canadianpile.com','888-466-4116','403-885-5790','Advertiser',NULL,1,3,2,1,'2017-08-31 08:13:58','2017-08-31 08:13:58'),(151,78,'0001','Jim',NULL,'Zebris','203-755 South Service Rd.',NULL,NULL,'Stoney Creek','ON','L8E 5Z2','jzebris@cappco.com','216-341-1366','216-341-1366','Advertiser',NULL,1,1,2,1,'2017-08-31 08:46:34','2017-08-31 08:46:34'),(152,78,'Cappco Tubular Products, Inc.','Jim',NULL,'Zebris','203-755 South Service Rd.',NULL,NULL,'Stoney Creek','ON','L8E 5Z2','jzebris@cappco.com','216-341-1366','216-341-1366','Advertiser',NULL,1,3,2,1,'2017-08-31 08:50:34','2017-08-31 08:50:34'),(153,79,'0001','Mike',NULL,'Hamm','4805 Scooby Ln.',NULL,NULL,'Carroll','OH','43112','m.hamm@companywrench.com','740-654-6027','740-654-6207','Advertiser',NULL,1,1,2,1,'2017-08-31 09:32:36','2017-08-31 09:32:36'),(154,79,'Company Wrench - MEMBER ACCOUNT','Mike',NULL,'Hamm','4805 Scooby Ln.',NULL,NULL,'Carroll','OH','43112','m.hamm@companywrench.com','740-654-6027','740-654-6207','Advertiser',NULL,1,3,2,1,'2017-08-31 09:33:48','2017-08-31 09:33:48'),(155,80,'0001','Harold',NULL,'Minty','Box 270',NULL,NULL,'Onanole','MB','R0J 1N0','mintys@mts.net','204-848-2552','204-848-2552','Advertiser',NULL,1,1,2,1,'2017-09-01 08:14:56','2017-09-01 08:14:56'),(156,80,'Canada Bridge - NON-MEMBER ACCOUNT','Harold',NULL,'Minty','Box 270',NULL,NULL,'Onanole','MB','R0J 1N0','mintys@mts.net','204-848-2552','204-848-2552','Advertiser',NULL,1,3,2,1,'2017-09-01 08:15:34','2017-09-01 08:15:34'),(157,81,'0001','Carmen',NULL,'Duncan','P.O. Box 87',NULL,NULL,'Spy Hill','SK','S0A 3W0','carmen.cdc@sasktel.net','306-534-2095','306-534-2137','Advertiser',NULL,1,1,2,1,'2017-09-01 08:43:42','2017-09-01 08:43:42'),(158,81,'C. Duncan Construction Ltd.','Carmen',NULL,'Duncan','P.O. Box 87',NULL,NULL,'Spy Hill','SK','S0A 3W0','carmen.cdc@sasktel.net','306-534-2095','306-534-2137','Advertiser',NULL,1,3,2,1,'2017-09-01 08:44:28','2017-09-01 08:44:28'),(159,82,'0001','Pete',NULL,'Gerrard','11458 Winterburn Road',NULL,NULL,'Edmonton','AB','T5S 2Y3','pete@bargerparts.com','780-438-6700','780-438-6711','Advertiser',NULL,1,1,2,1,'2017-09-01 09:04:52','2017-09-01 09:04:52'),(160,82,'Barger Parts Inc.','Pete',NULL,'Gerrard','11458 Winterburn Road',NULL,NULL,'Edmonton','AB','T5S 2Y3','pete@bargerparts.com','780-438-6700','780-438-6711','Advertiser',NULL,1,3,2,1,'2017-09-01 09:05:36','2017-09-01 09:05:36'),(161,83,'0001','Doug',NULL,'Schlosser','P.O. Box 418',NULL,NULL,'Punnichy','SK','S0A 3C0','bigrocktrucking@aski.ca','306-835-2427','306-835-2437','Advertiser',NULL,1,1,2,1,'2017-09-01 09:15:59','2017-09-01 09:15:16'),(162,83,'Big Rock Trucking','Doug',NULL,'Schlosser','P.O. Box 418',NULL,NULL,'Punnichy','SK','S0A 3C0','bigrocktrucking@aski.ca','306-835-2427','306-835-2437','Advertiser',NULL,1,3,2,1,'2017-09-01 09:17:26','2017-09-01 09:17:26'),(163,84,'0001','Mike ',NULL,'Shinn','1441 Fleury St.',NULL,NULL,'Regina','SK','S4N 7N5','mikeshinn@queencityexcavating.ca','306-569-9990','NA','NA',NULL,1,1,2,1,'2017-09-01 09:23:01','2017-09-01 09:23:01'),(164,84,'Queen City Excavating Inc.','Dustin ',NULL,'Hassman','1441 Fleury St.',NULL,NULL,'Regina','SK','S4N 7N5','dustinhassman@queencityexcavating.ca','306-527-9551','NA','NA',NULL,1,3,2,1,'2017-09-01 09:24:46','2017-09-01 09:24:46'),(165,85,'0001','Jennifer',NULL,'Short','P.O. Box 1924 - 327 Mill St.',NULL,NULL,'Regina','SK','S4P 3C2','jenn@blsasphalt.com','306-775-0080','306-775-2267','Advertiser',NULL,1,1,2,1,'2017-09-01 11:31:47','2017-09-01 11:31:47'),(166,85,'BLS Asphalt Inc.','Jennifer',NULL,'Short','P.O. Box 1924 - 327 Mill St.',NULL,NULL,'Regina','SK','S4P 3C2','jenn@blsasphalt.com','306-775-0080','306-775-2267','Advertiser',NULL,1,3,2,1,'2017-09-01 11:32:28','2017-09-01 11:32:28'),(167,86,'0001','Geoff',NULL,'Wheeliker','Unit 30 - 235105 Wrangler Drive',NULL,NULL,'Rocky View','AB','T1X 0K3','geoff@chieftainequipment.com','403-896-5607','403-896-5607','Advertiser',NULL,1,1,2,1,'2017-09-01 12:05:42','2017-09-01 12:05:42'),(168,86,'Chieftain Equipment','Geoff',NULL,'Wheeliker','Unit 30 - 235105 Wrangler Drive',NULL,NULL,'Rocky View','AB','T1X 0K3','geoff@chieftainequipment.com','403-896-5607','403-896-5607','Advertiser',NULL,1,3,2,1,'2017-09-01 12:11:12','2017-09-01 12:11:12'),(169,87,'0001','Toby',NULL,'Thorp','340 Maxwell Crescent',NULL,NULL,'Regina','SK','S4N 5Y5','toby_thorp@clifton.ca','306-721-7611','306-721-8128','Advertiser',NULL,1,1,2,1,'2017-09-01 12:54:48','2017-09-01 12:54:48'),(170,87,'Clifton Associates Ltd.','Toby',NULL,'Thorp','Maxwell Crescent',NULL,NULL,'Regina','SK','S4N 5Y5','toby_thorp@clifton.ca','306-721-7611','306-721-8128','Advertiser',NULL,1,3,2,1,'2017-09-01 13:02:32','2017-09-01 13:02:32'),(171,88,'0001','Anthony',NULL,'Rossi','949 Wilson Ave.',NULL,NULL,'Toronto','ON','M3K 1G2','arossi@cocogroup.com','416-633-9670','416-633-6765','Advertiser',NULL,1,1,2,1,'2017-09-05 08:41:43','2017-09-05 08:41:43'),(172,88,'Coco Paving Inc.','Anthony',NULL,'Rossi','949 Wilson Ave.',NULL,NULL,'Toronto','ON','M3K 1G2','arossi@cocogroup.com','416-633-9670','416-633-6765','Advertiser',NULL,1,3,2,1,'2017-09-05 08:42:15','2017-09-05 08:42:15'),(173,89,'0001','Wade',NULL,'Buehler','4409 Glenmore Trail',NULL,NULL,'Southeast Calgary','AB','T2C 2R8','wbuehler@elrus.com','403-279-7741','403-236-5151','Advertiser',NULL,1,1,2,1,'2017-09-05 09:33:59','2017-09-05 09:33:59'),(174,89,'ELRUS Aggregate Systems','Wade',NULL,'Buehler','4409 Glenmore Trail',NULL,NULL,'Southeast Calgary','AB','T2C 2R8','wbuehler@elrus.com','403-279-7741','403-236-5151','Advertiser',NULL,1,3,2,1,'2017-09-05 09:34:40','2017-09-05 09:34:40'),(175,90,'0001','Clint',NULL,'Kimery','682 Adams Street',NULL,NULL,'Regina','SK','S4N 6R8','gunner@accesscomm.ca','306-775-2626','306-775-2626','Advertiser',NULL,1,1,2,1,'2017-09-05 09:45:24','2017-09-05 09:45:24'),(176,90,'Gunner Corp','Clint',NULL,'Kimery','682 Adams Street',NULL,NULL,'Regina','SK','S4N 6R8','gunner@accesscomm.ca','306-775-2626','306-775-2626','Advertiser',NULL,1,3,2,1,'2017-09-05 09:46:07','2017-09-05 09:46:07'),(177,91,'0001','David',NULL,'Wallwin','1179 Kapelus Drive',NULL,NULL,'West St. Paul','MB','R4A 5A8','dwallwin@rancangroup.com','800-668-2490-2001','800-665-2490-2001','Advertiser',NULL,1,1,2,1,'2017-09-05 09:53:12','2017-09-05 09:53:12'),(178,91,'Handy Hitch Mfg. Inc.','David',NULL,'Wallwin','1179 Kapelus Drive',NULL,NULL,'West St. Paul','MB','R4A 5A8','dwallwin@rancangroup.com','800-665-2490-2001','800-66','Advertiser',NULL,1,3,2,1,'2017-09-05 09:54:00','2017-09-05 09:54:00'),(179,92,'0001','Eric',NULL,'Clark','2nd Floor, The Assiniboia Club Building',NULL,NULL,'Regina','SK','S4P 0R3','ericclark@pfm.ca','306-791-2113','306-791-2113','Advertiser',NULL,1,1,2,1,'2017-09-05 11:07:45','2017-09-05 11:07:45'),(180,92,'PFM Capital','Michael',NULL,'Truong','2nd Floor, The Assiniboia Club Building',NULL,NULL,'Regina','SK','S4P 0R3','ericclark@pfm.ca','306-791-2113','306-791-2113','Advertiser',NULL,1,3,2,1,'2017-09-05 11:08:47','2017-09-05 11:08:47'),(181,93,'0001','Darren',NULL,'Mirau','#108 - 2366 Avenue C. North',NULL,NULL,'Saskatoon','SK','S7L 5X5','ovc@saosk.ca','306-652-2069','306-652-2069','Advertiser',NULL,1,1,2,1,'2017-09-05 11:19:03','2017-09-05 11:19:03'),(182,93,'Saskatchewan Association of Optometrists','Darren',NULL,'Mirau','#108 - 2366 Avenue C. North',NULL,NULL,'Saskatoon','SK','S7L 5X5','ovc@saosk.ca','306-652-2069','306-652-2069','Advertiser',NULL,1,3,2,1,'2017-09-05 11:20:47','2017-09-05 11:20:47'),(183,94,'0001','Gayl',NULL,'Punzalan','701 Henry Ave.',NULL,NULL,'Winnipeg','MB','R3E 1T9','info@lesterpublications.com','8889532189','8889532189','Lester Communications Inc.',NULL,1,1,2,1,'2017-09-06 07:28:43','2017-09-06 07:28:43'),(184,94,'Lester Communications Inc.','Mark',NULL,'Aquino','701 Henry Ave.',NULL,NULL,'Winnipeg','MB','R3E 1T9','info@lesterpublications.com','8889532189','8889532189','Lester Communications Inc.',NULL,1,3,2,1,'2017-09-06 07:28:58','2017-09-06 07:28:58'),(185,95,'0001','Carolyn',NULL,'Bergen','433-20th Street West',NULL,NULL,'Saskatoon','SK','S7M 0X3','cbergen@mgmcommunications.com','306-777-9431','306-777-9431','Advertiser',NULL,1,1,2,1,'2017-09-06 08:27:23','2017-09-06 08:27:23'),(186,95,'SaskEnergy','Leslie',NULL,'Gosselin','433-20th Street West',NULL,NULL,'Saskatoon','SK','S7M 0X3','lgosselin@saskenergy.com','306-777-9822','306-777-9822','Advertiser',NULL,1,3,2,1,'2017-09-06 08:28:19','2017-09-06 08:28:19'),(187,96,'0001','Tracey',NULL,'Quintyn','P.O. Box 521 Stn. Main',NULL,NULL,'Weyburn','SK','S4H 2K3','accounting@sviprecast.com','306-842-5854','306-842-1011','Advertiser',NULL,1,1,2,1,'2017-09-06 08:55:39','2017-09-06 08:55:39'),(188,96,'Souris Valley Industries','Tracey',NULL,'Quintyn','P.O. Box 521 Stn. Main',NULL,NULL,'Weyburn','SK','S4H 2K3','accounting@sviprecast.com','306-842-5854','306-842-1011','Advertiser',NULL,1,3,2,1,'2017-09-06 08:56:28','2017-09-06 08:56:28'),(189,97,'0001','Steve',NULL,'Wheatcroft','Unit 2 285059 Frontier Road',NULL,NULL,'Rocky View','AB','T1X 0R4','swheacroft@spectrumequipment.ca','403-235-5353 ext. 102','403-235-5353 ext. 102','Advertiser',NULL,1,1,2,1,'2017-09-06 09:57:55','2017-09-06 09:57:55'),(190,97,'Spectrum Equipment','Steve',NULL,'Wheatcroft','Unit 2 285059 Frontier Road',NULL,NULL,'Rocky View','AB','T1X 0R4','swheacroft@spectrumequipment.ca','403-235-5353 ext. 102','403-235-5353 ext. 102','Advertiser',NULL,1,3,2,1,'2017-09-06 09:58:52','2017-09-06 09:58:52'),(191,98,'0001','Brittany',NULL,'Jorgensen','18104 - 111 Ave.',NULL,NULL,'Edmonton','AB','T5S 2R1','rentals2@terrafirmaequipment.com','780-452-0606','780-452-0606','Advertiser',NULL,1,1,2,1,'2017-09-06 13:52:08','2017-09-06 13:52:08'),(192,98,'Terrafirma Equipment Sales & Rentals Inc.','Brittany',NULL,'Jorgensen','18104 - 111 Ave.',NULL,NULL,'Edmonton','AB','T5S 2R1','rentals2@terrafirmaequipment.com','780-452-0606','780-452-0606','Advertiser',NULL,1,3,2,1,'2017-09-06 13:52:54','2017-09-06 13:52:54'),(193,99,'0001','Brian',NULL,'Brown','P.O. Box 890, Highway #1 East',NULL,NULL,'Regina','SK','S4P 3B1','bbrown@westconequip.ca','306-359-7273','306-359-7273','Advertiser',NULL,1,1,2,1,'2017-09-07 06:30:57','2017-09-07 06:30:57'),(194,99,'Westcon Equipment & Rentals Ltd.','Debra',NULL,'Fraser','P.O. Box 890, Highway #1 East',NULL,NULL,'Regina','SK','S4P 3B1','debraf@westconequip.ca','306-359-7273','306-359-7273','Advertiser',NULL,1,3,2,1,'2017-09-07 06:31:59','2017-09-07 06:31:59'),(195,100,'0001','Steven',NULL,'Gehlen','Box 248',NULL,NULL,'Lashburn','SK','S0M 1H0','sgehlen@sasktel.net','306-285-2435','306-285-2436','Advertiser',NULL,1,1,2,1,'2017-09-08 06:48:27','2017-09-08 06:48:27'),(196,100,'Resource Management International Inc.','Valerie',NULL,'Gehlen','Box 248',NULL,NULL,'Lashburn','SK','S0M 1H0','vgehlen@rmii.ca','306-285-2435','306-285-2436','Advertiser',NULL,1,3,2,1,'2017-09-08 06:49:29','2017-09-08 06:49:29'),(197,101,'0001','Leah',NULL,'Widynowski','10235 180 Street NW.',NULL,NULL,'Edmonton','AB','T5S 1C1','lwidynowski@catrents.ca','780-989-7745','780-989-7745','Advertiser',NULL,1,1,2,1,'2017-09-08 07:07:01','2017-09-08 07:07:01'),(198,101,'The Cat Rental Store','Leah',NULL,'Widynowski','10235 180 Street NW.',NULL,NULL,'Edmonton','AB','T5S 1C1','lwidynowski@catrents.ca','780-989-7745','780-989-7745','Advertiser',NULL,1,3,2,1,'2017-09-08 07:07:42','2017-09-08 07:07:42'),(199,102,'0001','Kristine',NULL,'Miller','Box 758',NULL,NULL,'Crossfield','AB','T0M 0S0','reception@tyalta.com','403-946-4860','403-946-5191','Advertiser',NULL,1,1,2,1,'2017-09-08 07:15:17','2017-09-08 07:15:17'),(200,102,'Tyalta Industries Inc.','Kristine',NULL,'Miller','Box 758',NULL,NULL,'Crossfield','AB','T0M 0S0','reception@tyalta.com','403-946-4860','403-946-5191','Advertiser',NULL,1,3,2,1,'2017-09-08 07:16:04','2017-09-08 07:16:04'),(201,103,'0001','Arleigh',NULL,'Mouck','1036 Waverley St.',NULL,NULL,'Winnipeg','MB','R3T 0P3','amouck@groupwd.com','204-896-1333','204-896-6969','Advertiser',NULL,1,1,2,1,'2017-09-08 07:19:44','2017-09-08 07:19:44'),(202,103,'WD Industrial Group','Morgan',NULL,'Pooles','1036 Waverley St.',NULL,NULL,'Winnipeg','MB','R3T 0P3','mpooles@groupwd.com','204-896-1333','204-896-6969','Advertiser',NULL,1,3,2,1,'2017-09-08 07:20:29','2017-09-08 07:20:29'),(203,104,'0001','Brian',NULL,'Rogers','P.O. Box 2472',NULL,NULL,'Birmingham','AL','35201','brogers@consolidatedpipe.com','205-323-7261','205-323-7261','Advertiser',NULL,1,1,2,1,'2017-09-08 09:11:28','2017-09-08 09:11:28'),(204,104,'Consolidated Pipe & Supply, Inc. - MEMBER ACCOUNT','Brian',NULL,'Rogers','P.O. Box 2472',NULL,NULL,'Birmingham','AL','35201','brogers@consolidatedpipe.com','205-323-7261','205-323-7261','Advertiser',NULL,1,3,2,1,'2017-09-08 09:14:48','2017-09-08 09:14:48'),(205,105,'0001','Karen',NULL,'Countiss','711 East Ordnance Road',NULL,NULL,'Baltimore','MD','21226-1741','kcountiss@cormanconstruction.com','410-792-9400 ext. 219','410-792-9400 ext. 219','Advertiser',NULL,1,1,2,1,'2017-09-08 10:34:59','2017-09-08 10:34:59'),(206,105,'Corman Marine Construction - MEMBER ACCOUNT','Karen',NULL,'Countiss','711 East Ordnance Road',NULL,NULL,'Baltimore','MD','21226-1741','kcountiss@cormanconstruction.com','410-792-9400 ext. 219','410-792-9400 ext. 219','Advertiser',NULL,1,3,2,1,'2017-09-08 10:35:50','2017-09-08 10:35:50'),(207,106,'0001','Keith',NULL,'Harris','P.O. Box 1124',NULL,NULL,'Orangeburg','SC','29116','kharris@coxwood.com','803-928-5096','803-928-5096','Advertiser',NULL,1,1,2,1,'2017-09-08 11:33:19','2017-09-08 11:33:19'),(208,106,'Cox Industries - MEMBER ACCOUNT','Keith',NULL,'Harris','P.O. Box 1124',NULL,NULL,'Orangeburg','SC','29116','kharris@coxwood.com','803-928-5096','803-928-5096','Advertiser',NULL,1,3,2,1,'2017-09-08 11:34:08','2017-09-08 11:34:08'),(209,107,'0001','Brad',NULL,'Bowser','1900 Kansas City Road',NULL,NULL,'Olathe','KS','66061','bradbowser@ramseyindustries.com','913-782-1238','913-815-3414','Advertiser',NULL,1,1,2,1,'2017-09-11 12:03:30','2017-09-11 12:03:30'),(210,107,'Eskridge, Inc. - MEMBER ACCOUNT','Brad',NULL,'Bowser','1900 Kansas City Road',NULL,NULL,'Olathe','KS','66061','bradbowser@ramseyindustries.com','913-782-1238','913-815-3414','Advertiser',NULL,1,3,2,1,'2017-09-11 12:04:27','2017-09-11 12:04:27'),(211,108,'0001','Dermont',NULL,'Fallon','P.O. Box 97, 81 Big Break Road',NULL,NULL,'Oakley','CA','94561','dfallon@foundationpile.com','925-754-6633 ext. 125','925-625-5783','Advertiser',NULL,1,1,2,1,'2017-09-11 12:46:48','2017-09-11 12:46:48'),(212,108,'Foundation Constructors Inc. - MEMBER ACCOUNT','Sarah',NULL,'McDaniel','P.O. Box 97, 81 Big Break Road',NULL,NULL,'Oakley','CA','94561','smcdaniel@foundationpile.com','925-754-6633 ext. 129','925-625-5783','Advertiser',NULL,1,3,2,1,'2017-09-11 12:49:31','2017-09-11 12:49:31'),(213,109,'0001','Chris',NULL,'Lowe','1111 Cavalier Boulevard',NULL,NULL,'Chesapeake','VA','23323','clowe@geoquip.biz','757-485-5631','757-485-5631','Advertiser',NULL,1,1,2,1,'2017-09-11 13:06:38','2017-09-11 13:06:38'),(214,109,'GeoQuip','Martin',NULL,'Terwilliger','1111 Cavalier Boulevard',NULL,NULL,'Chesapeake','VA','23323','martin@geoquip.biz','757-485-2500','757-485-5631','Advertiser',NULL,1,3,2,1,'2017-09-11 13:10:45','2017-09-11 13:10:45'),(215,110,'0001','Shigeru',NULL,'Kambe','5770 Hoffner Ave. Suite 101',NULL,NULL,'Orlando','FL','32822','skambe@gikenamerica.com','407-380-3232','407-380-9411','Advertiser',NULL,1,1,2,1,'2017-09-11 13:18:12','2017-09-11 13:18:12'),(216,110,'Giken America Corp.','Shigeru',NULL,'Kambe','5770 Hoffner Ave. Suite 101',NULL,NULL,'Orlando','FL','32822','skambe@gikenamerica.com','407-380-3232','407-380-9411','Advertiser',NULL,1,3,2,1,'2017-09-11 13:19:20','2017-09-11 13:19:20'),(217,111,'0001','Diane',NULL,'Fischer','30725 Aurora Road',NULL,NULL,'Cleveland','OH','44139','dfischer@pile.com','216-831-6131 ext. 179','216-831-0916','Advertiser',NULL,1,1,2,1,'2017-09-11 13:28:11','2017-09-11 13:28:11'),(218,111,'GRL Engineeers, Inc.','Diane',NULL,'Fischer','30725 Aurora Road',NULL,NULL,'Cleveland','OH','44139','dfischer@pile.com','216-831-6131 ext. 179','216-831-0916','Advertiser',NULL,1,3,2,1,'2017-09-11 13:29:30','2017-09-11 13:29:30'),(219,112,'0001','Jake ',NULL,'Fuellhart','415 Holiday Drive',NULL,NULL,'Pittsburgh','PA','15220','jfuellhart@lbfoster.com','412-928-5645','412-928-5645','Advertiser',NULL,1,1,2,1,'2017-09-13 07:57:45','2017-09-13 07:57:45'),(220,112,'L.B. Foster - NON-MEMBER ACCOUNT','Phil',NULL,'Wright','415 Holiday Drive',NULL,NULL,'Pittsburgh','PA','15220','pwright@lbfoster.com','678-926-5217','678-926-5217','Advertiser',NULL,1,3,2,1,'2017-09-13 07:58:36','2017-09-13 07:58:36'),(221,113,'0001','Bill',NULL,'Buckland','50 Grayson Industrial Parkway',NULL,NULL,'Grayson','GA','30017','billbuckland@mandalpipe.com','770-573-3022','770-979-3485','Advertiser',NULL,1,1,2,1,'2017-09-13 08:13:58','2017-09-13 08:13:58'),(222,113,'Mandal Pipe Company - NON-MEMBER ACCOUNT','Bill',NULL,'buckland','50 Grayson Industrial Parkway',NULL,NULL,'Grayson','GA','30017','bilbuckland@mandalpipe.com','770-573-3022','770-979-3485','Advertiser',NULL,1,3,2,1,'2017-09-13 08:16:59','2017-09-13 08:16:59'),(223,114,'0001','Darin',NULL,'Werts','1198 Pershall Rd.',NULL,NULL,'Saint Louis','MO','63137','dwerts@mktpileman.com','314-388-2254','314-388-2254','Advertiser',NULL,1,1,2,1,'2017-09-13 08:39:03','2017-09-13 08:37:54'),(224,114,'MKT - MEMBER ACCOUNT','Darin',NULL,'Werts','1198 Pershall Rd.',NULL,NULL,'Saint Louis','MO','63137','dwerts@mktpileman.com','314-388-2254','314-388-2254','Advertiser',NULL,1,3,2,1,'2017-09-13 08:38:55','2017-09-13 08:38:55'),(225,115,'0001','Diane',NULL,'Fischer','30725 Aurora Road',NULL,NULL,'Cleveland','OH','44139','dfischer@pile.com','216-831-6131 ext. 122','216-831-0916','Advertiser',NULL,1,1,2,1,'2017-09-13 09:45:32','2017-09-13 09:45:32'),(226,115,'Pile Dynamics, Inc. - NON-MEMBER ACCOUNT','Diane',NULL,'Fischer','30725 Aurora Road',NULL,NULL,'Cleveland','OH','44139','dfischer@pile.com','216-831-6131 ext. 122','216-831-0916','Advertiser',NULL,1,3,2,1,'2017-09-13 09:46:22','2017-09-13 09:46:22'),(227,116,'0001','Katelyn',NULL,'Burriss','4605 Wedgewood Blvd.',NULL,NULL,'Frederick','MD','21703','katelyn.burriss@revdrill.com','301-622-6552','301-622-6553','Advertiser',NULL,1,1,2,1,'2017-09-13 10:04:29','2017-09-13 10:03:17'),(228,116,'REV Drill - MEMBER ACCOUNT','Katelyn',NULL,'Burriss','4605 Wedgewood Blvd.',NULL,NULL,'Frederick','MD','21703','katelyn.burriss@revdrill.com','301-622-6552','301-662-6553','Advertiser',NULL,1,3,2,1,'2017-09-13 10:04:23','2017-09-13 10:04:23'),(229,117,'0001','Philip',NULL,'Conklin','P.O. Box 42399',NULL,NULL,'Cincinnati','OH','45241','pjc@conklinsteel.com','513-769-0613','513-769-0610','Advertiser',NULL,1,1,2,1,'2017-09-13 12:10:43','2017-09-13 12:10:43'),(230,117,'R. W. Conklin Steel Company - NON-MEMBER ACCOUNT','Stephanie',NULL,'Conklin','P.O. Box 42399',NULL,NULL,'Cincinnati','OH','45241','stephanieconklin@conklinsteel.com','513-769-0613','513-769-0610','Advertiser',NULL,1,3,2,1,'2017-09-13 12:15:04','2017-09-13 12:15:04'),(231,118,'0001','Kristin',NULL,'Delargey','26 W. Main St.',NULL,NULL,'Mt. Ephraim','NJ','08059','kristin@rpiequipment.com','856-456-0081','856-742-1994','Advertiser',NULL,1,1,2,1,'2017-09-13 12:55:36','2017-09-13 12:55:36'),(232,118,'RPI Equipment LLC - NON-MEMBER ACCOUNT','Kristin',NULL,'Delargey','26 W. Main St.',NULL,NULL,'Mt. Ephraim','NJ','08059','kristin@rpiequipment.com','856-456-0081','856-742-1994','Advertiser',NULL,1,3,2,1,'2017-09-13 12:58:21','2017-09-13 12:58:21'),(233,119,'0001','Gerry',NULL,'McShane','8415 Clinton Drive',NULL,NULL,'Houston','TX','77029','gmcshane@servicesteel.org','713-210-9323','713-210-9323','Advertiser',NULL,1,1,2,1,'2017-09-13 14:23:37','2017-09-13 14:23:37'),(234,119,'Service Steel Warehouse - NON-MEMBER ACCOUNT','Gerry',NULL,'McShane','8415 Clinton Drive',NULL,NULL,'Houston','TX','77029','gmcshane@servicesteel.org','713-210-9323','713-210-9323','Advertiser',NULL,1,3,2,1,'2017-09-13 14:25:28','2017-09-13 14:25:28'),(235,120,'0001','Steve',NULL,'Whitty','P.O. Box 1607',NULL,NULL,'Slidell','LA','70459-0690','steve@specialtypiling.com','985-643-0690','985-643-0690','Advertiser',NULL,1,1,2,1,'2017-09-14 11:08:57','2017-09-14 11:08:57'),(236,120,'Specialty Piling Systems - NON-MEMBER ACCOUNT','Steve',NULL,'Whitty','P.O. Box 1607',NULL,NULL,'Slidell','LA','70459-0690','steve@specialtypiling.com','985-643-0690','985-643-0690','Advertiser',NULL,1,3,2,1,'2017-09-14 11:09:57','2017-09-14 11:09:57'),(237,121,'0001','Sondra',NULL,'Connor','35322 Bayard Road',NULL,NULL,'Frankford','DE','19945','sondra@sunmarineinc.com','302-539-7187','302-239-4443','Advertiser',NULL,1,1,2,1,'2017-09-14 12:03:38','2017-09-14 12:03:38'),(238,121,'Sun Piledriving Equipment - NON-MEMBER ACCOUNT','Sondra',NULL,'Connor','35322 Bayard Road',NULL,NULL,'Frankford','DE','19945','sondra@sunmarineinc.com','302-539-7187','302-539-4443','Advertiser',NULL,1,3,2,1,'2017-09-14 12:04:36','2017-09-14 12:04:36'),(239,122,'0001','Vince',NULL,'Hasen','1969 West Terra Lane',NULL,NULL,'O\'Fallon','MO','63366','vhasen@trinityinc.com','800-456-7473','800-456-7473','Advertiser',NULL,1,1,2,1,'2017-09-14 12:18:59','2017-09-14 12:18:59'),(240,122,'Trinity Products Inc - NON-MEMBER ACCOUNT','Bo',NULL,'Griggs','1969 West Terra Lane',NULL,NULL,'O\'Fallon','MO','63366','bgiggs@trinityproducts.com','636-887-9613','636-887-9613','Advertiser',NULL,1,3,2,1,'2017-09-14 12:20:37','2017-09-14 12:20:37'),(241,123,'0001','Bernie',NULL,'Mares','1518 NE 1st Ave.',NULL,NULL,'Portland','OR','97232','bernie@versasteel.com','503-287-9822','800-287-7483','Advertiser',NULL,1,1,2,1,'2017-09-14 12:47:28','2017-09-14 12:47:28'),(242,123,'Versa Steel, Inc. - NON-MEMBER ACCOUNT','Bernie',NULL,'Mares','1518 NE 1st Ave.',NULL,NULL,'Portland','OR','97232','bernie@versasteel.com','503-287-9822','800-287-7483','Advertiser',NULL,1,3,2,1,'2017-09-14 12:48:16','2017-09-14 12:48:16'),(243,124,'0001','Ed ',NULL,'Bisono','3600 Red Road, Suite 309',NULL,NULL,'Miramar','FL','33025','ebisono@asapinstallations.net','66778788777','90834509832095','ASAP Installations',NULL,1,1,2,1,'2017-10-19 13:48:19','2017-10-19 13:48:19'),(244,124,'','Ed ',NULL,'Bisono','3600 Red Road, Suite 309',NULL,NULL,'Miramar','FL','33025','ebisono@asapinstallations.net','66778788777','90834509832095','ASAP Installations',NULL,1,3,2,1,'2017-10-19 13:49:26','2017-10-19 13:49:26'),(245,128,'0001','Nikki',NULL,'Manalo','18-207 Consulate Rd.',NULL,NULL,'Winnipeg','MB','R2V 3L2','keiko56ca@yahoo.ca','204-296-4398','204-296-4398','President',NULL,1,1,2,1,'2017-11-09 14:48:00','2017-11-09 11:35:42'),(246,128,'','Nikki',NULL,'Manalo','18-207 Consulate Rd.',NULL,NULL,'Winnipeg','MB','R2V 3L2','keiko56ca@yahoo.ca','2042964398','2042964398','President',NULL,4,4,2,1,'2017-11-09 14:54:54','2017-11-09 12:50:36'),(247,128,'','Accounts',NULL,'Payable','18-207 Consulate Rd.',NULL,NULL,'Winnipeg','MB','R2V 3L2','keiko56ca@yahoo.ca','204-296-4398','204-296-4398','Accountant',NULL,2,3,2,1,'2017-11-09 14:49:06','2017-11-09 14:31:49'),(248,71,'Aggregate Technologies','John',NULL,'Smith','lksdfjlk lsjfdlskfjl ',NULL,NULL,'Houston','TX','65895','sdfdsa','sdfsdf','safsdf','sdfsdaf',NULL,1,3,2,1,'2017-11-14 17:24:40','2017-11-14 17:24:40');
/*!40000 ALTER TABLE `client_contacts_table` ENABLE KEYS */;
UNLOCK TABLES;

--
-- Table structure for table `client_credit_card_info`
--

DROP TABLE IF EXISTS `client_credit_card_info`;
/*!40101 SET @saved_cs_client     = @@character_set_client */;
/*!40101 SET character_set_client = utf8 */;
CREATE TABLE `client_credit_card_info` (
  `Id` int(11) NOT NULL AUTO_INCREMENT,
  `client_id` int(11) DEFAULT NULL,
  `card_bank` varchar(100) DEFAULT NULL,
  `card_number` varchar(20) DEFAULT NULL,
  `card_holder_name` varchar(100) DEFAULT NULL,
  `card_validity` varchar(10) DEFAULT NULL,
  `card_pin` int(11) DEFAULT NULL,
  `status` tinyint(4) DEFAULT NULL,
  `updated_at` datetime DEFAULT NULL,
  `created_at` datetime DEFAULT NULL,
  PRIMARY KEY (`Id`)
) ENGINE=InnoDB AUTO_INCREMENT=15 DEFAULT CHARSET=utf8;
/*!40101 SET character_set_client = @saved_cs_client */;

--
-- Dumping data for table `client_credit_card_info`
--

LOCK TABLES `client_credit_card_info` WRITE;
/*!40000 ALTER TABLE `client_credit_card_info` DISABLE KEYS */;
/*!40000 ALTER TABLE `client_credit_card_info` ENABLE KEYS */;
UNLOCK TABLES;

--
-- Table structure for table `client_reference_table`
--

DROP TABLE IF EXISTS `client_reference_table`;
/*!40101 SET @saved_cs_client     = @@character_set_client */;
/*!40101 SET character_set_client = utf8 */;
CREATE TABLE `client_reference_table` (
  `Id` int(11) NOT NULL AUTO_INCREMENT,
  `name` varchar(50) DEFAULT NULL,
  `status` tinyint(4) DEFAULT NULL,
  PRIMARY KEY (`Id`)
) ENGINE=InnoDB AUTO_INCREMENT=5 DEFAULT CHARSET=latin1;
/*!40101 SET character_set_client = @saved_cs_client */;

--
-- Dumping data for table `client_reference_table`
--

LOCK TABLES `client_reference_table` WRITE;
/*!40000 ALTER TABLE `client_reference_table` DISABLE KEYS */;
INSERT INTO `client_reference_table` VALUES (1,'Advertiser',2),(2,'Agency',2),(3,'Lead',2),(4,'Artwork',2);
/*!40000 ALTER TABLE `client_reference_table` ENABLE KEYS */;
UNLOCK TABLES;

--
-- Table structure for table `client_table`
--

DROP TABLE IF EXISTS `client_table`;
/*!40101 SET @saved_cs_client     = @@character_set_client */;
/*!40101 SET character_set_client = utf8 */;
CREATE TABLE `client_table` (
  `Id` int(11) NOT NULL AUTO_INCREMENT,
  `company_name` varchar(200) DEFAULT NULL,
  `address` varchar(45) DEFAULT NULL,
  `city` varchar(45) DEFAULT NULL,
  `state` varchar(45) DEFAULT NULL,
  `zip_code` varchar(45) DEFAULT NULL,
  `role` tinyint(4) DEFAULT NULL,
  `is_member` tinyint(4) DEFAULT NULL,
  `magazine_id` int(11) DEFAULT '0',
  `type` tinyint(4) DEFAULT NULL,
  `status` tinyint(4) DEFAULT NULL,
  `updated_at` datetime DEFAULT NULL,
  `created_at` datetime DEFAULT NULL,
  PRIMARY KEY (`Id`)
) ENGINE=InnoDB AUTO_INCREMENT=133 DEFAULT CHARSET=latin1;
/*!40101 SET character_set_client = @saved_cs_client */;

--
-- Dumping data for table `client_table`
--

LOCK TABLES `client_table` WRITE;
/*!40000 ALTER TABLE `client_table` DISABLE KEYS */;
INSERT INTO `client_table` VALUES (1,'LePhair Associates Ltd.','522 Oakwood Drive','Pickering','ON','L1W 2M7',NULL,-1,0,1,2,'2017-06-29 08:02:26','2017-06-23 08:55:32'),(2,'Rotman School of Management-University of Toronto','149 College St.','Toronto','ON','M5T 1P5',NULL,-1,0,1,2,'2017-06-29 07:59:02','2017-06-29 07:58:52'),(3,'Northstar Sharp\'s','7101-102 Street','Clairmont','AB','T0H 0W0',NULL,-1,0,1,2,'2017-07-10 09:53:42','2017-07-10 09:53:42'),(4,'American Piledriving Equipment','7032 South 196th','Kent','WA','98032',NULL,1,0,1,2,'2017-10-30 06:58:27','2017-07-10 10:01:40'),(5,'Bermingham Foundation Solutions','600 Ferguson Ave N.','Hamilton','ON','L8L 4Z9',NULL,-1,0,1,2,'2017-07-10 11:02:43','2017-07-10 11:02:43'),(6,'DFP Foundation Producsts LLC','P.O. Box 688','Franklin Lakes','NJ','07417-0688',NULL,-1,0,1,2,'2017-07-10 13:26:10','2017-07-10 13:26:10'),(7,'Interpipe','3320 Miles Hope Road RR#3','Mount Hope','ON','L0R 1W0',NULL,-1,0,1,2,'2017-07-10 13:36:29','2017-07-10 13:36:29'),(8,'JD Fields & Company, Inc.','P.O. Box 134401','Houston','TX','77219-4401',NULL,-1,0,1,2,'2017-07-10 13:46:28','2017-07-10 13:46:28'),(9,'Liebherr - Canada Ltd.','Dr. Hans Leibherr str. 1,','Nenzing','Austria','6710',NULL,-1,0,1,2,'2017-07-11 06:31:47','2017-07-11 06:31:47'),(10,'Pacific Safety','P.O. Box 44624 YVR DTB RPO','Richmond','BC','V7B 1W2',NULL,-1,0,1,2,'2017-07-11 06:41:00','2017-07-11 06:41:00'),(11,'Poseidon Barge','3101 New Haven Ave.','Fort Wayne','IN','46803',NULL,-1,0,1,2,'2017-07-11 06:54:29','2017-07-11 06:54:29'),(12,'Roll Form Group','950 Industrial Road','Cambridge','ON','N3H 4W1',NULL,-1,0,1,2,'2017-07-11 07:07:46','2017-07-11 07:07:46'),(13,'RST Instruments','11545 Kingston St.','Maple Ridge','BC','V2X 0Z5',NULL,-1,0,1,2,'2017-07-11 07:16:54','2017-07-11 07:16:54'),(14,'Second Chance Line Restraint LLC.','6209 Industrial Ct.','Glendale','WI','53129',NULL,-1,0,1,2,'2017-07-11 07:34:28','2017-07-11 07:34:28'),(15,'Arntzen Corp. - Steel Pipe Division','1025 School St.','Rockford','IL','61101',NULL,-1,0,1,2,'2017-07-11 08:22:37','2017-07-11 08:22:37'),(16,'Canadian Pile Driving Equipment Inc. - NON-MEMBER ACCOUNT','3801 - 53 Ave.','Lacombe','AB','T4L 2L6',NULL,-1,0,1,2,'2017-08-31 08:02:47','2017-07-11 08:32:38'),(17,'Center Rock, Inc.','P.O. Box 307, 118 Schrock Drive','Berlin','PA','15530',NULL,-1,0,1,2,'2017-07-11 08:38:43','2017-07-11 08:38:43'),(18,'Champion Equipment Company','8140 East Rose Crans Avenue','Paramount','CA','90723',NULL,-1,0,1,2,'2017-07-11 08:46:21','2017-07-11 08:46:21'),(19,'ChemGrout','P.O. Box 1140 805 East 31st Street','La Grange Park','IL','60526',NULL,-1,0,1,2,'2017-07-11 08:54:05','2017-07-11 08:54:05'),(20,'ECA Canada','166 Bentworth Ave.','North York','ON','M6A 1P7',NULL,-1,0,1,2,'2017-07-11 09:13:04','2017-07-11 09:13:04'),(21,'Fillmore Riley, LLP','1700 - 360 Main St.','Winnipeg','MB','R3C 3Z3',NULL,-1,0,1,2,'2017-07-11 09:22:02','2017-07-11 09:22:02'),(22,'Geo-Foundations Contractors Inc.','302 Main St. N.','Acton','ON','L7J 1W9',NULL,-1,0,1,2,'2017-07-11 09:45:00','2017-07-11 09:39:21'),(23,'Hammer & Steel Inc.','11916 Missouri Bottom Road','Hazelwood','MO','63042',NULL,-1,0,1,2,'2017-07-11 09:55:20','2017-07-11 09:55:20'),(24,'Hercules Machinery Corporation','5025 New Haven Ave.','Fort Wayne','IN','46803',NULL,-1,0,1,2,'2017-07-11 13:02:51','2017-07-11 13:02:51'),(25,'Independence Tube Corporation','6226 West 74th St.','Chicago','IL','60638',NULL,-1,0,1,2,'2017-07-11 13:28:26','2017-07-11 13:28:26'),(26,'International Attachements Inc.','3030 Rocky Point Drive W. Suite 150','Tampa','FL','33607',NULL,-1,0,1,2,'2017-07-11 13:50:04','2017-07-11 13:50:04'),(27,'International Construction Equipment (ICE)','301 Warehouse Dr.','Matthews','NC','28104',NULL,-1,0,1,2,'2017-07-11 13:55:35','2017-07-11 13:55:35'),(28,'International Drilling Equipment','645 Angus St.','Rural Hall','NC','27045',NULL,-1,0,1,2,'2017-07-11 14:08:37','2017-07-11 14:08:37'),(29,'Jeffrey Machine Inc.','3841 Industrial Drive','Birmingham','AL','35217',NULL,-1,0,1,2,'2017-07-12 09:10:38','2017-07-12 09:10:38'),(30,'Jinnings Equipment','11515 Richard Rd.','Churubusco','IN','46723',NULL,-1,0,1,2,'2017-07-12 12:53:21','2017-07-12 12:53:21'),(31,'Municon Consultants','2200 Jerrold Ave., Suite K','San Francisco','CA','94124-1034',NULL,-1,0,1,2,'2017-07-12 13:12:30','2017-07-12 13:12:30'),(32,'PACO Ventures LLC','7400 2nd Ave. South','Seattle','WA','98108',NULL,-1,0,1,2,'2017-07-12 13:31:14','2017-07-12 13:31:14'),(33,'Pengo','500 E. Highway 10','Laurens','IA','50554',NULL,-1,0,1,2,'2017-07-12 13:48:43','2017-07-12 13:48:43'),(34,'Pile Drivers, Divers, Bridge, Dock and Wharf Builders Local 2404','BC Training Centre, 101 - 580 Ebury Place','Delta','BC','V3M 6M8',NULL,-1,0,1,2,'2017-07-12 13:58:34','2017-07-12 13:58:34'),(35,'Pile Hammer Equipment Corp','1451 Scenic Highway','Rising Fawn','GA','30738',NULL,-1,0,1,2,'2017-07-12 14:10:07','2017-07-12 14:10:07'),(36,'Platinum Grover Int. Inc','750 - 333 11th Ave. SW','Calgary','AB','T2R 1L9',NULL,-1,0,1,2,'2017-07-13 06:57:13','2017-07-13 06:57:13'),(37,'PVE Equipment USA','5011 Vernon Road','Jacksonville','FL','32209',NULL,-1,0,1,2,'2017-07-13 07:10:37','2017-07-13 07:05:13'),(38,'Robit Pic','639 W. Diversey Parkway, Suite 217','Chicago','IL','60614',NULL,-1,0,1,2,'2017-07-13 07:15:31','2017-07-13 07:15:31'),(39,'Selix Equipment Inc.','A 4080 Belgreen Drive','Ottawa','ON','K1G 3N2',NULL,-1,0,1,2,'2017-07-13 07:21:55','2017-07-13 07:21:55'),(40,'Skyline Steel, LLC','7380 Sand Lake Road, Suite 135','Orlando','FL','32819',NULL,-1,0,1,2,'2017-07-13 07:28:58','2017-07-13 07:28:58'),(41,'Soilmec North America','4015 South Fwy','Fort Worth','TX','76110',NULL,-1,0,1,2,'2017-07-13 08:27:09','2017-07-13 08:27:09'),(42,'TEI Rock Drills','P.O. Box 1309','Montrose','CO','81402',NULL,-1,0,1,2,'2017-07-13 09:00:20','2017-07-13 09:00:20'),(43,'Watson Drill Rigs','4015 S Freeway','Fort Worth','TX','76110',NULL,-1,0,1,2,'2017-07-13 09:28:05','2017-07-13 09:28:05'),(44,'Abco Supply & Services Ltd.','1346 Spruce St.','Winnipeg','MB','R3E 2V8',NULL,1,0,1,2,'2017-08-16 06:40:21','2017-07-17 08:43:41'),(45,'Able Eavestroughing Ltd.','P.O. Box 20034','Brandon','MB','R7A 6Y8',NULL,-1,0,1,2,'2017-07-17 13:52:42','2017-07-17 09:31:01'),(46,'Advantage Auto and Trailer','770 Highland Ave.','Brandon','MB','R7C 1A7 X',NULL,-1,0,1,2,'2017-07-19 07:30:23','2017-07-17 09:53:42'),(47,'AJ\'s Maintenance & Supply Ltd.','P.O. Box 1, 24 Emery Dr.','Channing','MB','R0B 0C0',NULL,-1,0,1,2,'2017-07-17 13:54:25','2017-07-17 10:49:39'),(48,'Allied Roofing','1546 Wall Street','Winnipeg','MB','R3E 2S4',NULL,-1,0,1,2,'2017-08-14 08:48:17','2017-07-17 11:03:12'),(49,'AQ Group Solutions','Unit 202 - 226 Osborne St. N.','Winnipeg','MB','R3C 1V4',NULL,1,0,1,2,'2017-08-14 08:58:18','2017-07-17 11:15:28'),(50,'Arnason Industries Ltd. 123test','Box 48, RR#2 Group 200','Winnipeg','MB','R3C 2E6',NULL,-1,0,1,2,'2017-07-19 07:51:50','2017-07-17 11:40:16'),(51,'BDR Services Ltd.','11 Yard Street','Winnipeg','MB','R2W 5J6',NULL,1,0,1,2,'2017-07-17 11:51:37','2017-07-17 11:51:37'),(52,'Bird Construction','1055 Erin Street','Winnipeg','MB','R3G 2X1',NULL,-1,0,1,2,'2017-07-17 12:07:41','2017-07-17 12:07:41'),(53,'Bockstael Construction Limited','1505 Dugald Rd.','Winnipeg','MB','R2J 0H3',NULL,1,0,1,2,'2017-07-17 12:16:05','2017-07-17 12:16:05'),(54,'BP Building Products of Canada Corp.','2850 Dollard Ave.','LaSalle','QC','H8N 2V2',NULL,-1,0,1,2,'2017-07-17 12:23:41','2017-07-17 12:23:41'),(55,'Can-American Corrugating Co. Ltd.','#1 Can Rd., Box 9','Margaret','MB','R0K 1J0',NULL,1,0,1,2,'2017-07-17 13:23:34','2017-07-17 13:23:34'),(56,'Cando Rail Services Ltd.','830 Douglas St.','Brandon','MB','R7A 7B2',NULL,1,0,1,2,'2017-08-15 12:36:46','2017-07-17 13:48:32'),(57,'Choice Electric Supply','3238 Faithfull Ave.','Saskatoon','SK','S7K 8H3',NULL,1,0,1,2,'2017-08-15 13:49:13','2017-08-15 13:48:11'),(58,'CMS Services Inc.','525 10th St. E.','Brandon','MB','R7A 7J6',NULL,1,0,1,2,'2017-08-15 14:14:18','2017-08-15 14:14:18'),(59,'Cobbe\'s Plumbing & Heanting Ltd.','1800 Saskatchewan Ave. East','Portage la Prairie','MB','R1N 4A1',NULL,1,0,1,2,'2017-08-16 06:42:50','2017-08-16 06:42:50'),(60,'Collet Transport','Box 157','Notre Dame','MB','R0G 1M0',NULL,1,0,1,2,'2017-08-16 07:27:45','2017-08-16 07:27:45'),(61,'Construction Safety Association of Manitoba','1447 Waverley St.','Winnipeg','MB','R3T 0P7',NULL,1,0,1,2,'2017-08-16 07:37:06','2017-08-16 07:37:06'),(62,'Crane Steel Structures Ltd.','934 Douglas St.','Brandon','MB','R7A 7B2',NULL,1,0,1,2,'2017-08-16 08:38:14','2017-08-16 08:38:14'),(63,'Cutting Edge Construction','2 Fernwood Cres','Brandon','MB','R7A 2J6',NULL,1,0,1,2,'2017-08-16 08:58:29','2017-08-16 08:58:29'),(64,'Dick Agencies Insurance Brokers','B - 435 Rosser Avenue','Brandon','MB','R7A 0K4',NULL,1,0,1,2,'2017-08-16 12:54:40','2017-08-16 12:54:40'),(65,'Dura-Con Industries Ltd.','Box 126, 100 2nd St.','Rosenort','MB','R0G 1W0',NULL,1,0,1,2,'2017-08-16 13:16:02','2017-08-16 13:16:02'),(66,'Earth Max Construction Inc.','Box 4236, 300 St. Peter St.','Arborg','MB','R0C 0A0',NULL,1,0,1,2,'2017-08-25 12:20:43','2017-08-25 12:20:43'),(67,'East Side Ventilation','1512 Park St.','Brandon','MB','R7A 7E8',NULL,1,0,1,2,'2017-08-25 12:51:06','2017-08-25 12:51:06'),(68,'Ellwood-McRorie Ltd.','525 Stephens Ave.','Portage la Prairie','MB','R1N 4A3',NULL,1,0,1,2,'2017-08-25 13:15:07','2017-08-25 13:15:07'),(69,'Emco Waterworks','343 Park Ave. E.','Brandon','MB','R7A 7A6',NULL,1,0,1,2,'2017-08-25 13:31:51','2017-08-25 13:31:51'),(70,'Aggregate Technologies - DNU','10700 Tower Oaks Boulevard','Houston','TX','77070',NULL,1,0,1,2,'2017-08-31 07:53:03','2017-08-28 13:26:31'),(71,'Aggregate Technologies','10700 Tower Oaks Boulevard','Houston','TX','77070',NULL,1,0,1,2,'2017-08-28 13:26:31','2017-08-28 13:26:31'),(72,'American Pole and Timber','12317 Aimeda Road','Houston','TX','77045',NULL,-1,0,1,2,'2017-09-11 08:10:18','2017-08-29 07:37:46'),(73,'APC Construction, LLC','400 Lafayette Street, Suite 100','New Orleans','LA','70130',NULL,1,0,1,2,'2017-08-30 07:42:35','2017-08-30 07:42:35'),(74,'Bauer-Pileco Inc.','100 N. FM 3083 East','Conroe','TX','77303',NULL,1,0,1,2,'2017-08-30 12:57:49','2017-08-30 12:57:49'),(75,'Bergerson Construction','P.O. Box 387','Astoria','OR','97103',NULL,1,0,1,2,'2017-08-30 13:26:48','2017-08-30 13:26:48'),(76,'BSP International Foundations LTD','Claydon Business Park, Gipping Road','Suffolk','England','IP6 ONL',NULL,1,0,1,2,'2017-08-30 14:26:59','2017-08-30 14:26:59'),(77,'Canadian Pile Driving Equipment Inc. - MEMBER ACCOUNT','3801 - 53 Ave.','Lacombe','AB','T4L 2L6',NULL,1,0,1,2,'2017-08-31 08:11:05','2017-08-31 08:11:05'),(78,'Cappco Tubular Products, Inc. - MEMBER ACCOUNT','203-755 South Service Rd.','Stoney Creek','ON','L8E 5Z2',NULL,1,0,1,2,'2017-08-31 08:37:30','2017-08-31 08:37:13'),(79,'Company Wrench - MEMBER ACCOUNT','4805 Scooby Ln.','Carroll','OH','43112',NULL,1,0,1,2,'2017-08-31 09:24:51','2017-08-31 09:24:51'),(80,'Canada Bridge - NON-MEMBER ACCOUNT','Box 270','Onanole','MB','R0J 1N0',NULL,1,0,1,2,'2017-09-01 08:28:56','2017-09-01 08:13:43'),(81,'C. Duncan Construction Ltd.','P.O. Box 87','Spy Hill','SK','S0A 3W0',NULL,1,0,1,2,'2017-09-01 08:42:25','2017-09-01 08:42:25'),(82,'Barger Parts Inc.','11458 Winterburn Road','Edmonton','AB','T5S 2Y3',NULL,-1,0,1,2,'2017-09-01 09:02:03','2017-09-01 09:02:03'),(83,'Big Rock Trucking','P.O. Box 418','Punnichy','SK','S0A 3C0',NULL,1,0,1,2,'2017-09-01 09:15:40','2017-09-01 09:13:53'),(84,'Queen City Excavating Inc.','1441 Fleury St.','Regina','SK','S4N 7N5',NULL,1,0,1,2,'2017-09-01 09:21:09','2017-09-01 09:21:09'),(85,'BLS Asphalt Inc. - MEMBER ACCOUNT','P.O. Box 1924 - 327 Mill St.','Regina','SK','S4P 3C2',NULL,1,0,1,2,'2017-09-01 11:49:46','2017-09-01 11:30:33'),(86,'Chieftain Equipment','Unit 30 - 235105 Wrangler Drive','Rocky View','AB','T1X 0K3',NULL,1,0,1,2,'2017-09-01 12:04:10','2017-09-01 12:04:10'),(87,'Clifton Associates Ltd.','Maxwell Crescent','Regina','SK','S4N 5Y5',NULL,1,0,1,2,'2017-09-01 12:47:01','2017-09-01 12:47:01'),(88,'Coco Paving Inc.','949 Wilson Ave.','Toronto','ON','M3K 1G2',NULL,-1,0,1,2,'2017-09-05 08:54:45','2017-09-05 08:40:39'),(89,'ELRUS Aggregate Systems','4409 Glenmore Trail','Southeast Calgary','AB','T2C 2R8',NULL,1,0,1,2,'2017-09-05 09:32:42','2017-09-05 09:32:42'),(90,'Gunner Corp','682 Adams Street','Regina','SK','S4N 6R8',NULL,-1,0,1,2,'2017-09-05 09:44:18','2017-09-05 09:44:18'),(91,'Handy Hitch Mfg. Inc.','1179 Kapelus Drive','West St. Paul','MB','R4A 5A8',NULL,1,0,1,2,'2017-09-05 09:51:56','2017-09-05 09:51:56'),(92,'PFM Capital','2nd Floor, The Assiniboia Club Building','Regina','SK','S4P 0R3',NULL,1,0,1,2,'2017-09-05 11:06:41','2017-09-05 11:06:41'),(93,'Saskatchewan Association of Optometrists','#108 - 2366 Avenue C. North','Saskatoon','SK','S7L 5X5',NULL,1,0,1,2,'2017-09-05 11:16:30','2017-09-05 11:16:30'),(94,'Lester Communications Inc.','701 Henry Ave.','Winnipeg','MB','R3E 1T9',NULL,1,0,1,2,'2017-09-06 07:28:18','2017-09-06 07:28:18'),(95,'SaskEnergy','433-20th Street West','Saskatoon','SK','S7M 0X3',NULL,-1,0,1,2,'2017-09-06 08:26:10','2017-09-06 08:26:10'),(96,'Souris Valley Industries','P.O. Box 521 Stn. Main','Weyburn','SK','S4H 2K3',NULL,-1,0,1,2,'2017-09-06 08:54:33','2017-09-06 08:54:33'),(97,'Spectrum Equipment','Unit 2 285059 Frontier Road','Rocky View','AB','T1X 0R4',NULL,-1,0,1,2,'2017-09-06 09:56:31','2017-09-06 09:56:31'),(98,'Terrafirma Equipment Sales & Rentals Inc.','18104 - 111 Ave.','Edmonton','AB','T5S 2R1',NULL,1,0,1,2,'2017-09-06 11:27:23','2017-09-06 11:27:23'),(99,'Westcon Equipment & Rentals Ltd.','P.O. Box 890, Highway #1 East','Regina','SK','S4P 3B1',NULL,1,0,1,2,'2017-09-06 14:09:23','2017-09-06 14:09:23'),(100,'Resource Management International Inc.','Box 248','Lashburn','SK','S0M 1H0',NULL,1,0,1,2,'2017-09-08 06:47:13','2017-09-08 06:47:13'),(101,'The Cat Rental Store','10235 180 Street NW.','Edmonton','AB','T5S 1C1',NULL,1,0,1,2,'2017-09-08 07:04:58','2017-09-08 07:04:58'),(102,'Tyalta Industries Inc.','Box 758','Crossfield','AB','T0M 0S0',NULL,1,0,1,2,'2017-09-08 07:14:19','2017-09-08 07:14:19'),(103,'WD Industrial Group','1036 Waverley St.','Winnipeg','MB','R3T 0P3',NULL,-1,0,1,2,'2017-09-08 07:18:46','2017-09-08 07:18:46'),(104,'Consolidated Pipe & Supply, Inc. - MEMBER ACCOUNT','P.O. Box 2472','Birmingham','AL','35201',NULL,1,0,1,2,'2017-09-08 09:08:58','2017-09-08 09:08:58'),(105,'Corman Marine Construction - MEMBER ACCOUNT','711 East Ordnance Road','Baltimore','MD','21226-1741',NULL,1,0,1,2,'2017-09-08 10:24:23','2017-09-08 10:24:23'),(106,'Cox Industries - MEMBER ACCOUNT','P.O. Box 1124','Orangeburg','SC','29116',NULL,1,0,1,2,'2017-09-08 11:03:56','2017-09-08 11:03:56'),(107,'Eskridge, Inc. - MEMBER ACCOUNT','1900 Kansas City Road','Olathe','KS','66061',NULL,1,0,1,2,'2017-09-11 11:59:16','2017-09-11 11:59:16'),(108,'Foundation Constructors Inc. - MEMBER ACCOUNT','P.O. Box 97, 81 Big Break Road','Oakley','CA','94561',NULL,1,0,1,2,'2017-09-11 12:43:41','2017-09-11 12:43:41'),(109,'GeoQuip','1111 Cavalier Boulevard','Chesapeake','VA','23323',NULL,1,0,1,2,'2017-09-11 13:02:46','2017-09-11 13:02:46'),(110,'Giken America Corp.','5770 Hoffner Ave. Suite 101','Orlando','FL','32822',NULL,1,0,1,2,'2017-09-11 13:15:58','2017-09-11 13:15:58'),(111,'GRL Engineeers, Inc.','30725 Aurora Road','Cleveland','OH','44139',NULL,-1,0,1,2,'2017-09-13 09:43:22','2017-09-11 13:25:12'),(112,'L.B. Foster - NON-MEMBER ACCOUNT','415 Holiday Drive','Pittsburgh','PA','15220',NULL,-1,0,1,2,'2017-09-13 07:56:15','2017-09-13 07:56:15'),(113,'Mandal Pipe Company - NON-MEMBER ACCOUNT','50 Grayson Industrial Parkway','Grayson','GA','30017',NULL,-1,0,1,2,'2017-09-13 08:08:18','2017-09-13 08:08:18'),(114,'MKT - MEMBER ACCOUNT','1198 Pershall Rd.','Saint Louis','MO','63137',NULL,1,0,1,2,'2017-09-13 08:36:28','2017-09-13 08:36:28'),(115,'Pile Dynamics, Inc. - NON-MEMBER ACCOUNT','30725 Aurora Road','Cleveland','OH','44139',NULL,-1,0,1,2,'2017-09-13 09:44:20','2017-09-13 09:44:09'),(116,'REV Drill - MEMBER ACCOUNT','4605 Wedgewood Blvd.','Frederick','MD','21703',NULL,1,0,1,2,'2017-09-13 10:02:11','2017-09-13 10:02:11'),(117,'R. W. Conklin Steel Company - NON-MEMBER ACCOUNT','P.O. Box 42399','Cincinnati','OH','45241',NULL,-1,0,1,2,'2017-09-13 11:37:51','2017-09-13 11:37:01'),(118,'RPI Equipment LLC - NON-MEMBER ACCOUNT','26 W. Main St. ','Mt. Ephraim','NJ','08059',NULL,-1,0,1,2,'2017-09-13 12:48:30','2017-09-13 12:48:30'),(119,'Service Steel Warehouse - NON-MEMBER ACCOUNT','8415 Clinton Drive','Houston','TX','77029',NULL,-1,0,1,2,'2017-09-13 14:22:27','2017-09-13 14:22:27'),(120,'Specialty Piling Systems - NON-MEMBER ACCOUNT','P.O. Box 1607','Slidell','LA','70459-0690',NULL,-1,0,1,2,'2017-09-14 11:06:38','2017-09-14 11:06:38'),(121,'Sun Piledriving Equipment - NON-MEMBER ACCOUNT','35322 Bayard Road','Frankford','DE','19945',NULL,-1,0,1,2,'2017-09-14 11:51:10','2017-09-14 11:51:10'),(122,'Trinity Products Inc - MEMBER ACCOUNT','1969 West Terra Lane','O\'Fallon','MO','63366',NULL,1,0,1,2,'2017-09-14 12:38:00','2017-09-14 12:14:08'),(123,'Versa Steel, Inc. - NON-MEMBER ACCOUNT','1518 NE 1st Ave.','Portland','OR','97232',NULL,-1,0,1,2,'2017-09-14 12:45:53','2017-09-14 12:45:41'),(124,'ASAP Installations','3600 Red Road, Suite 309','Miramar','FL','33025',NULL,-1,0,1,2,'2017-10-19 13:46:41','2017-10-19 13:46:41'),(125,'XYZ','sdff','sdsdf','DE','4456',NULL,1,0,1,2,'2017-10-19 14:35:28','2017-10-19 14:35:28'),(126,'American Pole and Timber','Houston','Texas','TX','5564',NULL,1,0,1,2,'2017-10-30 07:22:48','2017-10-30 07:22:48'),(127,'ABC','LKSJDFLJ','LKSDJFJ','ON','654654',NULL,1,0,1,2,'2017-10-30 07:26:27','2017-10-30 07:26:27'),(128,'NM Graphics Ltd.','18-207 Consulate Rd.','Winnipeg','MB','R2V 3L2',NULL,-1,0,1,2,'2017-11-09 11:33:37','2017-11-09 11:33:37'),(129,'ABC','SDFDSF','DSFSDF','AB','FSDF',NULL,1,0,1,2,'2017-12-10 16:47:43','2017-12-10 16:47:43'),(130,'ABC','SDFDSF','DSFSDF','AB','FSDF',NULL,1,14,1,2,'2017-12-11 20:04:01','2017-12-11 20:04:01'),(131,'Chaos Fitness','1688 Logan Avenue','Winnipeg','MB','R3E1S6',NULL,1,12,1,2,'2017-12-12 10:03:01','2017-12-12 10:03:01'),(132,'Chaos Fitness','1688 Logan Avenue, sdfsdf','Winnipeg','MB','R3E1S6',NULL,-1,0,1,2,'2017-12-12 10:05:36','2017-12-12 10:04:05');
/*!40000 ALTER TABLE `client_table` ENABLE KEYS */;
UNLOCK TABLES;

--
-- Table structure for table `contract_table`
--

DROP TABLE IF EXISTS `contract_table`;
/*!40101 SET @saved_cs_client     = @@character_set_client */;
/*!40101 SET character_set_client = utf8 */;
CREATE TABLE `contract_table` (
  `Id` int(11) NOT NULL AUTO_INCREMENT,
  `contract_num` varchar(30) DEFAULT NULL,
  `sales_rep_code` int(45) DEFAULT NULL,
  `client_id` int(45) DEFAULT NULL,
  `agency_id` int(45) DEFAULT NULL,
  `status` tinyint(45) DEFAULT NULL,
  `updated_at` datetime DEFAULT NULL,
  `created_at` datetime DEFAULT NULL,
  PRIMARY KEY (`Id`)
) ENGINE=InnoDB DEFAULT CHARSET=latin1;
/*!40101 SET character_set_client = @saved_cs_client */;

--
-- Dumping data for table `contract_table`
--

LOCK TABLES `contract_table` WRITE;
/*!40000 ALTER TABLE `contract_table` DISABLE KEYS */;
/*!40000 ALTER TABLE `contract_table` ENABLE KEYS */;
UNLOCK TABLES;

--
-- Table structure for table `discount_transaction_table`
--

DROP TABLE IF EXISTS `discount_transaction_table`;
/*!40101 SET @saved_cs_client     = @@character_set_client */;
/*!40101 SET character_set_client = utf8 */;
CREATE TABLE `discount_transaction_table` (
  `Id` int(11) NOT NULL AUTO_INCREMENT,
  `trans_id` varchar(45) DEFAULT NULL,
  `sales_rep_id` varchar(45) DEFAULT NULL,
  `amount` decimal(18,2) DEFAULT NULL,
  `discount_percent` decimal(18,3) DEFAULT NULL,
  `remarks` varchar(300) DEFAULT NULL,
  `type` tinyint(4) DEFAULT NULL,
  `status` varchar(45) DEFAULT NULL,
  `updated_at` datetime DEFAULT NULL,
  `created_at` datetime DEFAULT NULL,
  PRIMARY KEY (`Id`)
) ENGINE=InnoDB AUTO_INCREMENT=209 DEFAULT CHARSET=latin1;
/*!40101 SET character_set_client = @saved_cs_client */;

--
-- Dumping data for table `discount_transaction_table`
--

LOCK TABLES `discount_transaction_table` WRITE;
/*!40000 ALTER TABLE `discount_transaction_table` DISABLE KEYS */;
INSERT INTO `discount_transaction_table` VALUES (1,'1706AU4670','6',1950.00,50.000,'Valued advertiser',1,'1','2017-06-30 06:57:13','2017-06-30 06:57:13'),(2,'1707LV4835','4',0.00,15.000,'SYSTEM AUTOMATED DISCOUNT',2,'2','2017-07-10 12:20:49','2017-07-10 12:20:16'),(3,'1707YF4784','8',0.00,15.000,'SYSTEM AUTOMATED DISCOUNT',2,'2','2017-07-10 13:42:43','2017-07-10 13:42:24'),(4,'1707LC2531','4',0.00,15.000,'SYSTEM AUTOMATED DISCOUNT',2,'2','2017-07-10 13:59:04','2017-07-10 13:58:35'),(5,'1707LG0195','9',0.00,15.000,'SYSTEM AUTOMATED DISCOUNT',2,'2','2017-07-11 07:02:42','2017-07-11 07:02:04'),(6,'1707CV4751','8',0.00,15.000,'SYSTEM AUTOMATED DISCOUNT',2,'2','2017-07-11 07:14:38','2017-07-11 07:14:15'),(7,'1707CD7876','8',0.00,15.000,'SYSTEM AUTOMATED DISCOUNT',2,'3','2017-07-11 07:30:58','2017-07-11 07:22:56'),(8,'1707CD7876','8',3587.58,15.000,'',1,'3','2017-07-11 07:24:53','2017-07-11 07:24:53'),(9,'1707JJ0184','8',740.03,35.000,'Valued Advertiser Discount',1,'2','2017-07-11 07:43:00','2017-07-11 07:43:00'),(10,'1707XR8692','4',0.00,15.000,'SYSTEM AUTOMATED DISCOUNT',2,'2','2017-07-11 08:25:56','2017-07-11 08:25:33'),(12,'1707AX4849','4',0.00,15.000,'SYSTEM AUTOMATED DISCOUNT',2,'2','2017-07-11 08:35:44','2017-07-11 08:35:25'),(13,'1707ZB7201','9',1794.61,15.000,'',1,'1','2017-07-11 08:44:14','2017-07-11 08:44:14'),(14,'1707YE2619','9',0.00,10.000,'SYSTEM AUTOMATED DISCOUNT',2,'2','2017-07-11 08:50:20','2017-07-11 08:50:20'),(15,'1707YE2619','9',6460.60,15.000,'',1,'1','2017-07-11 08:50:49','2017-07-11 08:50:49'),(16,'1707OR5730','9',0.00,15.000,'SYSTEM AUTOMATED DISCOUNT',2,'2','2017-07-11 09:07:41','2017-07-11 09:06:44'),(17,'1707OR5730','9',740.03,15.000,'',1,'1','2017-07-11 09:07:21','2017-07-11 09:07:21'),(18,'1707EC7548','8',2628.62,15.000,'',1,'3','2017-07-11 09:17:36','2017-07-11 09:17:36'),(19,'1707EC7548','8',0.00,15.000,'SYSTEM AUTOMATED DISCOUNT',2,'3','2017-07-11 09:18:05','2017-07-11 09:17:46'),(20,'1707MK1937','4',740.03,33.000,'',1,'3','2017-07-11 09:30:48','2017-07-11 09:30:48'),(21,'1707MK1937','4',0.00,15.000,'SYSTEM AUTOMATED DISCOUNT',2,'3','2017-07-11 09:31:59','2017-07-11 09:31:31'),(22,'1707KF4982','9',1794.61,15.000,'',1,'1','2017-07-11 09:51:08','2017-07-11 09:51:08'),(23,'1707KF4982','9',0.00,15.000,'SYSTEM AUTOMATED DISCOUNT',2,'2','2017-07-11 09:51:45','2017-07-11 09:51:20'),(24,'1707TS2518','4',0.00,15.000,'SYSTEM AUTOMATED DISCOUNT',2,'2','2017-07-11 13:18:55','2017-07-11 13:18:22'),(25,'1707LU9125','8',0.00,15.000,'SYSTEM AUTOMATED DISCOUNT',2,'2','2017-07-11 13:47:45','2017-07-11 13:47:29'),(26,'1707GX5022','8',0.00,15.000,'SYSTEM AUTOMATED DISCOUNT',2,'2','2017-07-11 13:53:03','2017-07-11 13:52:47'),(27,'1707RS2185','8',1794.61,15.000,'',1,'1','2017-07-11 14:04:21','2017-07-11 14:04:21'),(28,'1707JK7718','8',0.00,15.000,'SYSTEM AUTOMATED DISCOUNT',2,'3','2017-08-15 06:13:45','2017-07-11 14:14:44'),(29,'1707JK7718','8',6101.67,15.000,'',1,'3','2017-07-11 14:28:54','2017-07-11 14:28:54'),(30,'1707OQ6800','8',0.00,15.000,'SYSTEM AUTOMATED DISCOUNT',2,'2','2017-07-12 09:24:09','2017-07-12 09:23:55'),(32,'1707HM1567','4',0.00,15.000,'SYSTEM AUTOMATED DISCOUNT',2,'2','2017-07-12 13:01:31','2017-07-12 13:01:10'),(33,'1707RX2753','4',0.00,15.000,'SYSTEM AUTOMATED DISCOUNT',2,'2','2017-07-12 13:26:56','2017-07-12 13:26:36'),(34,'1707GX6915','5',0.00,15.000,'SYSTEM AUTOMATED DISCOUNT',2,'2','2017-07-12 13:37:54','2017-07-12 13:37:39'),(35,'1707WJ2568','9',1055.17,10.000,'',1,'2','2017-07-12 13:56:07','2017-07-12 13:56:07'),(36,'1707WF2802','9',945.89,15.000,'',1,'2','2017-07-12 14:04:18','2017-07-12 14:04:18'),(37,'1707EP6629','9',0.00,15.000,'SYSTEM AUTOMATED DISCOUNT',2,'2','2017-07-12 14:16:17','2017-07-12 14:15:58'),(38,'1707EP6629','9',2144.58,14.000,'',1,'2','2017-07-12 14:25:49','2017-07-12 14:25:49'),(39,'1707ZC7524','5',0.00,15.000,'SYSTEM AUTOMATED DISCOUNT',2,'2','2017-07-13 07:01:13','2017-07-13 07:00:56'),(40,'1707GO4359','5',1794.61,15.000,'',1,'2','2017-07-13 07:19:07','2017-07-13 07:19:07'),(41,'1707LA0383','8',1794.61,15.000,'',1,'2','2017-07-13 07:26:59','2017-07-13 07:26:59'),(42,'1707QW1531','4',0.00,15.000,'SYSTEM AUTOMATED DISCOUNT',2,'3','2017-07-13 08:09:47','2017-07-13 07:32:29'),(43,'1707QW1531','4',6101.67,20.000,'',1,'3','2017-07-13 07:38:26','2017-07-13 07:38:26'),(44,'1707FY1498','4',0.00,15.000,'SYSTEM AUTOMATED DISCOUNT',2,'3','2017-07-13 07:41:15','2017-07-13 07:41:00'),(45,'1707FY1498','4',6101.67,20.000,'',1,'3','2017-07-13 07:42:08','2017-07-13 07:42:08'),(46,'1707EW3858','4',0.00,15.000,'SYSTEM AUTOMATED DISCOUNT',2,'2','2017-07-13 08:51:57','2017-07-13 08:50:51'),(47,'1707EW3858','4',6101.67,5.000,'',1,'2','2017-07-13 08:56:08','2017-07-13 08:56:08'),(48,'1707AT1045','5',0.00,15.000,'SYSTEM AUTOMATED DISCOUNT',2,'2','2017-07-13 09:07:29','2017-07-13 09:06:16'),(49,'1707ZG8013','4',0.00,15.000,'SYSTEM AUTOMATED DISCOUNT',2,'2','2017-07-13 09:31:47','2017-07-13 09:31:20'),(50,'1707GQ8504','4',0.00,15.000,'SYSTEM AUTOMATED DISCOUNT',2,'2','2017-07-13 09:43:54','2017-07-13 09:39:31'),(53,'1707ZU1662','7',0.00,10.000,'SYSTEM AUTOMATED DISCOUNT',2,'2','2017-07-17 08:52:10','2017-07-17 08:52:10'),(54,'1707ZU1662','7',2222.48,28.000,'',1,'2','2017-07-17 08:53:32','2017-07-17 08:53:32'),(55,'1707NO2374','7',0.00,10.000,'SYSTEM AUTOMATED DISCOUNT',2,'3','2017-07-17 09:38:14','2017-07-17 09:38:14'),(56,'1707NO2374','7',629.11,27.000,'',1,'3','2017-07-17 09:39:20','2017-07-17 09:39:20'),(57,'1707YF3371','7',0.00,10.000,'SYSTEM AUTOMATED DISCOUNT',2,'2','2017-07-17 10:31:46','2017-07-17 10:31:46'),(58,'1707YF3371','7',629.11,22.000,'',1,'2','2017-07-17 10:42:05','2017-07-17 10:42:05'),(59,'1707GL6271','7',0.00,10.000,'SYSTEM AUTOMATED DISCOUNT',2,'2','2017-07-17 10:56:45','2017-07-17 10:56:45'),(60,'1707DO2449','7',0.00,10.000,'SYSTEM AUTOMATED DISCOUNT',2,'2','2017-07-17 11:06:15','2017-07-17 11:06:15'),(61,'1707DO2449','7',740.12,38.000,'',1,'2','2017-07-17 11:12:23','2017-07-17 11:12:23'),(62,'1707CQ0913','7',0.00,10.000,'SYSTEM AUTOMATED DISCOUNT',2,'2','2017-07-17 11:19:11','2017-07-17 11:19:11'),(63,'1707CQ0913','7',3329.10,16.000,'',1,'2','2017-07-17 11:36:43','2017-07-17 11:36:43'),(64,'1707SU1590','7',0.00,10.000,'SYSTEM AUTOMATED DISCOUNT',2,'2','2017-07-17 11:45:02','2017-07-17 11:45:02'),(65,'1707SU1590','7',1269.52,30.000,'',1,'2','2017-07-17 11:48:00','2017-07-17 11:48:00'),(66,'1707QX2912','7',0.00,10.000,'SYSTEM AUTOMATED DISCOUNT',2,'2','2017-07-17 11:52:20','2017-07-17 11:52:20'),(67,'1707QX2912','7',629.11,18.000,'',1,'2','2017-07-17 12:02:09','2017-07-17 12:02:09'),(68,'1707KG4379','7',705.29,15.000,'',1,'2','2017-07-17 12:12:42','2017-07-17 12:12:42'),(69,'1707NW4632','7',599.50,10.000,'',1,'2','2017-07-17 12:20:04','2017-07-17 12:20:04'),(70,'1707BS0533','7',0.00,10.000,'SYSTEM AUTOMATED DISCOUNT',2,'2','2017-07-17 12:36:11','2017-07-17 12:36:11'),(71,'1707WC6724','7',0.00,10.000,'SYSTEM AUTOMATED DISCOUNT',2,'2','2017-07-17 13:37:10','2017-07-17 13:37:10'),(73,'1707FD4710','8',0.00,10.000,'SYSTEM AUTOMATED DISCOUNT',2,'2','2017-07-17 14:14:44','2017-07-17 14:14:44'),(74,'1707TC3570','8',0.00,10.000,'SYSTEM AUTOMATED DISCOUNT',2,'2','2017-07-17 14:19:38','2017-07-17 14:19:38'),(75,'1707TC3570','8',1587.17,23.000,'',1,'2','2017-07-17 14:22:39','2017-07-17 14:22:39'),(76,'1708JY1507','2',1794.61,10.450,'Valued client',1,'1','2017-08-14 08:00:05','2017-08-14 08:00:05'),(77,'1708NO7822','4',0.00,15.000,'SYSTEM AUTOMATED DISCOUNT',2,'2','2017-08-14 11:15:42','2017-08-14 11:15:24'),(78,'1708NO7822','4',1673.85,24.000,'valued client',1,'2','2017-08-14 11:16:13','2017-08-14 11:16:13'),(79,'1708YK2183','4',0.00,15.000,'SYSTEM AUTOMATED DISCOUNT',2,'2','2017-08-14 11:46:13','2017-08-14 11:45:53'),(80,'1708SF8029','8',0.00,15.000,'SYSTEM AUTOMATED DISCOUNT',2,'2','2017-08-14 12:09:11','2017-08-14 12:08:49'),(81,'1708SF8029','8',3587.58,10.800,'',1,'2','2017-08-14 12:09:40','2017-08-14 12:09:40'),(82,'1708CR0763','9',0.00,15.000,'SYSTEM AUTOMATED DISCOUNT',2,'2','2017-08-14 12:29:26','2017-08-14 12:29:06'),(83,'1708BV6420','8',0.00,15.000,'SYSTEM AUTOMATED DISCOUNT',2,'2','2017-08-14 12:44:32','2017-08-14 12:43:40'),(84,'1708BV6420','8',3587.58,21.900,'',1,'2','2017-08-14 12:53:20','2017-08-14 12:53:20'),(85,'1708UP8671','9',0.00,15.000,'SYSTEM AUTOMATED DISCOUNT',2,'2','2017-08-14 13:24:22','2017-08-14 13:23:53'),(86,'1708MH7565','4',0.00,15.000,'SYSTEM AUTOMATED DISCOUNT',2,'2','2017-08-14 13:42:03','2017-08-14 13:41:35'),(87,'1708MH7565','4',2516.10,20.600,'',1,'2','2017-08-14 13:50:51','2017-08-14 13:50:51'),(88,'1708MR2429','4',0.00,15.000,'SYSTEM AUTOMATED DISCOUNT',2,'2','2017-08-14 14:06:08','2017-08-14 14:04:45'),(89,'1708GM2491','8',0.00,15.000,'SYSTEM AUTOMATED DISCOUNT',2,'2','2017-08-15 06:16:26','2017-08-15 06:16:03'),(90,'1708GM2491','8',6101.67,16.900,'',1,'2','2017-08-15 06:19:32','2017-08-15 06:19:32'),(91,'1707OQ6800','8',8937.31,10.400,'',1,'2','2017-08-15 06:33:35','2017-08-15 06:33:35'),(92,'1708BI0603','9',0.00,15.000,'SYSTEM AUTOMATED DISCOUNT',2,'2','2017-08-15 07:24:37','2017-08-15 07:23:55'),(93,'1708BI0603','9',2144.58,13.600,'',1,'2','2017-08-15 07:27:35','2017-08-15 07:27:35'),(94,'1708NC7221','5',0.00,15.000,'SYSTEM AUTOMATED DISCOUNT',2,'2','2017-08-15 08:48:51','2017-08-15 08:48:27'),(95,'1708FN5432','4',0.00,15.000,'SYSTEM AUTOMATED DISCOUNT',2,'2','2017-08-15 09:22:49','2017-08-15 09:20:58'),(96,'1708FN5432','4',6101.67,5.800,'',1,'2','2017-08-15 09:33:49','2017-08-15 09:33:49'),(97,'1708NJ0593','4',0.00,15.000,'SYSTEM AUTOMATED DISCOUNT',2,'2','2017-08-15 09:41:16','2017-08-15 09:40:52'),(98,'1708NJ0593','4',6101.67,5.800,'Valued Advertiser Discount',1,'2','2017-08-15 10:00:21','2017-08-15 10:00:21'),(99,'1708IK9813','4',0.00,15.000,'SYSTEM AUTOMATED DISCOUNT',2,'2','2017-08-15 11:06:37','2017-08-15 11:06:22'),(100,'1708IK9813','4',6101.67,5.800,'Valued Advertiser Discount.',1,'2','2017-08-15 11:14:30','2017-08-15 11:14:30'),(102,'1707WC6724','7',1889.11,5.600,'Contracted Rate.',1,'2','2017-08-15 12:29:28','2017-08-15 12:29:28'),(103,'1708WM5736','7',0.00,10.000,'SYSTEM AUTOMATED DISCOUNT',2,'2','2017-08-15 12:34:15','2017-08-15 12:34:15'),(104,'1708DB7417','2',0.00,10.000,'SYSTEM AUTOMATED DISCOUNT',2,'2','2017-08-15 13:31:36','2017-08-15 13:31:36'),(105,'1708HK1068','10',1049.50,4.800,'Valued Advertiser Discount',1,'2','2017-08-15 14:03:14','2017-08-15 14:03:14'),(106,'1708KG1570','10',0.00,10.000,'SYSTEM AUTOMATED DISCOUNT',2,'2','2017-08-15 14:16:42','2017-08-15 14:16:42'),(107,'1708YP4188','8',0.00,10.000,'SYSTEM AUTOMATED DISCOUNT',2,'2','2017-08-16 06:31:39','2017-08-16 06:31:39'),(108,'1708YP4188','8',629.11,8.500,'Valued Advertiser Discount',1,'2','2017-08-16 06:32:38','2017-08-16 06:32:38'),(109,'1708VK7760','10',0.00,10.000,'SYSTEM AUTOMATED DISCOUNT',2,'2','2017-08-16 06:47:06','2017-08-16 06:47:06'),(110,'1708LU3968','8',0.00,10.000,'SYSTEM AUTOMATED DISCOUNT',2,'2','2017-08-16 07:34:40','2017-08-16 07:34:40'),(111,'1708YP9906','8',2059.50,34.230,'Valued Advertiser Discount',1,'2','2017-08-16 08:03:08','2017-08-16 08:03:08'),(112,'1708SY1631','10',0.00,10.000,'SYSTEM AUTOMATED DISCOUNT',2,'2','2017-08-16 08:52:38','2017-08-16 08:52:38'),(113,'1708CX1515','10',0.00,10.000,'SYSTEM AUTOMATED DISCOUNT',2,'2','2017-08-16 09:06:36','2017-08-16 09:06:36'),(114,'1708OZ6926','9',0.00,10.000,'SYSTEM AUTOMATED DISCOUNT',2,'2','2017-08-16 13:33:28','2017-08-16 13:33:28'),(115,'1708OZ6926','9',1889.11,38.000,'Valued Advertiser Discount.',1,'2','2017-08-16 13:43:11','2017-08-16 13:43:11'),(116,'1708UM0702','9',0.00,10.000,'SYSTEM AUTOMATED DISCOUNT',2,'2','2017-08-25 12:29:27','2017-08-25 12:29:27'),(117,'1708UM0702','9',1889.11,30.000,'',1,'2','2017-08-25 12:44:23','2017-08-25 12:44:23'),(118,'1708CY8581','8',0.00,10.000,'SYSTEM AUTOMATED DISCOUNT',2,'2','2017-08-25 13:10:47','2017-08-25 13:10:47'),(119,'1708VT3694','9',0.00,10.000,'SYSTEM AUTOMATED DISCOUNT',2,'2','2017-08-25 13:37:25','2017-08-25 13:37:25'),(120,'1708VT3694','9',1079.09,22.300,'Contracted Rate',1,'2','2017-08-25 14:15:53','2017-08-25 14:15:53'),(121,'1708TK9698','2',0.00,10.000,'SYSTEM AUTOMATED DISCOUNT',2,'2','2017-08-28 12:02:06','2017-08-28 11:58:17'),(122,'1708AM9368','2',0.00,10.000,'SYSTEM AUTOMATED DISCOUNT',2,'2','2017-08-28 14:09:43','2017-08-28 14:09:09'),(123,'1708SF9224','2',0.00,10.000,'SYSTEM AUTOMATED DISCOUNT',2,'2','2017-08-28 14:18:35','2017-08-28 14:17:35'),(124,'1708KC8196','4',0.00,10.000,'SYSTEM AUTOMATED DISCOUNT',2,'2','2017-08-29 06:45:57','2017-08-29 06:45:22'),(125,'1708ST3681','8',0.00,10.000,'SYSTEM AUTOMATED DISCOUNT',2,'2','2017-09-11 08:00:34','2017-08-29 07:56:27'),(126,'1708OG8180','8',0.00,10.000,'SYSTEM AUTOMATED DISCOUNT',2,'2','2017-08-30 07:48:48','2017-08-30 07:48:12'),(127,'1708AH1561','8',0.00,10.000,'SYSTEM AUTOMATED DISCOUNT',2,'2','2017-08-30 07:56:42','2017-08-30 07:56:09'),(128,'1708EA8963','8',602.24,33.581,'',1,'2','2017-08-30 12:50:39','2017-08-30 12:50:39'),(129,'1708DY6370','4',0.00,10.000,'SYSTEM AUTOMATED DISCOUNT',2,'2','2017-08-30 13:16:09','2017-08-30 13:15:29'),(130,'1708DY6370','4',8871.53,5.000,'',1,'2','2017-08-30 13:19:34','2017-08-30 13:19:34'),(131,'1708QS2099','8',0.00,10.000,'SYSTEM AUTOMATED DISCOUNT',2,'2','2017-08-30 13:39:32','2017-08-30 13:38:49'),(132,'1708QS2099','8',3647.99,9.539,'',1,'2','2017-08-30 13:41:52','2017-08-30 13:41:52'),(133,'1708BU3966','4',0.00,10.000,'SYSTEM AUTOMATED DISCOUNT',2,'2','2017-08-30 14:00:03','2017-08-30 13:59:12'),(134,'1708BU3966','4',7001.03,19.250,'Valued Advertiser Discount',1,'2','2017-08-30 14:05:10','2017-08-30 14:05:10'),(135,'1708QP1408','4',1228.25,15.000,'Valued Advertiser Discount',1,'2','2017-08-30 14:13:00','2017-08-30 14:13:00'),(136,'1708YI4372','5',0.00,10.000,'SYSTEM AUTOMATED DISCOUNT',2,'2','2017-08-31 07:28:43','2017-08-31 07:28:11'),(137,'1708BB1472','5',0.00,10.000,'SYSTEM AUTOMATED DISCOUNT',2,'2','2017-08-31 08:22:53','2017-08-31 08:21:53'),(138,'1708TG3726','5',0.00,10.000,'SYSTEM AUTOMATED DISCOUNT',2,'2','2017-08-31 08:56:01','2017-08-31 08:53:45'),(139,'1708TG3726','5',5220.73,13.805,'',1,'2','2017-08-31 09:07:16','2017-08-31 09:07:16'),(140,'1709VX3988','9',0.00,2.150,'SYSTEM AUTOMATED DISCOUNT',2,'2','2017-09-01 09:06:23','2017-09-01 09:06:23'),(141,'1709VX3988','9',1220.80,21.820,'Contracted Rate',1,'2','2017-09-01 09:10:15','2017-09-01 09:10:15'),(142,'1709SO0339','7',0.00,2.150,'SYSTEM AUTOMATED DISCOUNT',2,'2','2017-09-01 09:18:11','2017-09-01 09:18:11'),(143,'1709MR2487','11',0.00,2.150,'SYSTEM AUTOMATED DISCOUNT',2,'2','2017-09-01 10:08:56','2017-09-01 10:08:56'),(145,'1709AA8291','11',0.00,2.150,'SYSTEM AUTOMATED DISCOUNT',2,'2','2017-09-01 10:34:23','2017-09-01 10:34:23'),(146,'1709AA8291','11',1037.68,10.530,'fasfsadf',1,'2','2017-09-01 10:34:37','2017-09-01 10:34:37'),(147,'1709ZL1528','9',0.00,2.150,'SYSTEM AUTOMATED DISCOUNT',2,'2','2017-09-01 11:38:10','2017-09-01 11:38:10'),(148,'1709NN2964','8',0.00,12.450,'SYSTEM AUTOMATED DISCOUNT',2,'2','2017-09-01 13:05:51','2017-09-01 13:05:30'),(149,'1709CH2703','8',1010.92,20.864,'Valued Advertiser Discount',1,'2','2017-09-05 09:05:00','2017-09-05 09:05:00'),(150,'1709CC4552','8',0.00,12.450,'SYSTEM AUTOMATED DISCOUNT',2,'2','2017-09-05 09:35:30','2017-09-05 09:35:21'),(151,'1709CC4552','8',4299.38,12.778,'Valued Advertiser Discount',1,'2','2017-09-05 09:40:58','2017-09-05 09:40:58'),(152,'1709UP0673','10',623.81,10.000,'',1,'2','2017-09-05 09:48:43','2017-09-05 09:48:43'),(153,'1709SA6613','8',0.00,2.150,'SYSTEM AUTOMATED DISCOUNT',2,'2','2017-09-05 11:22:01','2017-09-05 11:22:01'),(154,'1709SA6613','8',2518.10,10.526,'added the discount to cover for 4x booking.',1,'2','2017-09-06 07:10:11','2017-09-06 07:10:11'),(155,'1709VC8086','4',0.00,15.000,'SYSTEM AUTOMATED DISCOUNT',2,'2','2017-09-06 07:26:19','2017-09-06 07:26:06'),(156,'1709ZK4218','2',0.00,12.450,'SYSTEM AUTOMATED DISCOUNT',2,'2','2017-09-06 07:31:12','2017-09-06 07:30:15'),(157,'1709GS6768','4',0.00,15.000,'SYSTEM AUTOMATED DISCOUNT',2,'2','2017-09-06 07:36:58','2017-09-06 07:36:38'),(158,'1709GS6768','4',12203.35,5.740,'Valued Advertiser Discount',1,'2','2017-09-06 07:39:43','2017-09-06 07:39:43'),(159,'1709GF7211','8',0.00,2.000,'SYSTEM AUTOMATED DISCOUNT',2,'2','2017-09-06 08:16:29','2017-09-06 08:16:29'),(160,'1709GF7211','8',2521.96,10.663,'added discount to cover for x4 booking.',1,'2','2017-09-06 08:19:13','2017-09-06 08:19:13'),(161,'1709WA3448','8',1010.92,12.450,'',1,'2','2017-09-06 08:22:15','2017-09-06 08:22:15'),(162,'1709MK2938','7',1189.32,15.000,'Valued Advertiser Discount',1,'2','2017-09-06 08:50:40','2017-09-06 08:50:40'),(163,'1709VL7377','7',0.00,12.450,'SYSTEM AUTOMATED DISCOUNT',2,'2','2017-09-06 08:57:47','2017-09-06 08:57:38'),(164,'1709KK7264','7',1189.32,15.000,'Valued Advertiser Discount',1,'2','2017-09-06 09:59:56','2017-09-06 09:59:56'),(165,'1709ZS5218','8',0.00,2.150,'SYSTEM AUTOMATED DISCOUNT',2,'2','2017-09-06 13:56:00','2017-09-06 13:56:00'),(166,'1709ZX4100','6',0.00,2.150,'SYSTEM AUTOMATED DISCOUNT',2,'2','2017-09-07 06:32:49','2017-09-07 06:32:49'),(167,'1709ZX4100','6',1978.37,10.527,'Added Discretion Discount to tally on the IO.',1,'2','2017-09-07 06:59:27','2017-09-07 06:59:27'),(168,'1709ZJ5643','8',0.00,2.150,'SYSTEM AUTOMATED DISCOUNT',2,'2','2017-09-07 07:11:07','2017-09-07 07:11:07'),(169,'1709IF3452','10',0.00,12.450,'SYSTEM AUTOMATED DISCOUNT',2,'2','2017-09-07 07:55:53','2017-09-07 07:55:33'),(170,'1709LE2942','6',0.00,12.450,'SYSTEM AUTOMATED DISCOUNT',2,'2','2017-09-08 06:51:00','2017-09-08 06:50:29'),(171,'1709XS9745','8',1286.71,12.450,'',1,'2','2017-09-08 07:10:54','2017-09-08 07:10:54'),(172,'1709PS3551','10',0.00,2.150,'SYSTEM AUTOMATED DISCOUNT',2,'2','2017-09-08 07:21:16','2017-09-08 07:21:16'),(173,'1709PS3551','10',1220.80,10.522,'Discretion Discount to cover x4 booking.',1,'2','2017-09-08 07:23:01','2017-09-08 07:23:01'),(174,'1709KD3702','10',0.00,2.000,'SYSTEM AUTOMATED DISCOUNT',2,'2','2017-09-08 07:24:23','2017-09-08 07:24:23'),(175,'1709KD3702','10',1222.67,10.660,'',1,'2','2017-09-08 07:25:58','2017-09-08 07:25:58'),(176,'1708YF4504','5',0.00,10.000,'SYSTEM AUTOMATED DISCOUNT',2,'2','2017-09-08 07:34:21','2017-09-08 07:33:43'),(177,'1709II0441','5',0.00,10.000,'SYSTEM AUTOMATED DISCOUNT',2,'2','2017-09-08 10:56:03','2017-09-08 10:55:04'),(178,'1709QG4704','5',1556.41,9.750,'added discretion discount to tally on the Insertion Order',1,'2','2017-09-08 11:35:56','2017-09-08 11:35:56'),(179,'1709YT9738','8',0.00,10.000,'SYSTEM AUTOMATED DISCOUNT',2,'2','2017-09-11 07:39:36','2017-09-11 07:38:25'),(180,'1709YT9738','8',8404.61,10.763,'Valued Advertiser Discount',1,'2','2017-09-11 07:43:41','2017-09-11 07:43:41'),(181,'1709WI9140','8',0.00,10.000,'SYSTEM AUTOMATED DISCOUNT',2,'2','2017-09-11 07:50:30','2017-09-11 07:49:57'),(182,'1708ST3681','8',4810.53,27.243,'Valued Advertiser Discount',1,'2','2017-09-11 08:12:41','2017-09-11 08:12:41'),(183,'1709FH7136','8',0.00,0.000,'SYSTEM AUTOMATED DISCOUNT',2,'2','2017-09-11 08:31:53','2017-09-11 08:31:53'),(184,'1709LG5544','5',915.92,9.751,'Valued Advertiser Discount',1,'2','2017-09-11 12:26:25','2017-09-11 12:26:25'),(185,'1709LH8065','5',1556.41,9.750,'Valued Advertiser Discount',1,'2','2017-09-11 13:12:56','2017-09-11 13:12:56'),(186,'1709PP7180','4',0.00,10.000,'SYSTEM AUTOMATED DISCOUNT',2,'2','2017-09-11 13:37:42','2017-09-11 13:36:43'),(187,'1709PP7180','4',5834.19,19.249,'Valued Advertiser Discount',1,'2','2017-09-11 13:47:54','2017-09-11 13:47:54'),(188,'1709ZX6842','4',0.00,10.000,'SYSTEM AUTOMATED DISCOUNT',2,'2','2017-09-12 13:15:44','2017-09-12 13:14:35'),(189,'1709ZX6842','4',19775.56,14.764,'Valued Advertiser Discount',1,'2','2017-09-12 13:18:16','2017-09-12 13:18:16'),(190,'1709PU5732','4',0.00,10.000,'SYSTEM AUTOMATED DISCOUNT',2,'2','2017-09-12 13:53:59','2017-09-12 13:53:49'),(191,'1709PU5732','4',3071.02,15.000,'Valued Advertiser Discount',1,'2','2017-09-12 13:57:38','2017-09-12 13:57:38'),(192,'1709KX6931','4',1831.07,20.000,'Valued Advertiser Discount',1,'2','2017-09-13 08:22:51','2017-09-13 08:22:51'),(193,'1709FI3355','4',0.00,10.000,'SYSTEM AUTOMATED DISCOUNT',2,'2','2017-09-13 09:07:25','2017-09-13 09:06:32'),(194,'1709UT6059','4',0.00,10.000,'SYSTEM AUTOMATED DISCOUNT',2,'2','2017-09-13 09:47:56','2017-09-13 09:47:30'),(195,'1709EQ4695','8',0.00,10.000,'SYSTEM AUTOMATED DISCOUNT',2,'2','2017-09-13 13:01:59','2017-09-13 13:01:27'),(196,'1709EQ4695','8',5118.36,46.272,'Valued Advertiser Discount, NOT SURE MIGHT NEED TO CONFIRM WITH GAYL',1,'2','2017-09-13 13:22:25','2017-09-13 13:22:25'),(197,'1709TW9629','4',1831.07,23.288,'Valued Advertiser Discount',1,'2','2017-09-13 14:27:18','2017-09-13 14:27:18'),(198,'1709IA8206','4',0.00,10.000,'SYSTEM AUTOMATED DISCOUNT',2,'2','2017-09-14 11:16:47','2017-09-14 11:12:51'),(199,'1709IA8206','4',4065.88,14.770,'Valued Advertiser Discount',1,'2','2017-09-14 11:27:23','2017-09-14 11:27:23'),(200,'1709YY4404','4',0.00,10.000,'SYSTEM AUTOMATED DISCOUNT',2,'2','2017-09-14 12:06:22','2017-09-14 12:05:35'),(201,'1709TR0154','10',1556.41,9.750,'Added 9.75 Discretion discount to tally price on Insertion Order. Edit in the future if needed.',1,'2','2017-09-14 12:42:02','2017-09-14 12:42:02'),(203,'1710EM6752','8',1831.07,30.000,'Valued client.',1,'2','2017-10-19 14:22:27','2017-10-19 14:22:27'),(204,'1711JB3016','1',1249.50,15.000,'',1,'2','2017-11-09 09:58:21','2017-11-09 09:58:21'),(205,'1711OQ2316','1',2917.74,0.000,'',1,'2','2017-11-09 12:42:39','2017-11-09 12:42:39'),(206,'1711YK7715','1',0.00,0.000,'SYSTEM AUTOMATED DISCOUNT',2,'2','2017-11-09 12:59:33','2017-11-09 12:59:00'),(207,'1711OQ2316','1',0.00,0.000,'SYSTEM AUTOMATED DISCOUNT',2,'2','2017-11-09 15:29:41','2017-11-09 15:29:13'),(208,'1711KI4062','1',0.00,0.000,'SYSTEM AUTOMATED DISCOUNT',2,'2','2017-11-09 15:45:47','2017-11-09 15:45:27');
/*!40000 ALTER TABLE `discount_transaction_table` ENABLE KEYS */;
UNLOCK TABLES;

--
-- Table structure for table `flat_plan_table`
--

DROP TABLE IF EXISTS `flat_plan_table`;
/*!40101 SET @saved_cs_client     = @@character_set_client */;
/*!40101 SET character_set_client = utf8 */;
CREATE TABLE `flat_plan_table` (
  `Id` int(11) NOT NULL AUTO_INCREMENT,
  `magazine_id` int(11) DEFAULT NULL,
  `trans_number` varchar(100) DEFAULT NULL,
  `magazine_name` varchar(50) DEFAULT NULL,
  `magazine_year` varchar(10) DEFAULT NULL,
  `magazine_issue` tinyint(4) DEFAULT NULL,
  `status` tinyint(4) DEFAULT NULL,
  `updated_at` datetime DEFAULT NULL,
  `created_at` datetime DEFAULT NULL,
  PRIMARY KEY (`Id`)
) ENGINE=InnoDB AUTO_INCREMENT=17 DEFAULT CHARSET=latin1;
/*!40101 SET character_set_client = @saved_cs_client */;

--
-- Dumping data for table `flat_plan_table`
--

LOCK TABLES `flat_plan_table` WRITE;
/*!40000 ALTER TABLE `flat_plan_table` DISABLE KEYS */;
INSERT INTO `flat_plan_table` VALUES (1,43,'201705120501591503E9F412A','Think Big','2017',2,1,'2017-05-12 07:31:48','2017-05-12 07:31:48'),(2,43,'2017051205495914','Think Big','2017',3,1,'2017-05-12 07:32:52','2017-05-12 07:32:52'),(3,43,'2017051205105914','Think Big','2017',2,1,'2017-05-12 07:33:13','2017-05-12 07:33:13'),(4,43,'2017051205215914','Think Big','2017',1,1,'2017-05-12 07:34:23','2017-05-12 07:34:23'),(5,43,'2017051205375914','Think Big','2017',2,1,'2017-05-12 07:35:39','2017-05-12 07:35:39'),(6,43,'2017051205505914','Think Big','2017',1,1,'2017-05-12 07:35:52','2017-05-12 07:35:52'),(7,43,'2017051205315914','Think Big','2017',2,1,'2017-05-12 07:36:33','2017-05-12 07:36:33'),(8,43,'2017051205495914F5CD76D03','Think Big','2017',1,1,'2017-05-12 07:37:51','2017-05-12 07:37:51'),(9,43,'2017051205295914F75DDAF0F','Think Big','2017',2,1,'2017-05-12 07:44:42','2017-05-12 07:44:42'),(10,43,'2017051205255914F9ED797AB','Think Big','2017',1,1,'2017-05-12 07:55:28','2017-05-12 07:55:28'),(11,43,'2017051205105914FA92442EB','Think Big','2017',2,1,'2017-05-12 07:58:16','2017-05-12 07:58:16'),(12,43,'201705120546591550BAB8BF0','Think Big','2017',3,1,'2017-05-12 14:05:59','2017-05-12 14:05:59'),(13,43,'2017051505365919336070706','Think Big','2017',4,1,'2017-05-15 12:49:38','2017-05-15 12:49:38'),(14,43,'2017052405285924E5B86542B','Think Big','2017',7,1,'2017-05-24 09:46:42','2017-05-24 09:46:42'),(15,43,'2017052405235924E84783BF1','Think Big','2017',5,1,'2017-05-24 09:56:36','2017-05-24 09:56:36'),(16,43,'2017052405555924E91BDACC2','Think Big','2017',10,1,'2017-05-24 09:59:57','2017-05-24 09:59:57');
/*!40000 ALTER TABLE `flat_plan_table` ENABLE KEYS */;
UNLOCK TABLES;

--
-- Table structure for table `flat_plan_transaction_table`
--

DROP TABLE IF EXISTS `flat_plan_transaction_table`;
/*!40101 SET @saved_cs_client     = @@character_set_client */;
/*!40101 SET character_set_client = utf8 */;
CREATE TABLE `flat_plan_transaction_table` (
  `Id` int(11) NOT NULL AUTO_INCREMENT,
  `flat_id` int(11) DEFAULT NULL,
  `company_name` varchar(50) DEFAULT NULL,
  `page_id` varchar(45) DEFAULT NULL,
  `placeholder_id` varchar(45) DEFAULT NULL,
  `placeholder_size` varchar(45) DEFAULT NULL,
  `sort_order` tinyint(4) DEFAULT NULL,
  `status` tinyint(4) DEFAULT NULL,
  `updated_at` datetime DEFAULT NULL,
  `created_at` datetime DEFAULT NULL,
  PRIMARY KEY (`Id`)
) ENGINE=InnoDB AUTO_INCREMENT=191 DEFAULT CHARSET=latin1;
/*!40101 SET character_set_client = @saved_cs_client */;

--
-- Dumping data for table `flat_plan_transaction_table`
--

LOCK TABLES `flat_plan_transaction_table` WRITE;
/*!40000 ALTER TABLE `flat_plan_transaction_table` DISABLE KEYS */;
INSERT INTO `flat_plan_transaction_table` VALUES (176,1,'FB Company 47','page_5','drag_4731','FULL_DOUBLE_SPREED',2,2,'2017-05-12 11:49:30','2017-05-12 11:49:30'),(177,1,'H Company 11','page_5','drag_11666','1_2_DOUBLE_SPREED',1,2,'2017-05-24 10:24:01','2017-05-12 11:49:55'),(178,1,'H Company 12','page_12','drag_12666','1_2_DOUBLE_SPREED',1,2,'2017-05-12 11:50:10','2017-05-12 11:50:10'),(179,1,'FB Company 46','page_17','drag_4631','FULL',1,2,'2017-05-12 14:22:06','2017-05-12 12:03:42'),(180,1,'H Company 15','page_19','drag_15666','1_2_DOUBLE_SPREED',2,2,'2017-05-12 12:03:54','2017-05-12 12:03:54'),(181,1,'H Company 14','page_25','drag_14666','1_2_DOUBLE_SPREED',2,2,'2017-05-12 12:06:04','2017-05-12 12:06:04'),(182,1,'FB Company 45','page_22','drag_4531','FULL_DOUBLE_SPREED',1,2,'2017-05-12 12:06:10','2017-05-12 12:06:10'),(183,1,'FB Company 41','page_3','drag_4131','DOUBLE_SPREED',2,2,'2017-05-12 14:07:43','2017-05-12 14:07:31'),(184,1,'FB Company 42','page_1','drag_4231','FULL_DOUBLE_SPREED',2,2,'2017-05-12 14:08:16','2017-05-12 14:08:16'),(185,1,'FB Company 50','page_back_cover','drag_5031','FULL',1,2,'2017-05-12 14:09:58','2017-05-12 14:08:36'),(186,1,'S 1_6_HORIZONTAL 1','page_12','drag_197','1_8_VERTICAL',0,2,'2017-05-12 14:21:41','2017-05-12 14:19:48'),(187,1,'S 1_6_HORIZONTAL 4','page_front_inside','drag_497','1_8_VERTICAL',0,2,'2017-05-12 14:20:08','2017-05-12 14:19:57'),(188,1,'S 1_6_HORIZONTAL 2','page_6','drag_297','1_8_VERTICAL',0,2,'2017-05-12 14:21:12','2017-05-12 14:20:03'),(189,1,'S 1_6_HORIZONTAL 3','page_front_inside','drag_397','1_8_HORIZONTAL',0,2,'2017-05-12 14:20:06','2017-05-12 14:20:06'),(190,1,'S 1_6_HORIZONTAL 5','page_2','drag_597','1_8_VERTICAL',0,2,'2017-05-12 14:21:30','2017-05-12 14:20:12');
/*!40000 ALTER TABLE `flat_plan_transaction_table` ENABLE KEYS */;
UNLOCK TABLES;

--
-- Table structure for table `group_list_table`
--

DROP TABLE IF EXISTS `group_list_table`;
/*!40101 SET @saved_cs_client     = @@character_set_client */;
/*!40101 SET character_set_client = utf8 */;
CREATE TABLE `group_list_table` (
  `Id` int(11) NOT NULL AUTO_INCREMENT,
  `group_id` int(11) DEFAULT NULL,
  `contact_id` int(11) DEFAULT NULL,
  `client_id` int(11) DEFAULT NULL,
  `role_id` tinyint(4) DEFAULT NULL,
  `status` tinyint(4) DEFAULT NULL,
  `updated_at` datetime DEFAULT NULL,
  `created_at` datetime DEFAULT NULL,
  PRIMARY KEY (`Id`)
) ENGINE=InnoDB DEFAULT CHARSET=latin1;
/*!40101 SET character_set_client = @saved_cs_client */;

--
-- Dumping data for table `group_list_table`
--

LOCK TABLES `group_list_table` WRITE;
/*!40000 ALTER TABLE `group_list_table` DISABLE KEYS */;
/*!40000 ALTER TABLE `group_list_table` ENABLE KEYS */;
UNLOCK TABLES;

--
-- Table structure for table `group_table`
--

DROP TABLE IF EXISTS `group_table`;
/*!40101 SET @saved_cs_client     = @@character_set_client */;
/*!40101 SET character_set_client = utf8 */;
CREATE TABLE `group_table` (
  `Id` int(11) NOT NULL AUTO_INCREMENT,
  `group_name` varchar(50) DEFAULT NULL,
  `category_id` int(11) DEFAULT NULL,
  `client_uid` int(11) DEFAULT NULL,
  `created_at` datetime DEFAULT NULL,
  `updated_at` datetime DEFAULT NULL,
  PRIMARY KEY (`Id`)
) ENGINE=InnoDB AUTO_INCREMENT=4 DEFAULT CHARSET=latin1;
/*!40101 SET character_set_client = @saved_cs_client */;

--
-- Dumping data for table `group_table`
--

LOCK TABLES `group_table` WRITE;
/*!40000 ALTER TABLE `group_table` DISABLE KEYS */;
INSERT INTO `group_table` VALUES (1,'Piling Canada',1,49,'2017-08-18 13:56:07','2017-08-18 13:56:07'),(2,'Piling Canada',1,4,'2017-08-18 13:58:05','2017-08-18 13:58:05'),(3,'Bulletin',2,44,'2017-10-19 14:47:31','2017-10-19 14:47:31');
/*!40000 ALTER TABLE `group_table` ENABLE KEYS */;
UNLOCK TABLES;

--
-- Table structure for table `invoice_table`
--

DROP TABLE IF EXISTS `invoice_table`;
/*!40101 SET @saved_cs_client     = @@character_set_client */;
/*!40101 SET character_set_client = utf8 */;
CREATE TABLE `invoice_table` (
  `Id` int(11) NOT NULL AUTO_INCREMENT,
  `invoice_num` varchar(50) DEFAULT NULL,
  `booking_trans` varchar(50) DEFAULT NULL,
  `item_id` int(11) DEFAULT NULL,
  `issue` tinyint(4) DEFAULT NULL,
  `digital_month` tinyint(4) DEFAULT NULL,
  `digital_week` tinyint(4) DEFAULT NULL,
  `due_date` datetime DEFAULT NULL,
  `account_executive` varchar(50) DEFAULT NULL,
  `status` tinyint(4) DEFAULT NULL,
  `updated_at` datetime DEFAULT NULL,
  `created_at` datetime DEFAULT NULL,
  PRIMARY KEY (`Id`)
) ENGINE=InnoDB AUTO_INCREMENT=27 DEFAULT CHARSET=latin1;
/*!40101 SET character_set_client = @saved_cs_client */;

--
-- Dumping data for table `invoice_table`
--

LOCK TABLES `invoice_table` WRITE;
/*!40000 ALTER TABLE `invoice_table` DISABLE KEYS */;
INSERT INTO `invoice_table` VALUES (1,'2017-06804','1706SN9554',NULL,0,8,0,'2017-07-27 16:52:02','6',2,'2017-06-27 16:52:02','2017-06-27 16:52:02'),(2,'2017-00625','1707LV4835',NULL,1,NULL,NULL,'2017-08-09 12:25:14','4',2,'2017-07-10 12:25:14','2017-07-10 12:25:14'),(3,'2017-05785','1707LV4835',NULL,2,NULL,NULL,'2017-08-16 07:18:20','4',2,'2017-07-17 07:18:20','2017-07-17 07:18:20'),(4,'2017-03321','1707YF4784',NULL,1,NULL,NULL,'2017-08-16 07:34:45','8',2,'2017-07-17 07:34:45','2017-07-17 07:34:45'),(5,'2017-04502','1707LC2531',NULL,1,NULL,NULL,'2017-08-16 07:34:45','4',2,'2017-07-17 07:34:45','2017-07-17 07:34:45'),(6,'2017-08369','1707LG0195',NULL,1,NULL,NULL,'2017-08-16 07:34:45','9',2,'2017-07-17 07:34:45','2017-07-17 07:34:45'),(7,'2017-00493','1707CV4751',NULL,1,NULL,NULL,'2017-08-16 07:34:45','8',2,'2017-07-17 07:34:45','2017-07-17 07:34:45'),(8,'2017-00573','1707CD7876',NULL,1,NULL,NULL,'2017-08-16 07:34:45','8',2,'2017-07-17 07:34:45','2017-07-17 07:34:45'),(9,'2017-01534','1707AX4849',NULL,1,NULL,NULL,'2017-08-16 07:34:45','4',2,'2017-07-17 07:34:45','2017-07-17 07:34:45'),(10,'2017-06418','1707MK1937',NULL,1,NULL,NULL,'2017-08-16 07:34:45','4',2,'2017-07-17 07:34:45','2017-07-17 07:34:45'),(11,'2017-07594','1707TS2518',NULL,1,NULL,NULL,'2017-08-16 07:34:45','4',2,'2017-07-17 07:34:45','2017-07-17 07:34:45'),(12,'2017-06428','1707HM1567',NULL,1,NULL,NULL,'2017-08-16 07:34:45','4',2,'2017-07-17 07:34:45','2017-07-17 07:34:45'),(13,'2017-00123','1707ZU1662',NULL,1,NULL,NULL,'2017-08-16 08:59:42','7',2,'2017-07-17 08:59:42','2017-07-17 08:59:42'),(14,'2017-02570','1707XR8692',NULL,1,NULL,NULL,'2017-08-18 07:51:55','4',2,'2017-07-19 07:51:55','2017-07-19 07:51:55'),(15,'2017-09599','1708PQ0597',NULL,1,NULL,NULL,'2017-09-27 09:05:05','2',2,'2017-08-28 09:05:05','2017-08-28 09:05:05'),(16,'2017-08040','1707YF4784',NULL,2,NULL,NULL,'2017-10-01 07:51:32','8',2,'2017-09-01 07:51:32','2017-09-01 07:51:32'),(17,'2017-01356','1707LC2531',NULL,2,NULL,NULL,'2017-10-01 07:51:32','4',2,'2017-09-01 07:51:32','2017-09-01 07:51:32'),(18,'2017-02509','1707LG0195',NULL,2,NULL,NULL,'2017-10-01 07:51:32','9',2,'2017-09-01 07:51:32','2017-09-01 07:51:32'),(19,'2017-07834','1707CV4751',NULL,2,NULL,NULL,'2017-10-01 07:51:32','8',2,'2017-09-01 07:51:32','2017-09-01 07:51:32'),(20,'2017-03250','1707CD7876',NULL,2,NULL,NULL,'2017-10-01 07:51:32','8',2,'2017-09-01 07:51:32','2017-09-01 07:51:32'),(21,'2017-05849','1707JJ0184',NULL,2,NULL,NULL,'2017-10-01 07:51:32','8',2,'2017-09-01 07:51:32','2017-09-01 07:51:32'),(22,'2017-05984','1707XR8692',NULL,2,NULL,NULL,'2017-10-01 07:51:32','4',2,'2017-09-01 07:51:32','2017-09-01 07:51:32'),(23,'2017-04003','1707AX4849',NULL,2,NULL,NULL,'2017-10-01 07:51:32','4',2,'2017-09-01 07:51:32','2017-09-01 07:51:32'),(24,'2017-09115','1707MK1937',NULL,2,NULL,NULL,'2017-10-01 07:51:32','4',2,'2017-09-01 07:51:32','2017-09-01 07:51:32'),(25,'2017-08393','1707TS2518',NULL,2,NULL,NULL,'2017-10-01 07:51:32','4',2,'2017-09-01 07:51:32','2017-09-01 07:51:32'),(26,'2017-03245','1707HM1567',NULL,2,NULL,NULL,'2017-10-01 07:51:32','4',2,'2017-09-01 07:51:32','2017-09-01 07:51:32');
/*!40000 ALTER TABLE `invoice_table` ENABLE KEYS */;
UNLOCK TABLES;

--
-- Table structure for table `magazine_company_table`
--

DROP TABLE IF EXISTS `magazine_company_table`;
/*!40101 SET @saved_cs_client     = @@character_set_client */;
/*!40101 SET character_set_client = utf8 */;
CREATE TABLE `magazine_company_table` (
  `Id` int(11) NOT NULL AUTO_INCREMENT,
  `logo_uid` varchar(60) DEFAULT NULL,
  `company_name` varchar(100) DEFAULT NULL,
  `address_1` varchar(100) DEFAULT NULL,
  `address_2` varchar(100) DEFAULT NULL,
  `city` varchar(60) DEFAULT NULL,
  `state` varchar(60) DEFAULT NULL,
  `country` varchar(60) DEFAULT NULL,
  `email` varchar(60) DEFAULT NULL,
  `phone` varchar(15) DEFAULT NULL,
  `fax` varchar(15) DEFAULT NULL,
  `zip_code` varchar(45) DEFAULT NULL,
  `toll_free_phone` varchar(45) DEFAULT NULL,
  `toll_free_fax` varchar(45) DEFAULT NULL,
  `status` tinyint(4) DEFAULT NULL,
  `updated_at` datetime DEFAULT NULL,
  `created_at` datetime DEFAULT NULL,
  PRIMARY KEY (`Id`)
) ENGINE=InnoDB AUTO_INCREMENT=6 DEFAULT CHARSET=latin1;
/*!40101 SET character_set_client = @saved_cs_client */;

--
-- Dumping data for table `magazine_company_table`
--

LOCK TABLES `magazine_company_table` WRITE;
/*!40000 ALTER TABLE `magazine_company_table` DISABLE KEYS */;
INSERT INTO `magazine_company_table` VALUES (1,'201706220645594C5A6965D6A','KPA','Gordong Heights','adress 2','Olongapo','Zambales','1','me@kpa21.info','09177715380','09177715380','2200','none','none',1,'2017-06-27 23:51:30','2017-06-22 17:02:42'),(2,'201706220631594C5F470EC8D','Lester Communications Inc.','701 Henry Ave.','','Winnipeg','MB','2','info@lesterpublications.com','204-953-2189','204-953-2184','R3E 1T9','1-888-953-2189','1-877-565-8557',2,'2017-11-09 09:33:54','2017-06-22 17:25:34'),(3,'20170828084059A45CA031024','Lester Publications, LLC','140 Broadway','46th Floor','New York','NY','1','info@lesterpublications.com','212-208-1405','','10005','','',2,'2017-08-28 11:30:29','2017-08-28 11:28:31'),(4,'2017110911015A048D15794FC','InMax Marketing','1005 Scurfield Blvd.','','Winnipeg','MB','2','info@inmaxmarketing.com','204-771-0339','204-489-1028','R3Y 1N5','','',2,'2017-11-09 10:18:14','2017-11-09 09:23:23'),(5,'2017111011445A061598ED0D5','Lester Media Test Publisher','701 Henry Avenue','','Winnipeg','Manitoba','1','billing@lesterpublications.com','2049532187','2049532199','R3E 1T9','','',2,'2017-11-10 13:36:24','2017-11-10 13:36:24');
/*!40000 ALTER TABLE `magazine_company_table` ENABLE KEYS */;
UNLOCK TABLES;

--
-- Table structure for table `magazine_digital_discount_transaction_table`
--

DROP TABLE IF EXISTS `magazine_digital_discount_transaction_table`;
/*!40101 SET @saved_cs_client     = @@character_set_client */;
/*!40101 SET character_set_client = utf8 */;
CREATE TABLE `magazine_digital_discount_transaction_table` (
  `Id` int(11) NOT NULL AUTO_INCREMENT,
  `booking_trans_num` varchar(45) DEFAULT NULL,
  `item_id` varchar(45) DEFAULT NULL,
  `sales_rep_id` varchar(45) DEFAULT NULL,
  `amount` decimal(18,2) DEFAULT NULL,
  `discount_percent` decimal(18,3) DEFAULT NULL,
  `remarks` varchar(300) DEFAULT NULL,
  `status` varchar(45) DEFAULT NULL,
  `updated_at` datetime DEFAULT NULL,
  `created_at` datetime DEFAULT NULL,
  PRIMARY KEY (`Id`)
) ENGINE=InnoDB AUTO_INCREMENT=9 DEFAULT CHARSET=latin1;
/*!40101 SET character_set_client = @saved_cs_client */;

--
-- Dumping data for table `magazine_digital_discount_transaction_table`
--

LOCK TABLES `magazine_digital_discount_transaction_table` WRITE;
/*!40000 ALTER TABLE `magazine_digital_discount_transaction_table` DISABLE KEYS */;
INSERT INTO `magazine_digital_discount_transaction_table` VALUES (3,'1706SN9554','2','1',500.00,25.000,'','1','2017-07-19 06:47:56','2017-07-19 06:47:56'),(4,'1706SN9554','2','8',500.00,5.000,'','1','2017-07-19 07:32:31','2017-07-19 07:32:31'),(5,'1706AU4670','6','6',1950.00,50.000,'Valued advertiser','1','2017-07-20 14:08:24','2017-07-20 14:08:24'),(6,'1707ZY2769','9','6',1950.00,50.000,'Valued advertiser','1','2017-08-04 11:24:01','2017-08-04 11:24:01'),(7,'1707ZY2769','10','6',2250.00,50.000,'Valued advertiser','1','2017-08-04 11:24:56','2017-08-04 11:24:56'),(8,'1707ZY2769','11','6',2250.00,50.000,'Valued advertiser','1','2017-08-04 11:27:09','2017-08-04 11:27:09');
/*!40000 ALTER TABLE `magazine_digital_discount_transaction_table` ENABLE KEYS */;
UNLOCK TABLES;

--
-- Table structure for table `magazine_digital_transaction_table`
--

DROP TABLE IF EXISTS `magazine_digital_transaction_table`;
/*!40101 SET @saved_cs_client     = @@character_set_client */;
/*!40101 SET character_set_client = utf8 */;
CREATE TABLE `magazine_digital_transaction_table` (
  `Id` int(11) NOT NULL AUTO_INCREMENT,
  `magazine_trans_id` int(11) DEFAULT NULL,
  `magazine_id` int(11) DEFAULT NULL,
  `client_id` int(11) DEFAULT NULL,
  `agency_id` int(11) DEFAULT NULL,
  `sales_rep_id` int(11) DEFAULT NULL,
  `position_id` int(11) DEFAULT NULL,
  `month_id` tinyint(4) DEFAULT NULL,
  `week_id` tinyint(4) DEFAULT NULL,
  `year` int(11) DEFAULT NULL,
  `mag_digital_price_id` int(11) DEFAULT NULL,
  `amount` decimal(18,2) DEFAULT NULL,
  `status` tinyint(4) DEFAULT NULL,
  `updated_at` datetime DEFAULT NULL,
  `created_at` datetime DEFAULT NULL,
  PRIMARY KEY (`Id`)
) ENGINE=InnoDB AUTO_INCREMENT=23 DEFAULT CHARSET=latin1;
/*!40101 SET character_set_client = @saved_cs_client */;

--
-- Dumping data for table `magazine_digital_transaction_table`
--

LOCK TABLES `magazine_digital_transaction_table` WRITE;
/*!40000 ALTER TABLE `magazine_digital_transaction_table` DISABLE KEYS */;
INSERT INTO `magazine_digital_transaction_table` VALUES (1,1,5,1,NULL,NULL,8,8,0,2017,NULL,500.00,3,'2017-06-27 16:52:02','2017-06-23 08:59:18'),(2,1,5,1,NULL,NULL,8,9,0,2017,NULL,500.00,2,'2017-06-23 08:59:38','2017-06-23 08:59:38'),(3,1,5,1,NULL,NULL,8,10,0,2017,NULL,500.00,2,'2017-06-23 08:59:54','2017-06-23 08:59:54'),(9,61,2,2,NULL,NULL,3,8,3,2017,NULL,1950.00,2,'2017-08-04 11:23:31','2017-08-04 11:23:31'),(10,61,2,2,NULL,NULL,2,9,2,2017,NULL,2250.00,2,'2017-08-04 11:24:33','2017-08-04 11:24:33'),(11,61,2,2,NULL,NULL,2,10,3,2017,NULL,2250.00,2,'2017-08-04 11:25:26','2017-08-04 11:25:26'),(12,65,4,2,NULL,NULL,6,7,0,2017,NULL,600.00,2,'2017-08-04 11:50:11','2017-08-04 11:50:11'),(13,65,4,2,NULL,NULL,6,8,0,2017,NULL,600.00,2,'2017-08-04 11:50:28','2017-08-04 11:50:28'),(14,62,4,2,NULL,NULL,6,2,0,2017,NULL,600.00,2,'2017-08-21 04:52:42','2017-08-21 04:52:42'),(15,62,4,2,NULL,NULL,6,4,0,2017,NULL,600.00,2,'2017-08-21 04:54:41','2017-08-21 04:54:41'),(16,62,4,2,NULL,NULL,6,3,0,2017,NULL,600.00,2,'2017-08-21 05:10:33','2017-08-21 05:10:33'),(17,96,4,2,NULL,NULL,6,7,0,2017,NULL,600.00,2,'2017-08-21 13:19:48','2017-08-21 13:19:48'),(18,96,4,2,NULL,NULL,6,8,0,2017,NULL,600.00,2,'2017-08-21 13:20:25','2017-08-21 13:20:25'),(19,96,4,2,NULL,NULL,6,9,0,2017,NULL,600.00,2,'2017-08-21 13:20:35','2017-08-21 13:20:35'),(20,96,4,2,NULL,NULL,6,10,0,2017,NULL,600.00,2,'2017-08-21 13:21:24','2017-08-21 13:21:24'),(21,96,4,2,NULL,NULL,6,11,0,2017,NULL,600.00,2,'2017-08-21 13:21:35','2017-08-21 13:21:35'),(22,96,4,2,NULL,NULL,6,12,0,2017,NULL,600.00,2,'2017-08-21 13:21:48','2017-08-21 13:21:48');
/*!40000 ALTER TABLE `magazine_digital_transaction_table` ENABLE KEYS */;
UNLOCK TABLES;

--
-- Table structure for table `magazine_issue_discount_table`
--

DROP TABLE IF EXISTS `magazine_issue_discount_table`;
/*!40101 SET @saved_cs_client     = @@character_set_client */;
/*!40101 SET character_set_client = utf8 */;
CREATE TABLE `magazine_issue_discount_table` (
  `Id` int(11) NOT NULL AUTO_INCREMENT,
  `magazine_id` int(11) DEFAULT NULL,
  `percent` decimal(18,3) DEFAULT NULL,
  `type` tinyint(4) DEFAULT NULL,
  `status` tinyint(4) DEFAULT NULL,
  `updated_at` datetime DEFAULT NULL,
  `created_at` datetime DEFAULT NULL,
  PRIMARY KEY (`Id`)
) ENGINE=InnoDB AUTO_INCREMENT=51 DEFAULT CHARSET=latin1;
/*!40101 SET character_set_client = @saved_cs_client */;

--
-- Dumping data for table `magazine_issue_discount_table`
--

LOCK TABLES `magazine_issue_discount_table` WRITE;
/*!40000 ALTER TABLE `magazine_issue_discount_table` DISABLE KEYS */;
INSERT INTO `magazine_issue_discount_table` VALUES (1,8,10.000,2,2,'2017-07-10 11:41:48','2017-07-10 11:41:48'),(2,8,10.000,3,2,'2017-07-10 11:41:48','2017-07-10 11:41:48'),(3,8,15.000,4,2,'2017-07-10 11:41:48','2017-07-10 11:41:48'),(4,7,2.150,2,2,'2017-07-10 12:31:31','2017-07-10 12:31:31'),(5,7,10.000,3,2,'2017-07-10 12:31:31','2017-07-10 12:31:31'),(6,7,12.450,4,2,'2017-07-10 12:31:31','2017-07-10 12:31:31'),(7,9,10.000,2,2,'2017-07-10 12:43:51','2017-07-10 12:43:51'),(8,10,15.000,2,2,'2017-07-10 13:03:13','2017-07-10 13:03:13'),(9,10,15.000,3,2,'2017-07-10 13:03:13','2017-07-10 13:03:13'),(10,10,25.000,4,2,'2017-07-10 13:03:13','2017-07-10 13:03:13'),(11,11,15.000,2,2,'2017-07-10 13:10:42','2017-07-10 13:10:42'),(12,11,15.000,3,2,'2017-07-10 13:10:42','2017-07-10 13:10:42'),(13,11,25.000,4,2,'2017-07-10 13:10:42','2017-07-10 13:10:42'),(14,12,5.000,3,2,'2017-08-28 12:54:56','2017-08-28 11:48:32'),(15,12,5.000,4,2,'2017-08-28 12:54:56','2017-08-28 11:48:32'),(16,12,5.000,5,2,'2017-08-28 12:54:56','2017-08-28 11:48:32'),(17,12,10.000,6,2,'2017-08-28 12:54:56','2017-08-28 11:48:32'),(18,14,2.000,2,2,'2017-09-06 08:15:22','2017-09-01 10:07:51'),(19,14,10.000,3,2,'2017-09-06 08:15:22','2017-09-01 10:07:51'),(20,14,12.000,4,2,'2017-09-06 08:15:22','2017-09-01 10:07:51'),(21,14,0.000,5,2,'2017-09-06 08:15:22','2017-09-01 10:07:51'),(22,14,0.000,6,2,'2017-09-06 08:15:22','2017-09-01 10:07:51'),(23,14,0.000,7,2,'2017-09-06 08:15:22','2017-09-01 10:07:51'),(24,14,0.000,8,2,'2017-09-06 08:15:22','2017-09-01 10:07:51'),(25,14,0.000,9,2,'2017-09-06 08:15:22','2017-09-01 10:07:51'),(26,14,0.000,10,2,'2017-09-06 08:15:22','2017-09-01 10:07:51'),(27,14,0.000,11,2,'2017-09-06 08:15:22','2017-09-01 10:07:51'),(28,14,0.000,12,2,'2017-09-06 08:15:22','2017-09-01 10:07:51'),(29,16,0.000,2,2,'2017-09-11 08:23:06','2017-09-11 08:21:56'),(30,16,5.000,3,2,'2017-09-11 08:23:06','2017-09-11 08:21:56'),(31,16,5.000,4,2,'2017-09-11 08:23:06','2017-09-11 08:21:56'),(32,16,5.000,5,2,'2017-09-11 08:23:06','2017-09-11 08:21:56'),(33,16,10.000,6,2,'2017-09-11 08:23:06','2017-09-11 08:21:56'),(34,16,0.000,7,2,'2017-09-11 08:23:06','2017-09-11 08:21:56'),(35,16,0.000,8,2,'2017-09-11 08:23:06','2017-09-11 08:21:56'),(36,16,0.000,9,2,'2017-09-11 08:23:06','2017-09-11 08:21:56'),(37,16,0.000,10,2,'2017-09-11 08:23:06','2017-09-11 08:21:56'),(38,16,0.000,11,2,'2017-09-11 08:23:06','2017-09-11 08:21:56'),(39,16,0.000,12,2,'2017-09-11 08:23:06','2017-09-11 08:21:56'),(40,18,0.000,2,2,'2017-11-09 13:02:39','2017-11-09 12:57:56'),(41,18,0.000,3,2,'2017-11-09 13:02:39','2017-11-09 12:57:56'),(42,18,10.000,4,2,'2017-11-09 13:02:40','2017-11-09 12:57:56'),(43,18,0.000,5,2,'2017-11-09 13:02:40','2017-11-09 12:57:56'),(44,18,0.000,6,2,'2017-11-09 13:02:40','2017-11-09 12:57:56'),(45,18,0.000,7,2,'2017-11-09 13:02:40','2017-11-09 12:57:56'),(46,18,0.000,8,2,'2017-11-09 13:02:40','2017-11-09 12:57:56'),(47,18,0.000,9,2,'2017-11-09 13:02:40','2017-11-09 12:57:56'),(48,18,0.000,10,2,'2017-11-09 13:02:40','2017-11-09 12:57:56'),(49,18,0.000,11,2,'2017-11-09 13:02:40','2017-11-09 12:57:56'),(50,18,0.000,12,2,'2017-11-09 13:02:40','2017-11-09 12:57:56');
/*!40000 ALTER TABLE `magazine_issue_discount_table` ENABLE KEYS */;
UNLOCK TABLES;

--
-- Table structure for table `magazine_issue_transaction_table`
--

DROP TABLE IF EXISTS `magazine_issue_transaction_table`;
/*!40101 SET @saved_cs_client     = @@character_set_client */;
/*!40101 SET character_set_client = utf8 */;
CREATE TABLE `magazine_issue_transaction_table` (
  `id` int(11) unsigned NOT NULL AUTO_INCREMENT,
  `magazine_trans_id` int(11) DEFAULT NULL,
  `ad_criteria_id` int(11) DEFAULT NULL,
  `ad_package_id` int(11) DEFAULT NULL,
  `quarter_issued` tinyint(4) DEFAULT NULL,
  `line_item_qty` tinyint(4) DEFAULT NULL,
  `mag_price_id` int(11) DEFAULT NULL,
  `amount` decimal(18,2) DEFAULT NULL,
  `status` tinyint(11) DEFAULT NULL,
  `updated_at` datetime DEFAULT NULL,
  `created_at` datetime DEFAULT NULL,
  PRIMARY KEY (`id`)
) ENGINE=InnoDB AUTO_INCREMENT=512 DEFAULT CHARSET=latin1;
/*!40101 SET character_set_client = @saved_cs_client */;

--
-- Dumping data for table `magazine_issue_transaction_table`
--

LOCK TABLES `magazine_issue_transaction_table` WRITE;
/*!40000 ALTER TABLE `magazine_issue_transaction_table` DISABLE KEYS */;
INSERT INTO `magazine_issue_transaction_table` VALUES (2,7,1,12,1,1,175,1055.17,3,'2017-07-10 12:25:14','2017-07-10 12:19:53'),(3,7,1,12,2,1,175,1055.17,3,'2017-07-17 07:18:20','2017-07-10 12:20:16'),(4,7,1,12,3,1,175,1055.17,2,'2017-07-10 12:20:38','2017-07-10 12:20:38'),(5,7,1,12,4,1,175,1055.17,2,'2017-07-10 12:20:49','2017-07-10 12:20:49'),(6,8,1,12,1,1,175,1055.17,3,'2017-07-17 07:34:45','2017-07-10 13:40:43'),(7,8,1,12,2,1,175,1055.17,3,'2017-09-01 07:51:32','2017-07-10 13:42:24'),(8,8,1,12,3,1,175,1055.17,2,'2017-07-10 13:42:33','2017-07-10 13:42:33'),(9,8,1,12,4,1,175,1055.17,2,'2017-07-10 13:42:43','2017-07-10 13:42:43'),(10,9,1,19,1,2,171,1794.61,3,'2017-07-17 07:34:45','2017-07-10 13:58:09'),(11,9,1,19,2,2,171,1794.61,3,'2017-09-01 07:51:32','2017-07-10 13:58:35'),(12,9,1,19,3,2,171,1794.61,2,'2017-07-10 13:58:52','2017-07-10 13:58:52'),(13,9,1,19,4,2,171,1794.61,2,'2017-07-10 13:59:04','2017-07-10 13:59:04'),(14,10,1,11,1,1,174,1055.17,3,'2017-07-17 07:34:45','2017-07-11 07:00:45'),(15,10,1,11,2,1,174,1055.17,3,'2017-09-01 07:51:32','2017-07-11 07:02:04'),(16,10,1,11,3,1,174,1055.17,2,'2017-07-11 07:02:33','2017-07-11 07:02:33'),(17,10,1,11,4,1,174,1055.17,2,'2017-07-11 07:02:42','2017-07-11 07:02:42'),(18,11,1,19,1,1,171,1794.61,3,'2017-07-17 07:34:45','2017-07-11 07:14:01'),(19,11,1,19,2,1,171,1794.61,3,'2017-09-01 07:51:32','2017-07-11 07:14:15'),(20,11,1,19,3,1,171,1794.61,2,'2017-07-11 07:14:28','2017-07-11 07:14:28'),(21,11,1,19,4,1,171,1794.61,2,'2017-07-11 07:14:38','2017-07-11 07:14:38'),(26,12,1,11,1,1,174,1055.17,3,'2017-07-17 07:34:45','2017-07-11 07:29:38'),(27,12,1,11,2,1,174,1055.17,3,'2017-09-01 07:51:32','2017-07-11 07:30:40'),(28,12,1,11,3,1,174,1055.17,2,'2017-07-11 07:30:49','2017-07-11 07:30:49'),(29,12,1,11,4,1,174,1055.17,2,'2017-07-11 07:30:58','2017-07-11 07:30:58'),(30,13,1,6,2,1,181,740.03,3,'2017-09-01 07:51:32','2017-07-11 07:37:49'),(31,14,2,1,1,1,260,492.31,3,'2017-07-19 07:51:55','2017-07-11 08:25:20'),(32,14,2,1,2,1,260,492.31,3,'2017-09-01 07:51:32','2017-07-11 08:25:33'),(33,14,2,1,3,1,260,492.31,2,'2017-07-11 08:25:46','2017-07-11 08:25:46'),(34,14,2,1,4,1,260,492.31,2,'2017-07-11 08:25:56','2017-07-11 08:25:56'),(35,15,1,19,1,1,171,1794.61,3,'2017-07-17 07:34:45','2017-07-11 08:35:10'),(36,15,1,19,2,1,171,1794.61,3,'2017-09-01 07:51:32','2017-07-11 08:35:25'),(37,15,1,19,3,1,171,1794.61,2,'2017-07-11 08:35:33','2017-07-11 08:35:33'),(38,15,1,19,4,1,171,1794.61,2,'2017-07-11 08:35:44','2017-07-11 08:35:44'),(40,16,1,19,2,1,171,1794.61,2,'2017-07-11 08:43:13','2017-07-11 08:43:13'),(41,17,1,19,2,2,171,1794.61,2,'2017-07-11 08:49:50','2017-07-11 08:49:50'),(42,17,1,19,4,2,171,1794.61,2,'2017-07-11 08:50:20','2017-07-11 08:50:20'),(43,18,1,5,2,1,180,740.03,2,'2017-07-11 09:06:20','2017-07-11 09:06:20'),(45,18,1,5,3,1,180,740.03,2,'2017-07-11 09:07:41','2017-07-11 09:07:41'),(46,19,1,17,1,1,169,2628.62,2,'2017-07-11 09:17:24','2017-07-11 09:17:24'),(47,19,1,17,2,1,169,2628.62,2,'2017-07-11 09:17:46','2017-07-11 09:17:46'),(48,19,1,17,3,1,169,2628.62,2,'2017-07-11 09:17:58','2017-07-11 09:17:58'),(49,19,1,17,4,1,169,2628.62,2,'2017-07-11 09:18:05','2017-07-11 09:18:05'),(50,20,1,6,1,1,181,740.03,3,'2017-07-17 07:34:45','2017-07-11 09:26:46'),(51,20,1,6,2,1,181,740.03,3,'2017-09-01 07:51:32','2017-07-11 09:31:31'),(52,20,1,6,3,1,181,740.03,2,'2017-07-11 09:31:46','2017-07-11 09:31:46'),(53,20,1,5,4,1,180,740.03,2,'2017-07-11 09:31:59','2017-07-11 09:31:59'),(54,21,1,19,1,1,171,1794.61,2,'2017-07-11 09:49:25','2017-07-11 09:49:25'),(55,21,1,11,2,1,174,1055.17,2,'2017-07-11 09:51:20','2017-07-11 09:51:20'),(56,21,1,11,3,1,174,1055.17,2,'2017-07-11 09:51:30','2017-07-11 09:51:30'),(57,21,1,11,4,1,174,1055.17,2,'2017-07-11 09:51:45','2017-07-11 09:51:45'),(58,22,1,19,1,2,171,1794.61,3,'2017-07-17 07:34:45','2017-07-11 13:18:08'),(59,22,1,19,2,2,171,1794.61,3,'2017-09-01 07:51:32','2017-07-11 13:18:22'),(60,22,1,19,3,2,171,1794.61,2,'2017-07-11 13:18:33','2017-07-11 13:18:33'),(61,22,1,19,4,2,171,1794.61,2,'2017-07-11 13:18:55','2017-07-11 13:18:55'),(62,23,1,19,1,1,171,1794.61,2,'2017-07-11 13:47:21','2017-07-11 13:47:21'),(63,23,1,19,2,1,171,1794.61,2,'2017-07-11 13:47:29','2017-07-11 13:47:29'),(64,23,1,19,3,1,171,1794.61,2,'2017-07-11 13:47:37','2017-07-11 13:47:37'),(65,23,1,19,4,1,171,1794.61,2,'2017-07-11 13:47:45','2017-07-11 13:47:45'),(66,24,1,12,1,1,175,1055.17,2,'2017-07-11 13:52:35','2017-07-11 13:52:35'),(67,24,1,12,2,1,175,1055.17,2,'2017-07-11 13:52:47','2017-07-11 13:52:47'),(68,24,1,12,3,1,175,1055.17,2,'2017-07-11 13:52:55','2017-07-11 13:52:55'),(69,24,1,12,4,1,175,1055.17,2,'2017-07-11 13:53:03','2017-07-11 13:53:03'),(70,25,1,19,2,1,171,1794.61,2,'2017-07-11 14:02:05','2017-07-11 14:02:05'),(75,27,1,17,1,1,169,2628.62,2,'2017-07-12 09:23:47','2017-07-12 09:23:47'),(76,27,1,17,2,1,169,2628.62,2,'2017-07-12 09:23:55','2017-07-12 09:23:55'),(77,27,1,17,3,1,169,2628.62,2,'2017-07-12 09:24:02','2017-07-12 09:24:02'),(78,27,1,17,4,1,169,2628.62,2,'2017-07-12 09:24:09','2017-07-12 09:24:09'),(79,28,1,6,1,1,181,740.03,3,'2017-07-17 07:34:45','2017-07-12 13:00:59'),(80,28,1,6,2,1,181,740.03,3,'2017-09-01 07:51:32','2017-07-12 13:01:10'),(81,28,1,6,3,1,181,740.03,2,'2017-07-12 13:01:21','2017-07-12 13:01:21'),(82,28,1,6,4,1,181,740.03,2,'2017-07-12 13:01:31','2017-07-12 13:01:31'),(83,30,1,19,1,1,171,1794.61,2,'2017-07-12 13:25:43','2017-07-12 13:25:43'),(84,30,1,19,2,1,171,1794.61,2,'2017-07-12 13:26:36','2017-07-12 13:26:36'),(85,30,1,19,3,1,171,1794.61,2,'2017-07-12 13:26:49','2017-07-12 13:26:49'),(86,30,1,19,4,1,171,1794.61,2,'2017-07-12 13:26:56','2017-07-12 13:26:56'),(87,31,1,19,1,1,171,1794.61,2,'2017-07-12 13:37:32','2017-07-12 13:37:32'),(88,31,1,19,2,1,171,1794.61,2,'2017-07-12 13:37:39','2017-07-12 13:37:39'),(89,31,1,19,3,1,171,1794.61,2,'2017-07-12 13:37:47','2017-07-12 13:37:47'),(90,31,1,19,4,1,171,1794.61,2,'2017-07-12 13:37:53','2017-07-12 13:37:53'),(91,32,1,12,2,1,175,1055.17,2,'2017-07-12 13:55:12','2017-07-12 13:55:12'),(92,33,2,12,2,1,249,945.89,2,'2017-07-12 14:03:24','2017-07-12 14:03:24'),(93,34,2,6,1,1,255,630.76,2,'2017-07-12 14:15:19','2017-07-12 14:15:19'),(94,34,2,6,2,1,255,630.76,2,'2017-07-12 14:15:58','2017-07-12 14:15:58'),(95,34,2,6,3,1,255,630.76,2,'2017-07-12 14:16:07','2017-07-12 14:16:07'),(96,34,2,6,4,1,255,630.76,2,'2017-07-12 14:16:17','2017-07-12 14:16:17'),(97,35,1,19,1,1,171,1794.61,2,'2017-07-13 07:00:47','2017-07-13 07:00:47'),(98,35,1,19,2,1,171,1794.61,2,'2017-07-13 07:00:56','2017-07-13 07:00:56'),(99,35,1,19,3,1,171,1794.61,2,'2017-07-13 07:01:06','2017-07-13 07:01:06'),(100,35,1,19,4,1,171,1794.61,2,'2017-07-13 07:01:13','2017-07-13 07:01:13'),(101,36,1,19,2,1,171,1794.61,2,'2017-07-13 07:18:42','2017-07-13 07:18:42'),(102,37,1,19,2,1,171,1794.61,2,'2017-07-13 07:26:35','2017-07-13 07:26:35'),(107,39,1,19,1,1,171,1794.61,2,'2017-07-13 07:40:51','2017-07-13 07:40:51'),(108,39,1,19,2,1,171,1794.61,2,'2017-07-13 07:40:59','2017-07-13 07:40:59'),(109,39,1,19,3,1,171,1794.61,2,'2017-07-13 07:41:07','2017-07-13 07:41:07'),(110,39,1,19,4,1,171,1794.61,2,'2017-07-13 07:41:15','2017-07-13 07:41:15'),(111,38,1,19,1,1,171,1794.61,2,'2017-07-13 08:07:01','2017-07-13 08:07:01'),(112,38,1,19,2,1,171,1794.61,2,'2017-07-13 08:09:30','2017-07-13 08:09:30'),(113,38,1,19,3,1,171,1794.61,2,'2017-07-13 08:09:40','2017-07-13 08:09:40'),(114,38,1,19,4,1,171,1794.61,2,'2017-07-13 08:09:47','2017-07-13 08:09:47'),(115,40,1,19,1,1,171,1794.61,2,'2017-07-13 08:50:08','2017-07-13 08:50:08'),(116,40,1,19,2,1,171,1794.61,2,'2017-07-13 08:50:51','2017-07-13 08:50:51'),(117,40,1,19,3,1,171,1794.61,2,'2017-07-13 08:51:21','2017-07-13 08:51:21'),(118,40,1,19,4,1,171,1794.61,2,'2017-07-13 08:51:57','2017-07-13 08:51:57'),(119,41,1,8,1,1,177,844.70,2,'2017-07-13 09:05:27','2017-07-13 09:05:27'),(123,41,1,8,2,1,177,844.70,2,'2017-07-13 09:07:02','2017-07-13 09:07:02'),(124,41,1,8,3,1,177,844.70,2,'2017-07-13 09:07:21','2017-07-13 09:07:21'),(125,41,1,8,4,1,177,844.70,2,'2017-07-13 09:07:29','2017-07-13 09:07:29'),(126,42,1,19,1,1,171,1794.61,2,'2017-07-13 09:31:11','2017-07-13 09:31:11'),(127,42,1,19,2,1,171,1794.61,2,'2017-07-13 09:31:20','2017-07-13 09:31:20'),(128,42,1,19,3,1,171,1794.61,2,'2017-07-13 09:31:40','2017-07-13 09:31:40'),(129,42,1,19,4,1,171,1794.61,2,'2017-07-13 09:31:47','2017-07-13 09:31:47'),(130,43,1,19,1,1,171,1794.61,2,'2017-07-13 09:38:52','2017-07-13 09:38:52'),(131,43,1,19,2,1,171,1794.61,2,'2017-07-13 09:39:31','2017-07-13 09:39:31'),(132,43,1,19,3,1,171,1794.61,2,'2017-07-13 09:39:39','2017-07-13 09:39:39'),(133,43,1,19,4,1,171,1794.61,2,'2017-07-13 09:39:46','2017-07-13 09:39:46'),(134,43,1,12,1,1,175,1055.17,2,'2017-07-13 09:39:57','2017-07-13 09:39:57'),(135,43,1,12,2,1,175,1055.17,2,'2017-07-13 09:43:37','2017-07-13 09:43:37'),(136,43,1,12,3,1,175,1055.17,2,'2017-07-13 09:43:46','2017-07-13 09:43:46'),(137,43,1,12,4,1,175,1055.17,2,'2017-07-13 09:43:54','2017-07-13 09:43:54'),(138,44,1,11,1,1,210,1234.71,3,'2017-07-17 08:59:42','2017-07-17 08:51:56'),(139,44,1,11,2,1,210,1234.71,2,'2017-07-17 08:52:10','2017-07-17 08:52:10'),(140,47,1,1,1,1,219,411.18,2,'2017-07-17 09:37:55','2017-07-17 09:37:55'),(141,47,1,1,2,1,219,411.18,2,'2017-07-17 09:38:14','2017-07-17 09:38:14'),(142,48,1,1,1,1,219,411.18,2,'2017-07-17 10:31:29','2017-07-17 10:31:29'),(143,48,1,1,2,1,219,411.18,2,'2017-07-17 10:31:46','2017-07-17 10:31:46'),(144,49,1,3,1,1,217,528.82,2,'2017-07-17 10:55:12','2017-07-17 10:55:12'),(145,49,1,3,2,1,217,528.82,2,'2017-07-17 10:56:45','2017-07-17 10:56:45'),(146,50,1,1,1,1,219,411.18,2,'2017-07-17 11:06:08','2017-07-17 11:06:08'),(147,50,1,1,2,1,219,411.18,2,'2017-07-17 11:06:15','2017-07-17 11:06:15'),(148,51,1,19,1,1,206,2175.88,2,'2017-07-17 11:18:57','2017-07-17 11:18:57'),(149,51,1,19,2,1,206,2175.88,2,'2017-07-17 11:19:11','2017-07-17 11:19:11'),(150,52,1,6,1,1,216,705.29,2,'2017-07-17 11:44:48','2017-07-17 11:44:48'),(151,52,1,6,2,1,216,705.29,2,'2017-07-17 11:45:02','2017-07-17 11:45:02'),(152,53,1,1,1,1,219,411.18,2,'2017-07-17 11:52:07','2017-07-17 11:52:07'),(153,53,1,1,2,1,219,411.18,2,'2017-07-17 11:52:20','2017-07-17 11:52:20'),(154,54,1,6,1,1,216,705.29,2,'2017-07-17 12:11:35','2017-07-17 12:11:35'),(155,55,1,6,1,1,216,705.29,2,'2017-07-17 12:19:06','2017-07-17 12:19:06'),(156,56,1,19,1,1,206,2175.88,2,'2017-07-17 12:26:21','2017-07-17 12:26:21'),(157,56,1,12,2,1,211,1234.71,2,'2017-07-17 12:36:11','2017-07-17 12:36:11'),(158,57,1,11,1,1,210,1234.71,2,'2017-07-17 13:35:44','2017-07-17 13:35:44'),(159,57,1,11,2,1,210,1234.71,2,'2017-07-17 13:37:10','2017-07-17 13:37:10'),(160,58,1,8,1,1,212,881.76,2,'2017-07-17 14:14:30','2017-07-17 14:14:30'),(161,58,1,8,2,1,212,881.76,2,'2017-07-17 14:14:44','2017-07-17 14:14:44'),(162,59,1,8,1,1,212,881.76,2,'2017-07-17 14:19:23','2017-07-17 14:19:23'),(163,59,1,8,2,1,212,881.76,2,'2017-07-17 14:19:38','2017-07-17 14:19:38'),(164,66,1,19,1,1,171,1794.61,2,'2017-08-14 07:59:35','2017-08-14 07:59:35'),(165,67,2,1,1,1,260,492.31,2,'2017-08-14 11:15:07','2017-08-14 11:15:07'),(166,67,2,1,2,1,260,492.31,2,'2017-08-14 11:15:24','2017-08-14 11:15:24'),(167,67,2,1,3,1,260,492.31,2,'2017-08-14 11:15:33','2017-08-14 11:15:33'),(168,67,2,1,4,1,260,492.31,2,'2017-08-14 11:15:42','2017-08-14 11:15:42'),(169,69,1,22,1,1,264,2280.84,2,'2017-08-14 11:45:22','2017-08-14 11:45:22'),(170,69,1,22,2,1,264,2280.84,2,'2017-08-14 11:45:53','2017-08-14 11:45:53'),(171,69,1,22,3,1,264,2280.84,2,'2017-08-14 11:46:05','2017-08-14 11:46:05'),(172,69,1,22,4,1,264,2280.84,2,'2017-08-14 11:46:13','2017-08-14 11:46:13'),(173,70,1,12,1,1,175,1055.17,2,'2017-08-14 12:08:20','2017-08-14 12:08:20'),(174,70,1,12,2,1,175,1055.17,2,'2017-08-14 12:08:49','2017-08-14 12:08:49'),(175,70,1,12,3,1,175,1055.17,2,'2017-08-14 12:09:00','2017-08-14 12:09:00'),(176,70,1,12,4,1,175,1055.17,2,'2017-08-14 12:09:11','2017-08-14 12:09:11'),(177,71,1,11,1,1,174,1055.17,2,'2017-08-14 12:28:31','2017-08-14 12:28:31'),(178,71,1,11,2,1,174,1055.17,2,'2017-08-14 12:29:06','2017-08-14 12:29:06'),(179,71,1,11,3,1,174,1055.17,2,'2017-08-14 12:29:15','2017-08-14 12:29:15'),(180,71,1,11,4,1,174,1055.17,2,'2017-08-14 12:29:26','2017-08-14 12:29:26'),(181,72,1,11,1,1,174,1055.17,2,'2017-08-14 12:43:31','2017-08-14 12:43:31'),(182,72,1,11,2,1,174,1055.17,2,'2017-08-14 12:43:40','2017-08-14 12:43:40'),(183,72,1,11,3,1,174,1055.17,2,'2017-08-14 12:43:52','2017-08-14 12:43:52'),(184,72,1,11,4,1,174,1055.17,2,'2017-08-14 12:44:32','2017-08-14 12:44:32'),(185,73,1,19,1,1,171,1794.61,2,'2017-08-14 13:23:41','2017-08-14 13:23:41'),(186,73,1,19,2,1,171,1794.61,2,'2017-08-14 13:23:53','2017-08-14 13:23:53'),(187,73,1,19,3,1,171,1794.61,2,'2017-08-14 13:24:11','2017-08-14 13:24:11'),(188,73,1,19,4,1,171,1794.61,2,'2017-08-14 13:24:22','2017-08-14 13:24:22'),(189,74,1,6,1,1,181,740.03,2,'2017-08-14 13:39:40','2017-08-14 13:39:40'),(190,74,1,6,2,1,181,740.03,2,'2017-08-14 13:41:35','2017-08-14 13:41:35'),(191,74,1,6,3,1,181,740.03,2,'2017-08-14 13:41:48','2017-08-14 13:41:48'),(192,74,1,6,4,1,181,740.03,2,'2017-08-14 13:42:03','2017-08-14 13:42:03'),(197,75,1,21,1,1,263,2119.89,2,'2017-08-14 14:05:36','2017-08-14 14:05:36'),(198,75,1,21,2,1,263,2119.89,2,'2017-08-14 14:05:49','2017-08-14 14:05:49'),(199,75,1,21,3,1,263,2119.89,2,'2017-08-14 14:05:59','2017-08-14 14:05:59'),(200,75,1,21,4,1,263,2119.89,2,'2017-08-14 14:06:08','2017-08-14 14:06:08'),(201,26,1,19,1,1,171,1794.61,2,'2017-08-15 06:13:04','2017-08-15 06:13:04'),(202,26,1,19,2,1,171,1794.61,2,'2017-08-15 06:13:15','2017-08-15 06:13:15'),(203,26,1,19,3,1,171,1794.61,2,'2017-08-15 06:13:26','2017-08-15 06:13:26'),(204,26,1,19,4,1,171,1794.61,2,'2017-08-15 06:13:45','2017-08-15 06:13:45'),(205,76,1,19,1,1,171,1794.61,2,'2017-08-15 06:15:47','2017-08-15 06:15:47'),(206,76,1,19,2,1,171,1794.61,2,'2017-08-15 06:16:03','2017-08-15 06:16:03'),(207,76,1,19,3,1,171,1794.61,2,'2017-08-15 06:16:12','2017-08-15 06:16:12'),(208,76,1,19,4,1,171,1794.61,2,'2017-08-15 06:16:26','2017-08-15 06:16:26'),(209,77,2,6,1,1,255,630.76,2,'2017-08-15 07:23:41','2017-08-15 07:23:41'),(210,77,2,6,2,1,255,630.76,2,'2017-08-15 07:23:55','2017-08-15 07:23:55'),(211,77,2,6,3,1,255,630.76,2,'2017-08-15 07:24:08','2017-08-15 07:24:08'),(212,77,2,6,4,1,255,630.76,2,'2017-08-15 07:24:37','2017-08-15 07:24:37'),(213,78,1,20,1,1,262,2119.89,2,'2017-08-15 08:48:14','2017-08-15 08:48:14'),(214,78,1,20,2,1,262,2119.89,2,'2017-08-15 08:48:27','2017-08-15 08:48:27'),(215,78,1,20,3,1,262,2119.89,2,'2017-08-15 08:48:42','2017-08-15 08:48:42'),(216,78,1,20,4,1,262,2119.89,2,'2017-08-15 08:48:51','2017-08-15 08:48:51'),(217,79,1,19,1,1,171,1794.61,2,'2017-08-15 09:20:50','2017-08-15 09:20:50'),(218,79,1,19,2,1,171,1794.61,2,'2017-08-15 09:20:58','2017-08-15 09:20:58'),(219,79,1,19,3,1,171,1794.61,2,'2017-08-15 09:22:39','2017-08-15 09:22:39'),(220,79,1,19,4,1,171,1794.61,2,'2017-08-15 09:22:49','2017-08-15 09:22:49'),(221,80,1,19,1,1,171,1794.61,2,'2017-08-15 09:40:43','2017-08-15 09:40:43'),(222,80,1,19,2,1,171,1794.61,2,'2017-08-15 09:40:52','2017-08-15 09:40:52'),(223,80,1,19,3,1,171,1794.61,2,'2017-08-15 09:41:05','2017-08-15 09:41:05'),(224,80,1,19,4,1,171,1794.61,2,'2017-08-15 09:41:16','2017-08-15 09:41:16'),(225,81,1,19,1,1,171,1794.61,2,'2017-08-15 11:06:13','2017-08-15 11:06:13'),(226,81,1,19,2,1,171,1794.61,2,'2017-08-15 11:06:22','2017-08-15 11:06:22'),(227,81,1,19,3,1,171,1794.61,2,'2017-08-15 11:06:29','2017-08-15 11:06:29'),(228,81,1,19,4,1,171,1794.61,2,'2017-08-15 11:06:37','2017-08-15 11:06:37'),(229,82,1,8,1,1,212,881.76,2,'2017-08-15 12:33:49','2017-08-15 12:33:49'),(230,82,1,8,2,1,212,881.76,2,'2017-08-15 12:34:15','2017-08-15 12:34:15'),(231,83,1,8,1,1,212,881.76,2,'2017-08-15 13:31:14','2017-08-15 13:31:14'),(232,83,1,8,2,1,212,881.76,2,'2017-08-15 13:31:36','2017-08-15 13:31:36'),(233,84,1,11,1,1,210,1234.71,2,'2017-08-15 13:57:21','2017-08-15 13:57:21'),(234,85,1,1,1,1,219,411.18,2,'2017-08-15 14:16:35','2017-08-15 14:16:35'),(235,85,1,1,2,1,219,411.18,2,'2017-08-15 14:16:42','2017-08-15 14:16:42'),(236,86,1,1,1,1,219,411.18,2,'2017-08-16 06:31:30','2017-08-16 06:31:30'),(237,86,1,1,2,1,219,411.18,2,'2017-08-16 06:31:39','2017-08-16 06:31:39'),(240,88,1,1,1,1,219,411.18,2,'2017-08-16 07:34:33','2017-08-16 07:34:33'),(241,88,1,1,2,1,219,411.18,2,'2017-08-16 07:34:40','2017-08-16 07:34:40'),(242,89,1,22,1,1,270,2422.94,2,'2017-08-16 07:43:54','2017-08-16 07:43:54'),(244,90,1,14,2,1,170,1974.07,2,'2017-08-16 08:50:26','2017-08-16 08:50:26'),(245,91,1,11,1,1,210,1234.71,2,'2017-08-16 08:52:16','2017-08-16 08:52:16'),(246,91,1,11,2,1,210,1234.71,2,'2017-08-16 08:52:38','2017-08-16 08:52:38'),(247,93,1,1,1,1,219,411.18,2,'2017-08-16 09:06:25','2017-08-16 09:06:25'),(248,93,1,1,2,1,219,411.18,2,'2017-08-16 09:06:36','2017-08-16 09:06:36'),(249,94,1,5,1,1,215,705.29,2,'2017-08-16 13:09:00','2017-08-16 13:09:00'),(250,95,1,11,1,1,210,1234.71,2,'2017-08-16 13:33:11','2017-08-16 13:33:11'),(251,95,1,11,2,1,210,1234.71,2,'2017-08-16 13:33:28','2017-08-16 13:33:28'),(252,97,1,11,1,1,210,1234.71,2,'2017-08-25 12:29:15','2017-08-25 12:29:15'),(253,97,1,11,2,1,210,1234.71,2,'2017-08-25 12:29:27','2017-08-25 12:29:27'),(254,98,1,2,1,1,220,411.18,2,'2017-08-25 13:09:23','2017-08-25 13:09:23'),(255,98,1,2,2,1,220,411.18,2,'2017-08-25 13:10:47','2017-08-25 13:10:47'),(256,99,1,1,1,1,219,411.18,2,'2017-08-25 13:19:30','2017-08-25 13:19:30'),(257,100,1,6,1,1,216,705.29,2,'2017-08-25 13:37:02','2017-08-25 13:37:02'),(258,100,1,6,2,1,216,705.29,2,'2017-08-25 13:37:25','2017-08-25 13:37:25'),(259,101,1,14,1,1,170,1974.07,3,'2017-08-28 09:05:05','2017-08-28 08:06:09'),(260,92,1,17,1,1,187,2689.57,2,'2017-08-28 08:16:24','2017-08-28 08:16:24'),(261,103,1,1,1,1,272,602.24,2,'2017-08-28 11:58:04','2017-08-28 11:58:04'),(262,103,1,1,2,1,272,602.24,2,'2017-08-28 11:58:17','2017-08-28 11:58:17'),(263,103,1,1,3,1,272,602.24,2,'2017-08-28 11:58:33','2017-08-28 11:58:33'),(264,103,1,1,4,1,272,602.24,2,'2017-08-28 12:01:49','2017-08-28 12:01:49'),(265,103,1,1,5,1,272,602.24,2,'2017-08-28 12:01:57','2017-08-28 12:01:57'),(266,103,1,1,6,1,272,602.24,2,'2017-08-28 12:02:05','2017-08-28 12:02:05'),(267,104,1,19,1,1,278,1831.07,2,'2017-08-28 14:09:01','2017-08-28 14:09:01'),(268,104,1,19,2,1,278,1831.07,2,'2017-08-28 14:09:09','2017-08-28 14:09:09'),(269,104,1,19,3,1,278,1831.07,2,'2017-08-28 14:09:16','2017-08-28 14:09:16'),(270,104,1,19,4,1,278,1831.07,2,'2017-08-28 14:09:26','2017-08-28 14:09:26'),(271,104,1,19,5,1,278,1831.07,2,'2017-08-28 14:09:34','2017-08-28 14:09:34'),(272,104,1,19,6,1,278,1831.07,2,'2017-08-28 14:09:43','2017-08-28 14:09:43'),(279,106,1,19,1,1,278,1831.07,2,'2017-08-29 06:45:05','2017-08-29 06:45:05'),(280,106,1,19,2,1,278,1831.07,2,'2017-08-29 06:45:22','2017-08-29 06:45:22'),(281,106,1,19,3,1,278,1831.07,2,'2017-08-29 06:45:30','2017-08-29 06:45:30'),(282,106,1,19,4,1,278,1831.07,2,'2017-08-29 06:45:39','2017-08-29 06:45:39'),(283,106,1,19,5,1,278,1831.07,2,'2017-08-29 06:45:47','2017-08-29 06:45:47'),(284,106,1,19,6,1,278,1831.07,2,'2017-08-29 06:45:57','2017-08-29 06:45:57'),(291,108,1,11,1,1,283,1077.55,2,'2017-08-30 07:48:02','2017-08-30 07:48:02'),(292,108,1,11,2,1,283,1077.55,2,'2017-08-30 07:48:12','2017-08-30 07:48:12'),(293,108,1,11,3,1,283,1077.55,2,'2017-08-30 07:48:21','2017-08-30 07:48:21'),(294,108,1,11,4,1,283,1077.55,2,'2017-08-30 07:48:31','2017-08-30 07:48:31'),(295,108,1,11,5,1,283,1077.55,2,'2017-08-30 07:48:40','2017-08-30 07:48:40'),(296,108,1,11,6,1,283,1077.55,2,'2017-08-30 07:48:48','2017-08-30 07:48:48'),(297,110,1,1,1,1,272,602.24,2,'2017-08-30 07:55:53','2017-08-30 07:55:53'),(298,110,1,1,2,1,272,602.24,2,'2017-08-30 07:56:09','2017-08-30 07:56:09'),(299,110,1,1,3,1,272,602.24,2,'2017-08-30 07:56:18','2017-08-30 07:56:18'),(300,110,1,1,4,1,272,602.24,2,'2017-08-30 07:56:25','2017-08-30 07:56:25'),(301,110,1,1,5,1,272,602.24,2,'2017-08-30 07:56:35','2017-08-30 07:56:35'),(302,110,1,1,6,1,272,602.24,2,'2017-08-30 07:56:42','2017-08-30 07:56:42'),(303,111,1,1,1,1,323,602.24,2,'2017-08-30 12:48:35','2017-08-30 12:48:35'),(304,112,1,19,1,1,278,1831.07,2,'2017-08-30 13:15:16','2017-08-30 13:15:16'),(305,112,1,19,2,1,278,1831.07,2,'2017-08-30 13:15:29','2017-08-30 13:15:29'),(306,112,1,19,3,1,278,1831.07,2,'2017-08-30 13:15:41','2017-08-30 13:15:41'),(307,112,1,19,4,1,278,1831.07,2,'2017-08-30 13:15:51','2017-08-30 13:15:51'),(308,112,1,19,5,1,278,1831.07,2,'2017-08-30 13:16:00','2017-08-30 13:16:00'),(309,112,1,19,6,1,278,1831.07,2,'2017-08-30 13:16:09','2017-08-30 13:16:09'),(310,113,1,5,1,1,287,752.94,2,'2017-08-30 13:38:38','2017-08-30 13:38:38'),(311,113,1,5,2,1,287,752.94,2,'2017-08-30 13:38:49','2017-08-30 13:38:49'),(312,113,1,5,3,1,287,752.94,2,'2017-08-30 13:39:00','2017-08-30 13:39:00'),(313,113,1,5,4,1,287,752.94,2,'2017-08-30 13:39:11','2017-08-30 13:39:11'),(314,113,1,5,5,1,287,752.94,2,'2017-08-30 13:39:20','2017-08-30 13:39:20'),(315,113,1,5,6,1,287,752.94,2,'2017-08-30 13:39:32','2017-08-30 13:39:32'),(316,114,1,13,1,1,281,1228.25,2,'2017-08-30 13:58:56','2017-08-30 13:58:56'),(317,114,1,13,2,1,281,1228.25,2,'2017-08-30 13:59:12','2017-08-30 13:59:12'),(318,114,1,13,3,1,281,1228.25,2,'2017-08-30 13:59:22','2017-08-30 13:59:22'),(319,114,1,13,4,1,281,1228.25,2,'2017-08-30 13:59:36','2017-08-30 13:59:36'),(320,114,1,13,5,1,281,1228.25,2,'2017-08-30 13:59:50','2017-08-30 13:59:50'),(321,114,1,13,6,1,281,1228.25,2,'2017-08-30 14:00:03','2017-08-30 14:00:03'),(322,115,1,13,1,1,315,1228.25,2,'2017-08-30 14:12:08','2017-08-30 14:12:08'),(323,116,1,19,1,1,278,1831.07,2,'2017-08-31 07:27:55','2017-08-31 07:27:55'),(324,116,1,19,3,1,278,1831.07,2,'2017-08-31 07:28:11','2017-08-31 07:28:11'),(325,116,1,19,4,1,278,1831.07,2,'2017-08-31 07:28:33','2017-08-31 07:28:33'),(326,116,1,19,5,1,278,1831.07,2,'2017-08-31 07:28:43','2017-08-31 07:28:43'),(327,117,1,19,1,1,278,1831.07,2,'2017-08-31 08:21:25','2017-08-31 08:21:25'),(328,117,1,19,3,1,278,1831.07,2,'2017-08-31 08:21:53','2017-08-31 08:21:53'),(329,117,1,19,4,1,278,1831.07,2,'2017-08-31 08:22:04','2017-08-31 08:22:04'),(330,117,1,19,5,1,278,1831.07,2,'2017-08-31 08:22:53','2017-08-31 08:22:53'),(331,118,1,11,1,1,283,1077.55,2,'2017-08-31 08:53:32','2017-08-31 08:53:32'),(332,118,1,11,2,1,283,1077.55,2,'2017-08-31 08:53:45','2017-08-31 08:53:45'),(333,118,1,11,3,1,283,1077.55,2,'2017-08-31 08:54:00','2017-08-31 08:54:00'),(334,118,1,11,4,1,283,1077.55,2,'2017-08-31 08:54:47','2017-08-31 08:54:47'),(335,118,1,11,5,1,283,1077.55,2,'2017-08-31 08:55:32','2017-08-31 08:55:32'),(336,118,1,11,6,1,283,1077.55,2,'2017-08-31 08:56:01','2017-08-31 08:56:01'),(338,120,1,6,1,1,286,752.94,2,'2017-08-31 10:00:09','2017-08-31 10:00:09'),(340,123,1,5,2,1,198,623.81,2,'2017-09-01 09:06:09','2017-09-01 09:06:09'),(341,123,1,5,3,1,198,623.81,2,'2017-09-01 09:06:23','2017-09-01 09:06:23'),(342,124,1,5,3,1,198,623.81,2,'2017-09-01 09:17:58','2017-09-01 09:17:58'),(343,124,1,5,4,1,198,623.81,2,'2017-09-01 09:18:11','2017-09-01 09:18:11'),(344,125,1,5,3,1,198,623.81,2,'2017-09-01 09:33:49','2017-09-01 09:33:49'),(345,127,1,5,3,1,198,623.81,2,'2017-09-01 10:08:45','2017-09-01 10:08:45'),(346,127,1,5,4,1,198,623.81,2,'2017-09-01 10:08:56','2017-09-01 10:08:56'),(347,128,1,5,3,1,198,623.81,2,'2017-09-01 10:34:09','2017-09-01 10:34:09'),(348,128,1,5,4,1,198,623.81,2,'2017-09-01 10:34:23','2017-09-01 10:34:23'),(349,129,1,5,2,1,198,623.81,2,'2017-09-01 11:37:45','2017-09-01 11:37:45'),(350,129,1,5,3,1,198,623.81,2,'2017-09-01 11:38:10','2017-09-01 11:38:10'),(351,130,1,1,3,1,202,466.06,2,'2017-09-01 12:16:30','2017-09-01 12:16:30'),(352,131,1,5,1,1,198,623.81,2,'2017-09-01 13:03:47','2017-09-01 13:03:47'),(353,131,1,5,2,1,198,623.81,2,'2017-09-01 13:05:30','2017-09-01 13:05:30'),(354,131,1,5,3,1,198,623.81,2,'2017-09-01 13:05:40','2017-09-01 13:05:40'),(355,131,1,5,4,1,198,623.81,2,'2017-09-01 13:05:51','2017-09-01 13:05:51'),(357,133,1,11,3,1,193,1189.32,2,'2017-09-05 08:55:44','2017-09-05 08:55:44'),(358,134,1,19,2,1,189,1873.37,2,'2017-09-05 09:35:14','2017-09-05 09:35:14'),(359,134,1,19,3,1,189,1873.37,2,'2017-09-05 09:35:21','2017-09-05 09:35:21'),(360,134,1,19,4,1,189,1873.37,2,'2017-09-05 09:35:30','2017-09-05 09:35:30'),(361,135,1,5,3,1,198,623.81,2,'2017-09-05 09:48:22','2017-09-05 09:48:22'),(362,136,1,12,3,1,194,1189.32,2,'2017-09-05 09:54:51','2017-09-05 09:54:51'),(363,137,1,19,3,1,189,1873.37,2,'2017-09-05 11:09:16','2017-09-05 11:09:16'),(364,138,1,16,3,1,191,1513.78,2,'2017-09-05 11:21:51','2017-09-05 11:21:51'),(365,138,1,16,4,1,191,1513.78,2,'2017-09-05 11:22:01','2017-09-05 11:22:01'),(366,140,1,19,1,1,171,1794.61,2,'2017-09-06 07:25:58','2017-09-06 07:25:58'),(367,140,1,19,2,1,171,1794.61,2,'2017-09-06 07:26:06','2017-09-06 07:26:06'),(368,140,1,19,3,1,171,1794.61,2,'2017-09-06 07:26:12','2017-09-06 07:26:12'),(369,140,1,19,4,1,171,1794.61,2,'2017-09-06 07:26:19','2017-09-06 07:26:19'),(370,141,1,19,1,2,189,1873.37,2,'2017-09-06 07:29:49','2017-09-06 07:29:49'),(371,141,1,19,2,2,189,1873.37,2,'2017-09-06 07:30:15','2017-09-06 07:30:15'),(372,141,1,11,2,1,193,1189.32,2,'2017-09-06 07:31:12','2017-09-06 07:31:12'),(373,142,1,19,1,2,171,1794.61,2,'2017-09-06 07:36:25','2017-09-06 07:36:25'),(374,142,1,19,2,2,171,1794.61,2,'2017-09-06 07:36:38','2017-09-06 07:36:38'),(375,142,1,19,3,2,171,1794.61,2,'2017-09-06 07:36:47','2017-09-06 07:36:47'),(376,142,1,19,4,2,171,1794.61,2,'2017-09-06 07:36:58','2017-09-06 07:36:58'),(377,143,1,16,1,1,359,1513.78,2,'2017-09-06 08:16:20','2017-09-06 08:16:20'),(378,143,1,16,2,1,359,1513.78,2,'2017-09-06 08:16:29','2017-09-06 08:16:29'),(379,144,1,12,3,1,194,1189.32,2,'2017-09-06 08:49:52','2017-09-06 08:49:52'),(380,145,1,11,2,1,193,1189.32,2,'2017-09-06 08:57:27','2017-09-06 08:57:27'),(381,145,1,11,3,1,193,1189.32,2,'2017-09-06 08:57:38','2017-09-06 08:57:38'),(382,145,1,11,4,1,193,1189.32,2,'2017-09-06 08:57:47','2017-09-06 08:57:47'),(383,146,1,11,3,1,193,1189.32,2,'2017-09-06 09:59:27','2017-09-06 09:59:27'),(384,147,1,19,3,1,189,1873.37,2,'2017-09-06 13:55:50','2017-09-06 13:55:50'),(385,147,1,19,4,1,189,1873.37,2,'2017-09-06 13:55:59','2017-09-06 13:55:59'),(386,148,1,11,3,1,193,1189.32,2,'2017-09-07 06:32:34','2017-09-07 06:32:34'),(387,148,1,11,4,1,193,1189.32,2,'2017-09-07 06:32:49','2017-09-07 06:32:49'),(388,149,1,19,1,1,189,1873.37,2,'2017-09-07 07:10:57','2017-09-07 07:10:57'),(389,149,1,38,1,1,372,300.00,2,'2017-09-07 07:11:07','2017-09-07 07:11:07'),(390,150,1,5,1,1,198,623.81,2,'2017-09-07 07:48:25','2017-09-07 07:48:25'),(391,150,1,5,2,1,198,623.81,2,'2017-09-07 07:55:33','2017-09-07 07:55:33'),(392,150,1,5,3,1,198,623.81,2,'2017-09-07 07:55:45','2017-09-07 07:55:45'),(393,150,1,5,4,1,198,623.81,2,'2017-09-07 07:55:53','2017-09-07 07:55:53'),(394,151,1,11,1,1,193,1189.32,2,'2017-09-08 06:50:21','2017-09-08 06:50:21'),(395,151,1,11,2,1,193,1189.32,2,'2017-09-08 06:50:29','2017-09-08 06:50:29'),(396,151,1,11,3,1,193,1189.32,2,'2017-09-08 06:50:50','2017-09-08 06:50:50'),(397,151,1,11,4,1,193,1189.32,2,'2017-09-08 06:51:00','2017-09-08 06:51:00'),(398,153,1,11,1,1,379,1145.12,2,'2017-09-08 07:02:38','2017-09-08 07:02:38'),(399,154,1,15,3,1,190,1513.78,2,'2017-09-08 07:08:12','2017-09-08 07:08:12'),(400,155,1,11,3,1,193,1189.32,2,'2017-09-08 07:16:41','2017-09-08 07:16:41'),(401,156,1,6,3,1,199,623.81,2,'2017-09-08 07:21:04','2017-09-08 07:21:04'),(402,156,1,6,4,1,199,623.81,2,'2017-09-08 07:21:16','2017-09-08 07:21:16'),(403,157,1,6,1,1,366,623.81,2,'2017-09-08 07:24:13','2017-09-08 07:24:13'),(404,157,1,6,2,1,366,623.81,2,'2017-09-08 07:24:23','2017-09-08 07:24:23'),(405,119,1,6,1,1,286,752.94,2,'2017-09-08 07:33:30','2017-09-08 07:33:30'),(406,119,1,6,2,1,286,752.94,2,'2017-09-08 07:33:43','2017-09-08 07:33:43'),(407,119,1,6,3,1,286,752.94,2,'2017-09-08 07:33:52','2017-09-08 07:33:52'),(408,119,1,6,4,1,286,752.94,2,'2017-09-08 07:34:01','2017-09-08 07:34:01'),(409,119,1,6,5,1,286,752.94,2,'2017-09-08 07:34:12','2017-09-08 07:34:12'),(410,119,1,6,6,1,286,752.94,2,'2017-09-08 07:34:21','2017-09-08 07:34:21'),(411,158,1,6,1,1,286,752.94,2,'2017-09-08 10:53:45','2017-09-08 10:53:45'),(412,158,1,6,2,1,286,752.94,2,'2017-09-08 10:55:04','2017-09-08 10:55:04'),(413,158,1,6,3,1,286,752.94,2,'2017-09-08 10:55:25','2017-09-08 10:55:25'),(414,158,1,6,4,1,286,752.94,2,'2017-09-08 10:55:42','2017-09-08 10:55:42'),(415,158,1,6,5,1,286,752.94,2,'2017-09-08 10:55:51','2017-09-08 10:55:51'),(416,158,1,6,6,1,286,752.94,2,'2017-09-08 10:56:03','2017-09-08 10:56:03'),(417,159,1,19,4,1,278,1831.07,2,'2017-09-08 11:34:40','2017-09-08 11:34:40'),(418,160,1,19,1,1,278,1831.07,2,'2017-09-11 07:38:16','2017-09-11 07:38:16'),(419,160,1,19,2,1,278,1831.07,2,'2017-09-11 07:38:25','2017-09-11 07:38:25'),(420,160,1,19,3,1,278,1831.07,2,'2017-09-11 07:39:12','2017-09-11 07:39:12'),(421,160,1,19,4,1,278,1831.07,2,'2017-09-11 07:39:19','2017-09-11 07:39:19'),(422,160,1,19,5,1,278,1831.07,2,'2017-09-11 07:39:28','2017-09-11 07:39:28'),(423,160,1,19,6,1,278,1831.07,2,'2017-09-11 07:39:36','2017-09-11 07:39:36'),(430,107,1,19,3,1,278,1831.07,2,'2017-09-11 07:59:50','2017-09-11 07:59:50'),(431,107,1,11,4,1,283,1077.55,2,'2017-09-11 08:00:07','2017-09-11 08:00:07'),(432,107,1,11,5,1,283,1077.55,2,'2017-09-11 08:00:21','2017-09-11 08:00:21'),(433,107,1,11,6,1,283,1077.55,2,'2017-09-11 08:00:34','2017-09-11 08:00:34'),(434,162,1,11,1,1,397,1077.55,2,'2017-09-11 08:31:38','2017-09-11 08:31:38'),(435,162,1,11,2,1,397,1077.55,2,'2017-09-11 08:31:53','2017-09-11 08:31:53'),(436,164,1,11,4,1,283,1077.55,2,'2017-09-11 12:05:51','2017-09-11 12:05:51'),(437,165,1,11,4,1,283,1077.55,2,'2017-09-11 12:53:24','2017-09-11 12:53:24'),(438,166,1,19,4,1,278,1831.07,2,'2017-09-11 13:12:07','2017-09-11 13:12:07'),(440,168,1,13,2,1,281,1228.25,2,'2017-09-11 13:36:32','2017-09-11 13:36:32'),(441,168,1,13,3,1,281,1228.25,2,'2017-09-11 13:36:43','2017-09-11 13:36:43'),(442,168,1,13,4,1,281,1228.25,2,'2017-09-11 13:36:53','2017-09-11 13:36:53'),(443,168,1,13,5,1,281,1228.25,2,'2017-09-11 13:37:10','2017-09-11 13:37:10'),(444,168,1,13,6,1,281,1228.25,2,'2017-09-11 13:37:42','2017-09-11 13:37:42'),(445,169,1,19,1,2,278,1831.07,2,'2017-09-12 13:14:25','2017-09-12 13:14:25'),(446,169,1,19,2,2,278,1831.07,2,'2017-09-12 13:14:35','2017-09-12 13:14:35'),(447,169,1,19,3,2,278,1831.07,2,'2017-09-12 13:14:43','2017-09-12 13:14:43'),(448,169,1,19,4,2,278,1831.07,2,'2017-09-12 13:14:57','2017-09-12 13:14:57'),(449,169,1,19,5,2,278,1831.07,2,'2017-09-12 13:15:12','2017-09-12 13:15:12'),(450,169,1,19,6,2,278,1831.07,2,'2017-09-12 13:15:44','2017-09-12 13:15:44'),(451,170,1,11,4,1,283,1077.55,2,'2017-09-12 13:53:35','2017-09-12 13:53:35'),(452,170,1,11,5,1,283,1077.55,2,'2017-09-12 13:53:49','2017-09-12 13:53:49'),(453,170,1,11,6,1,283,1077.55,2,'2017-09-12 13:53:59','2017-09-12 13:53:59'),(454,172,1,19,4,1,278,1831.07,2,'2017-09-13 08:21:53','2017-09-13 08:21:53'),(455,173,1,16,4,1,280,1494.88,2,'2017-09-13 08:56:17','2017-09-13 08:56:17'),(456,174,3,1,2,1,306,324.02,2,'2017-09-13 09:04:40','2017-09-13 09:04:40'),(457,174,3,1,3,1,306,324.02,2,'2017-09-13 09:06:32','2017-09-13 09:06:32'),(458,174,3,1,4,1,306,324.02,2,'2017-09-13 09:07:05','2017-09-13 09:07:05'),(459,174,3,1,5,1,306,324.02,2,'2017-09-13 09:07:16','2017-09-13 09:07:16'),(460,174,3,1,6,1,306,324.02,2,'2017-09-13 09:07:25','2017-09-13 09:07:25'),(461,175,1,13,2,1,281,1228.25,2,'2017-09-13 09:47:21','2017-09-13 09:47:21'),(462,175,1,13,3,1,281,1228.25,2,'2017-09-13 09:47:30','2017-09-13 09:47:30'),(463,175,1,13,4,1,281,1228.25,2,'2017-09-13 09:47:39','2017-09-13 09:47:39'),(464,175,1,13,5,1,281,1228.25,2,'2017-09-13 09:47:49','2017-09-13 09:47:49'),(465,175,1,13,6,1,281,1228.25,2,'2017-09-13 09:47:56','2017-09-13 09:47:56'),(466,176,1,11,4,1,283,1077.55,2,'2017-09-13 11:03:42','2017-09-13 11:03:42'),(467,177,1,17,4,1,276,2700.54,2,'2017-09-13 12:19:43','2017-09-13 12:19:43'),(468,178,1,11,2,1,283,1077.55,2,'2017-09-13 13:01:04','2017-09-13 13:01:04'),(469,178,1,11,3,1,283,1077.55,2,'2017-09-13 13:01:27','2017-09-13 13:01:27'),(470,178,1,11,4,1,283,1077.55,2,'2017-09-13 13:01:35','2017-09-13 13:01:35'),(471,178,1,11,5,1,283,1077.55,2,'2017-09-13 13:01:50','2017-09-13 13:01:50'),(472,178,1,11,6,1,283,1077.55,2,'2017-09-13 13:01:59','2017-09-13 13:01:59'),(473,179,1,19,4,1,278,1831.07,2,'2017-09-13 14:25:57','2017-09-13 14:25:57'),(474,180,1,6,1,1,286,752.94,2,'2017-09-14 11:12:41','2017-09-14 11:12:41'),(475,180,1,6,2,1,286,752.94,2,'2017-09-14 11:12:51','2017-09-14 11:12:51'),(476,180,1,6,3,1,286,752.94,2,'2017-09-14 11:14:05','2017-09-14 11:14:05'),(477,180,1,6,4,1,286,752.94,2,'2017-09-14 11:14:13','2017-09-14 11:14:13'),(478,180,1,6,5,1,286,752.94,2,'2017-09-14 11:16:34','2017-09-14 11:16:34'),(479,180,1,6,6,1,286,752.94,2,'2017-09-14 11:16:47','2017-09-14 11:16:47'),(487,183,1,19,4,1,278,1831.07,2,'2017-09-14 12:40:25','2017-09-14 12:40:25'),(488,184,3,5,4,1,302,474.72,2,'2017-09-14 12:49:00','2017-09-14 12:49:00'),(489,185,1,19,3,1,278,1831.07,2,'2017-10-19 13:50:29','2017-10-19 13:50:29'),(490,188,1,22,4,1,264,2280.84,2,'2017-10-30 07:04:06','2017-10-30 07:04:06'),(491,190,1,19,1,1,406,1470.00,2,'2017-11-09 09:57:51','2017-11-09 09:57:51'),(495,191,1,19,1,1,411,2917.74,2,'2017-11-09 12:43:29','2017-11-09 12:43:29'),(502,191,1,19,2,1,413,2917.74,2,'2017-11-09 15:29:13','2017-11-09 15:29:13'),(503,191,1,19,3,1,413,2917.74,2,'2017-11-09 15:29:32','2017-11-09 15:29:32'),(504,191,1,19,4,1,413,2917.74,2,'2017-11-09 15:29:41','2017-11-09 15:29:41'),(505,196,1,19,1,1,413,2917.74,2,'2017-11-09 15:45:19','2017-11-09 15:45:19'),(506,196,1,19,2,1,413,2917.74,2,'2017-11-09 15:45:27','2017-11-09 15:45:27'),(507,196,1,19,3,1,413,2917.74,2,'2017-11-09 15:45:39','2017-11-09 15:45:39'),(508,196,1,19,4,1,413,2917.74,2,'2017-11-09 15:45:47','2017-11-09 15:45:47'),(509,198,1,19,4,1,171,1794.61,2,'2017-11-14 17:25:25','2017-11-14 17:25:25'),(510,200,1,19,1,1,189,1873.37,2,'2017-12-02 06:44:45','2017-12-02 06:44:45'),(511,199,1,19,1,1,189,1873.37,2,'2017-12-02 06:44:45','2017-12-02 06:44:45');
/*!40000 ALTER TABLE `magazine_issue_transaction_table` ENABLE KEYS */;
UNLOCK TABLES;

--
-- Table structure for table `magazine_table`
--

DROP TABLE IF EXISTS `magazine_table`;
/*!40101 SET @saved_cs_client     = @@character_set_client */;
/*!40101 SET character_set_client = utf8 */;
CREATE TABLE `magazine_table` (
  `Id` int(11) NOT NULL AUTO_INCREMENT,
  `logo_uid` varchar(60) DEFAULT NULL,
  `company_id` int(11) DEFAULT NULL,
  `mag_code` varchar(30) DEFAULT NULL,
  `magazine_name` varchar(100) DEFAULT NULL,
  `magazine_year` int(11) DEFAULT NULL,
  `magazine_issues` tinyint(4) DEFAULT NULL,
  `magazine_country` tinyint(4) DEFAULT NULL,
  `magazine_type` tinyint(4) DEFAULT NULL,
  `status` tinyint(4) DEFAULT NULL,
  `updated_at` datetime DEFAULT NULL,
  `created_at` datetime DEFAULT NULL,
  PRIMARY KEY (`Id`)
) ENGINE=InnoDB AUTO_INCREMENT=24 DEFAULT CHARSET=latin1;
/*!40101 SET character_set_client = @saved_cs_client */;

--
-- Dumping data for table `magazine_table`
--

LOCK TABLES `magazine_table` WRITE;
/*!40000 ALTER TABLE `magazine_table` DISABLE KEYS */;
INSERT INTO `magazine_table` VALUES (1,'201706220652594C5AACE0DDD',1,'kpa-magazine','KPA MAGAZINE',2017,0,1,2,2,'2017-06-22 17:03:28','2017-06-22 17:03:28'),(2,'201706220601594C6019381B3',2,'hrpa-newsletters','HRPA Newsletters',2017,0,2,2,2,'2017-06-22 17:26:27','2017-06-22 17:26:27'),(3,'201706230634594D1DD67324F',2,'hrprofessionalnow.ca','HRPROFESSIONALNOW.CA',2017,0,2,2,2,'2017-06-23 06:56:10','2017-06-23 06:56:10'),(4,'201706230654594D216E72961',2,'hrpa.ca','HRPA.CA',2017,0,2,2,2,'2017-06-23 07:11:11','2017-06-23 07:11:11'),(5,'201706230650594D225A6A1FA',2,'hireauthority.ca','HIREAUTHORITY.CA',2017,0,2,2,2,'2017-06-23 07:16:41','2017-06-23 07:16:41'),(6,'201706230601594D2355F1AD0',2,'hrpa-toronto-chapter-website','HRPA TORONTO CHAPTER WEBSITE',2017,0,2,2,2,'2017-06-23 07:20:34','2017-06-23 07:20:34'),(7,'201707070738595FB7A67D56F',2,'think-big-magazine','Think BIG Magazine',2017,4,2,1,2,'2017-07-10 09:51:17','2017-07-07 09:35:09'),(8,'201707070702595FE04ACF714',2,'piling-canada','Piling Canada',2017,4,2,1,2,'2017-07-10 09:51:28','2017-07-07 12:37:01'),(9,'2017071007555963A0F7078FD',2,'building-rural-manitoba','Building Rural Manitoba',2017,2,2,1,2,'2017-07-10 09:51:06','2017-07-10 08:58:13'),(10,'2017071007555963A6D3E6F90',2,'it\'s-toronto','It\'s Toronto',2017,4,2,1,1,'2017-11-09 09:37:04','2017-07-10 09:12:17'),(11,'2017071007325963AB30E92BA',2,'it\'s-vancouver','It\'s Vancouver',2017,4,2,1,1,'2017-11-09 09:37:17','2017-07-10 09:31:14'),(12,'20170828080159A4616526D53',3,'pile-driver','Pile Driver',2017,6,1,1,2,'2017-08-28 11:37:28','2017-08-28 11:37:28'),(13,'20170830080059A6D3E0AD245',3,'pdca-membership-directory','PDCA Membership Directory',2017,1,1,1,2,'2017-08-30 08:09:50','2017-08-30 08:09:50'),(14,'20170901095959A98747B230A',2,'think-big---2018','Think BIG - 2018',2018,4,2,1,2,'2017-09-01 10:06:54','2017-09-01 09:15:00'),(15,'20170905093359AEC085D2E81',2,'shca-rates-guide-&-roster-2017','SHCA Rates Guide & Roster 2017',2017,1,2,1,2,'2017-09-05 08:32:33','2017-09-05 08:19:56'),(16,'20170911094759B6A8A37738A',3,'piledriver-2018','PileDriver 2018',2018,6,1,1,2,'2017-09-11 08:19:44','2017-09-11 08:19:44'),(17,'2017110911315A04930F0F00E',2,'carm-membership-directory','CARM Membership Directory',2017,1,2,1,2,'2017-11-09 09:41:48','2017-11-09 09:41:48'),(18,'2017110911425A04B98AB3840',3,'air-traffic-control-journal','Air Traffic Control Journal',2018,4,1,1,2,'2017-11-09 12:25:17','2017-11-09 12:25:17'),(19,'2017110911325A04EDC4C1A10',3,'cmca-membership-directory','CMCA Membership Directory',2018,1,1,1,2,'2017-11-09 16:08:21','2017-11-09 16:08:21'),(20,'2017120212005A22B6CCCA819',2,'nikki-mag','Nikki Mag',2018,4,2,1,2,'2017-12-02 06:22:47','2017-12-02 06:22:47'),(21,'2017120212025A22B6CE6A915',2,'nicky-magazine','Nicky Magazine',2018,4,2,1,2,'2017-12-02 06:22:50','2017-12-02 06:22:50'),(22,'2017121012235A2DDC675DA9D',2,'xxx','XXX',2017,4,2,1,2,'2017-12-10 17:16:44','2017-12-10 17:16:44'),(23,'2017121012245A2DDC680682A',2,'sample','sample',2017,1,2,1,2,'2017-12-10 17:16:45','2017-12-10 17:16:45');
/*!40000 ALTER TABLE `magazine_table` ENABLE KEYS */;
UNLOCK TABLES;

--
-- Table structure for table `magazine_transaction_table`
--

DROP TABLE IF EXISTS `magazine_transaction_table`;
/*!40101 SET @saved_cs_client     = @@character_set_client */;
/*!40101 SET character_set_client = utf8 */;
CREATE TABLE `magazine_transaction_table` (
  `Id` int(11) NOT NULL AUTO_INCREMENT,
  `magazine_id` int(11) DEFAULT NULL,
  `transaction_id` int(11) DEFAULT NULL,
  `updated_at` datetime DEFAULT NULL,
  `created_at` datetime DEFAULT NULL,
  PRIMARY KEY (`Id`)
) ENGINE=InnoDB AUTO_INCREMENT=204 DEFAULT CHARSET=latin1;
/*!40101 SET character_set_client = @saved_cs_client */;

--
-- Dumping data for table `magazine_transaction_table`
--

LOCK TABLES `magazine_transaction_table` WRITE;
/*!40000 ALTER TABLE `magazine_transaction_table` DISABLE KEYS */;
INSERT INTO `magazine_transaction_table` VALUES (1,5,1,'2017-06-23 08:58:53','2017-06-23 08:58:53'),(2,2,2,'2017-06-29 08:03:14','2017-06-29 08:03:14'),(3,8,3,'2017-07-10 09:58:42','2017-07-10 09:58:42'),(4,8,4,'2017-07-10 11:13:31','2017-07-10 11:13:31'),(5,8,5,'2017-07-10 11:20:51','2017-07-10 11:20:51'),(6,8,6,'2017-07-10 11:42:51','2017-07-10 11:42:51'),(7,8,7,'2017-07-10 12:19:34','2017-07-10 12:19:34'),(8,8,8,'2017-07-10 13:40:18','2017-07-10 13:40:18'),(9,8,10,'2017-07-10 13:57:50','2017-07-10 13:57:50'),(10,8,11,'2017-07-11 07:00:16','2017-07-11 07:00:16'),(11,8,12,'2017-07-11 07:13:39','2017-07-11 07:13:39'),(12,8,13,'2017-07-11 07:21:27','2017-07-11 07:21:27'),(13,8,14,'2017-07-11 07:37:21','2017-07-11 07:37:21'),(14,8,15,'2017-07-11 08:25:01','2017-07-11 08:25:01'),(15,8,16,'2017-07-11 08:34:52','2017-07-11 08:34:52'),(16,8,17,'2017-07-11 08:42:13','2017-07-11 08:42:13'),(17,8,18,'2017-07-11 08:49:07','2017-07-11 08:49:07'),(18,8,19,'2017-07-11 09:06:04','2017-07-11 09:06:04'),(19,8,20,'2017-07-11 09:16:56','2017-07-11 09:16:56'),(20,8,21,'2017-07-11 09:26:29','2017-07-11 09:26:29'),(21,8,22,'2017-07-11 09:49:00','2017-07-11 09:49:00'),(22,8,23,'2017-07-11 13:17:49','2017-07-11 13:17:49'),(23,8,24,'2017-07-11 13:47:04','2017-07-11 13:47:04'),(24,8,25,'2017-07-11 13:52:08','2017-07-11 13:52:08'),(25,8,26,'2017-07-11 14:01:35','2017-07-11 14:01:35'),(26,8,27,'2017-07-11 14:14:29','2017-07-11 14:14:29'),(27,8,28,'2017-07-12 09:23:34','2017-07-12 09:23:34'),(28,8,29,'2017-07-12 13:00:33','2017-07-12 13:00:33'),(29,8,30,'2017-07-12 13:18:58','2017-07-12 13:18:58'),(30,8,31,'2017-07-12 13:24:44','2017-07-12 13:24:44'),(31,8,32,'2017-07-12 13:37:14','2017-07-12 13:37:14'),(32,8,33,'2017-07-12 13:55:00','2017-07-12 13:55:00'),(33,8,34,'2017-07-12 14:03:05','2017-07-12 14:03:05'),(34,8,35,'2017-07-12 14:14:28','2017-07-12 14:14:28'),(35,8,36,'2017-07-13 07:00:34','2017-07-13 07:00:34'),(36,8,37,'2017-07-13 07:18:17','2017-07-13 07:18:17'),(37,8,38,'2017-07-13 07:25:39','2017-07-13 07:25:39'),(38,8,39,'2017-07-13 07:31:43','2017-07-13 07:31:43'),(39,8,40,'2017-07-13 07:40:37','2017-07-13 07:40:37'),(40,8,41,'2017-07-13 08:49:51','2017-07-13 08:49:51'),(41,8,42,'2017-07-13 09:04:51','2017-07-13 09:04:51'),(42,8,43,'2017-07-13 09:31:03','2017-07-13 09:31:03'),(43,8,44,'2017-07-13 09:38:12','2017-07-13 09:38:12'),(44,9,45,'2017-07-17 08:51:35','2017-07-17 08:51:35'),(45,9,46,'2017-07-17 09:34:51','2017-07-17 09:34:51'),(46,9,47,'2017-07-17 09:36:01','2017-07-17 09:36:01'),(47,9,48,'2017-07-17 09:37:24','2017-07-17 09:37:24'),(48,9,49,'2017-07-17 09:58:53','2017-07-17 09:58:53'),(49,9,51,'2017-07-17 10:54:24','2017-07-17 10:54:24'),(50,9,52,'2017-07-17 11:05:33','2017-07-17 11:05:33'),(51,9,53,'2017-07-17 11:18:43','2017-07-17 11:18:43'),(52,9,54,'2017-07-17 11:44:34','2017-07-17 11:44:34'),(53,9,55,'2017-07-17 11:51:58','2017-07-17 11:51:58'),(54,9,56,'2017-07-17 12:11:08','2017-07-17 12:11:08'),(55,9,57,'2017-07-17 12:18:50','2017-07-17 12:18:50'),(56,9,58,'2017-07-17 12:25:56','2017-07-17 12:25:56'),(57,9,59,'2017-07-17 13:34:01','2017-07-17 13:34:01'),(58,9,60,'2017-07-17 14:13:55','2017-07-17 14:13:55'),(59,9,61,'2017-07-17 14:18:55','2017-07-17 14:18:55'),(60,7,62,'2017-07-19 06:56:57','2017-07-19 06:56:57'),(61,2,63,'2017-07-20 14:17:38','2017-07-20 14:17:38'),(62,4,64,'2017-08-04 11:30:59','2017-08-04 11:30:59'),(63,4,65,'2017-08-04 11:36:58','2017-08-04 11:36:58'),(64,4,66,'2017-08-04 11:37:20','2017-08-04 11:37:20'),(65,4,67,'2017-08-04 11:49:54','2017-08-04 11:49:54'),(66,8,69,'2017-08-14 07:58:19','2017-08-14 07:58:19'),(67,8,70,'2017-08-14 11:14:49','2017-08-14 11:14:49'),(68,8,71,'2017-08-14 11:23:59','2017-08-14 11:23:59'),(69,8,72,'2017-08-14 11:43:06','2017-08-14 11:43:06'),(70,8,73,'2017-08-14 12:07:57','2017-08-14 12:07:57'),(71,8,74,'2017-08-14 12:27:15','2017-08-14 12:27:15'),(72,8,75,'2017-08-14 12:41:40','2017-08-14 12:41:40'),(73,8,76,'2017-08-14 13:23:30','2017-08-14 13:23:30'),(74,8,77,'2017-08-14 13:39:10','2017-08-14 13:39:10'),(75,8,78,'2017-08-14 13:58:00','2017-08-14 13:58:00'),(76,8,79,'2017-08-15 06:15:24','2017-08-15 06:15:24'),(77,8,80,'2017-08-15 07:23:24','2017-08-15 07:23:24'),(78,8,81,'2017-08-15 08:44:31','2017-08-15 08:44:31'),(79,8,82,'2017-08-15 09:20:37','2017-08-15 09:20:37'),(80,8,83,'2017-08-15 09:39:59','2017-08-15 09:39:59'),(81,8,84,'2017-08-15 11:06:01','2017-08-15 11:06:01'),(82,9,85,'2017-08-15 12:31:56','2017-08-15 12:31:56'),(83,9,86,'2017-08-15 13:30:58','2017-08-15 13:30:58'),(84,9,87,'2017-08-15 13:57:04','2017-08-15 13:57:04'),(85,9,88,'2017-08-15 14:16:17','2017-08-15 14:16:17'),(86,9,89,'2017-08-16 06:31:20','2017-08-16 06:31:20'),(87,9,90,'2017-08-16 06:45:30','2017-08-16 06:45:30'),(88,9,91,'2017-08-16 07:34:24','2017-08-16 07:34:24'),(89,9,92,'2017-08-16 07:40:22','2017-08-16 07:40:22'),(90,8,93,'2017-08-16 08:40:12','2017-08-16 08:40:12'),(91,9,94,'2017-08-16 08:52:03','2017-08-16 08:52:03'),(92,7,95,'2017-08-16 08:53:01','2017-08-16 08:53:01'),(93,9,96,'2017-08-16 09:06:15','2017-08-16 09:06:15'),(94,9,97,'2017-08-16 13:04:23','2017-08-16 13:04:23'),(95,9,98,'2017-08-16 13:30:16','2017-08-16 13:30:16'),(96,4,99,'2017-08-21 13:18:05','2017-08-21 13:18:05'),(97,9,100,'2017-08-25 12:24:48','2017-08-25 12:24:48'),(98,9,101,'2017-08-25 13:03:46','2017-08-25 13:03:46'),(99,9,102,'2017-08-25 13:18:38','2017-08-25 13:18:38'),(100,9,103,'2017-08-25 13:36:50','2017-08-25 13:36:50'),(101,8,104,'2017-08-28 08:06:00','2017-08-28 08:06:00'),(102,8,105,'2017-08-28 08:19:59','2017-08-28 08:19:59'),(103,12,106,'2017-08-28 11:57:49','2017-08-28 11:57:49'),(104,12,107,'2017-08-28 14:08:33','2017-08-28 14:08:33'),(105,12,108,'2017-08-28 14:15:36','2017-08-28 14:15:36'),(106,12,109,'2017-08-29 06:44:46','2017-08-29 06:44:46'),(107,12,110,'2017-08-29 07:41:09','2017-08-29 07:41:09'),(108,12,111,'2017-08-30 07:47:29','2017-08-30 07:47:29'),(109,12,112,'2017-08-30 07:53:26','2017-08-30 07:53:26'),(110,12,113,'2017-08-30 07:55:33','2017-08-30 07:55:33'),(111,13,114,'2017-08-30 12:48:16','2017-08-30 12:48:16'),(112,12,115,'2017-08-30 13:11:54','2017-08-30 13:11:54'),(113,12,116,'2017-08-30 13:33:39','2017-08-30 13:33:39'),(114,12,117,'2017-08-30 13:56:15','2017-08-30 13:56:15'),(115,13,118,'2017-08-30 14:11:55','2017-08-30 14:11:55'),(116,12,119,'2017-08-31 07:27:40','2017-08-31 07:27:40'),(117,12,120,'2017-08-31 08:17:21','2017-08-31 08:17:21'),(118,12,121,'2017-08-31 08:52:21','2017-08-31 08:52:21'),(119,12,122,'2017-08-31 09:39:04','2017-08-31 09:39:04'),(120,12,123,'2017-08-31 09:59:27','2017-08-31 09:59:27'),(121,7,124,'2017-09-01 08:15:49','2017-09-01 08:15:49'),(122,7,125,'2017-09-01 08:44:45','2017-09-01 08:44:45'),(123,7,126,'2017-09-01 09:05:51','2017-09-01 09:05:51'),(124,7,127,'2017-09-01 09:17:45','2017-09-01 09:17:45'),(125,7,128,'2017-09-01 09:32:58','2017-09-01 09:32:58'),(126,7,129,'2017-09-01 09:47:02','2017-09-01 09:47:02'),(127,7,130,'2017-09-01 10:08:26','2017-09-01 10:08:26'),(128,7,131,'2017-09-01 10:33:55','2017-09-01 10:33:55'),(129,7,132,'2017-09-01 11:37:31','2017-09-01 11:37:31'),(130,7,133,'2017-09-01 12:12:58','2017-09-01 12:12:58'),(131,7,134,'2017-09-01 13:03:17','2017-09-01 13:03:17'),(132,7,135,'2017-09-05 08:50:05','2017-09-05 08:50:05'),(133,7,136,'2017-09-05 08:55:28','2017-09-05 08:55:28'),(134,7,137,'2017-09-05 09:35:03','2017-09-05 09:35:03'),(135,7,138,'2017-09-05 09:48:08','2017-09-05 09:48:08'),(136,7,139,'2017-09-05 09:54:23','2017-09-05 09:54:23'),(137,7,140,'2017-09-05 11:09:03','2017-09-05 11:09:03'),(138,7,141,'2017-09-05 11:21:10','2017-09-05 11:21:10'),(139,14,142,'2017-09-06 07:11:22','2017-09-06 07:11:22'),(140,8,143,'2017-09-06 07:25:42','2017-09-06 07:25:42'),(141,7,144,'2017-09-06 07:29:22','2017-09-06 07:29:22'),(142,8,145,'2017-09-06 07:36:04','2017-09-06 07:36:04'),(143,14,146,'2017-09-06 08:16:04','2017-09-06 08:16:04'),(144,7,147,'2017-09-06 08:49:29','2017-09-06 08:49:29'),(145,7,148,'2017-09-06 08:56:45','2017-09-06 08:56:45'),(146,7,149,'2017-09-06 09:59:16','2017-09-06 09:59:16'),(147,7,150,'2017-09-06 13:53:41','2017-09-06 13:53:41'),(148,7,151,'2017-09-07 06:32:18','2017-09-07 06:32:18'),(149,7,152,'2017-09-07 07:10:41','2017-09-07 07:10:41'),(150,7,153,'2017-09-07 07:43:56','2017-09-07 07:43:56'),(151,7,154,'2017-09-08 06:49:54','2017-09-08 06:49:54'),(152,15,155,'2017-09-08 06:53:00','2017-09-08 06:53:00'),(153,15,156,'2017-09-08 07:02:18','2017-09-08 07:02:18'),(154,7,157,'2017-09-08 07:07:58','2017-09-08 07:07:58'),(155,7,158,'2017-09-08 07:16:25','2017-09-08 07:16:25'),(156,7,159,'2017-09-08 07:20:44','2017-09-08 07:20:44'),(157,14,160,'2017-09-08 07:24:01','2017-09-08 07:24:01'),(158,12,162,'2017-09-08 10:41:56','2017-09-08 10:41:56'),(159,12,163,'2017-09-08 11:34:26','2017-09-08 11:34:26'),(160,12,164,'2017-09-11 07:38:03','2017-09-11 07:38:03'),(161,12,165,'2017-09-11 07:49:39','2017-09-11 07:49:39'),(162,16,167,'2017-09-11 08:31:12','2017-09-11 08:31:12'),(163,12,168,'2017-09-11 11:55:15','2017-09-11 11:55:15'),(164,12,169,'2017-09-11 12:05:27','2017-09-11 12:05:27'),(165,12,170,'2017-09-11 12:51:29','2017-09-11 12:51:29'),(166,12,171,'2017-09-11 13:11:42','2017-09-11 13:11:42'),(167,12,172,'2017-09-11 13:19:49','2017-09-11 13:19:49'),(168,12,173,'2017-09-11 13:29:49','2017-09-11 13:29:49'),(169,12,174,'2017-09-12 13:13:44','2017-09-12 13:13:44'),(170,12,175,'2017-09-12 13:53:17','2017-09-12 13:53:17'),(171,12,176,'2017-09-13 07:58:53','2017-09-13 07:58:53'),(172,12,177,'2017-09-13 08:21:39','2017-09-13 08:21:39'),(173,12,178,'2017-09-13 08:56:02','2017-09-13 08:56:02'),(174,12,179,'2017-09-13 09:03:51','2017-09-13 09:03:51'),(175,12,180,'2017-09-13 09:47:06','2017-09-13 09:47:06'),(176,12,181,'2017-09-13 11:03:27','2017-09-13 11:03:27'),(177,12,182,'2017-09-13 12:19:33','2017-09-13 12:19:33'),(178,12,183,'2017-09-13 13:00:26','2017-09-13 13:00:26'),(179,12,184,'2017-09-13 14:25:47','2017-09-13 14:25:47'),(180,12,185,'2017-09-14 11:12:27','2017-09-14 11:12:27'),(181,12,186,'2017-09-14 12:05:10','2017-09-14 12:05:10'),(182,12,187,'2017-09-14 12:21:28','2017-09-14 12:21:28'),(183,12,188,'2017-09-14 12:38:15','2017-09-14 12:38:15'),(184,12,189,'2017-09-14 12:48:42','2017-09-14 12:48:42'),(185,12,190,'2017-10-19 13:50:01','2017-10-19 13:50:01'),(186,8,191,'2017-10-19 15:21:51','2017-10-19 15:21:51'),(187,8,193,'2017-10-20 07:30:41','2017-10-20 07:30:41'),(188,8,194,'2017-10-30 07:03:07','2017-10-30 07:03:07'),(189,8,195,'2017-11-08 13:18:23','2017-11-08 13:18:23'),(190,17,197,'2017-11-09 09:57:23','2017-11-09 09:57:23'),(191,18,199,'2017-11-09 12:39:46','2017-11-09 12:39:46'),(192,18,201,'2017-11-09 12:48:23','2017-11-09 12:48:23'),(193,18,202,'2017-11-09 12:53:39','2017-11-09 12:53:39'),(194,18,203,'2017-11-09 12:58:42','2017-11-09 12:58:42'),(195,18,204,'2017-11-09 15:20:34','2017-11-09 15:20:34'),(196,18,205,'2017-11-09 15:45:10','2017-11-09 15:45:10'),(197,8,206,'2017-11-14 17:12:20','2017-11-14 17:12:20'),(198,8,207,'2017-11-14 17:25:12','2017-11-14 17:25:12'),(199,7,208,'2017-12-02 06:44:14','2017-12-02 06:44:14'),(200,7,209,'2017-12-02 06:44:16','2017-12-02 06:44:16'),(201,7,210,'2017-12-10 17:14:55','2017-12-10 17:14:55'),(202,7,211,'2017-12-10 17:14:55','2017-12-10 17:14:55'),(203,7,212,'2018-01-06 03:44:09','2018-01-06 03:44:09');
/*!40000 ALTER TABLE `magazine_transaction_table` ENABLE KEYS */;
UNLOCK TABLES;

--
-- Table structure for table `magzine_digital_price_table`
--

DROP TABLE IF EXISTS `magzine_digital_price_table`;
/*!40101 SET @saved_cs_client     = @@character_set_client */;
/*!40101 SET character_set_client = utf8 */;
CREATE TABLE `magzine_digital_price_table` (
  `Id` int(11) NOT NULL AUTO_INCREMENT,
  `mag_id` int(11) DEFAULT NULL,
  `ad_type` varchar(60) DEFAULT NULL,
  `ad_size` varchar(60) DEFAULT NULL,
  `ad_amount` decimal(18,2) DEFAULT NULL,
  `ad_issue` tinyint(4) DEFAULT NULL,
  `ad_status` tinyint(4) DEFAULT NULL,
  `updated_at` datetime DEFAULT NULL,
  `created_at` datetime DEFAULT NULL,
  PRIMARY KEY (`Id`)
) ENGINE=InnoDB AUTO_INCREMENT=11 DEFAULT CHARSET=latin1;
/*!40101 SET character_set_client = @saved_cs_client */;

--
-- Dumping data for table `magzine_digital_price_table`
--

LOCK TABLES `magzine_digital_price_table` WRITE;
/*!40000 ALTER TABLE `magzine_digital_price_table` DISABLE KEYS */;
INSERT INTO `magzine_digital_price_table` VALUES (1,1,'SAMPLE','320x280',350.00,2,2,'2017-06-22 17:04:04','2017-06-22 17:04:04'),(2,2,'Top Banner','500 x 64',2250.00,2,2,'2017-06-22 17:27:12','2017-06-22 17:27:12'),(3,2,'Middle Banner','500 x 64',1950.00,2,2,'2017-06-22 17:27:30','2017-06-22 17:27:30'),(4,2,'Bottom Banner','500 x 64',1650.00,2,2,'2017-06-22 17:27:44','2017-06-22 17:27:44'),(5,3,'Leaderboard','728 x 90',300.00,1,2,'2017-06-23 07:09:55','2017-06-23 07:09:55'),(6,4,'Leaderboard','728 x 90',600.00,1,2,'2017-06-23 07:11:30','2017-06-23 07:11:30'),(7,3,'Medium Rectangle','300 x 250',355.00,1,2,'2017-06-23 07:25:20','2017-06-23 07:14:28'),(8,5,'Leaderboard','728 x 90',500.00,1,2,'2017-06-23 07:16:57','2017-06-23 07:16:57'),(9,5,'Medium Rectangle','300 x 250',570.00,1,2,'2017-06-23 07:18:29','2017-06-23 07:18:29'),(10,6,'Leaderboard','728 x 90',100.00,1,2,'2017-06-23 07:20:50','2017-06-23 07:20:50');
/*!40000 ALTER TABLE `magzine_digital_price_table` ENABLE KEYS */;
UNLOCK TABLES;

--
-- Table structure for table `magzine_discount_table`
--

DROP TABLE IF EXISTS `magzine_discount_table`;
/*!40101 SET @saved_cs_client     = @@character_set_client */;
/*!40101 SET character_set_client = utf8 */;
CREATE TABLE `magzine_discount_table` (
  `Id` int(11) NOT NULL AUTO_INCREMENT,
  `mag_price_id` int(11) DEFAULT NULL,
  `percent` decimal(18,3) DEFAULT NULL,
  `type` tinyint(4) DEFAULT NULL,
  `status` tinyint(4) DEFAULT NULL,
  `updated_at` datetime DEFAULT NULL,
  `created_at` datetime DEFAULT NULL,
  PRIMARY KEY (`Id`)
) ENGINE=InnoDB AUTO_INCREMENT=1369 DEFAULT CHARSET=latin1;
/*!40101 SET character_set_client = @saved_cs_client */;

--
-- Dumping data for table `magzine_discount_table`
--

LOCK TABLES `magzine_discount_table` WRITE;
/*!40000 ALTER TABLE `magzine_discount_table` DISABLE KEYS */;
INSERT INTO `magzine_discount_table` VALUES (1,72,0.022,2,2,'2017-07-07 10:24:16','2017-07-07 10:24:16'),(2,72,0.100,3,2,'2017-07-07 10:24:16','2017-07-07 10:24:16'),(3,72,0.125,4,2,'2017-07-07 10:24:16','2017-07-07 10:24:16'),(4,72,0.000,5,2,'2017-07-07 10:24:16','2017-07-07 10:24:16'),(5,73,0.022,2,2,'2017-07-07 10:26:12','2017-07-07 10:26:12'),(6,73,0.100,3,2,'2017-07-07 10:26:12','2017-07-07 10:26:12'),(7,73,0.125,4,2,'2017-07-07 10:26:12','2017-07-07 10:26:12'),(8,73,0.000,5,2,'2017-07-07 10:26:12','2017-07-07 10:26:12'),(9,74,0.022,2,2,'2017-07-07 11:39:57','2017-07-07 11:39:57'),(10,74,0.100,3,2,'2017-07-07 11:39:57','2017-07-07 11:39:57'),(11,74,0.125,4,2,'2017-07-07 11:39:57','2017-07-07 11:39:57'),(12,74,0.000,5,2,'2017-07-07 11:39:57','2017-07-07 11:39:57'),(13,75,0.022,2,2,'2017-07-07 11:52:43','2017-07-07 11:52:43'),(14,75,0.100,3,2,'2017-07-07 11:52:43','2017-07-07 11:52:43'),(15,75,0.125,4,2,'2017-07-07 11:52:43','2017-07-07 11:52:43'),(16,75,0.000,5,2,'2017-07-07 11:52:43','2017-07-07 11:52:43'),(17,76,0.022,2,2,'2017-07-07 11:58:12','2017-07-07 11:58:12'),(18,76,0.100,3,2,'2017-07-07 11:58:12','2017-07-07 11:58:12'),(19,76,0.125,4,2,'2017-07-07 11:58:12','2017-07-07 11:58:12'),(20,76,0.000,5,2,'2017-07-07 11:58:12','2017-07-07 11:58:12'),(21,77,0.022,2,2,'2017-07-07 11:59:28','2017-07-07 11:59:28'),(22,77,0.100,3,2,'2017-07-07 11:59:28','2017-07-07 11:59:28'),(23,77,0.125,4,2,'2017-07-07 11:59:28','2017-07-07 11:59:28'),(24,77,0.000,5,2,'2017-07-07 11:59:28','2017-07-07 11:59:28'),(25,78,0.022,2,2,'2017-07-07 12:00:28','2017-07-07 12:00:28'),(26,78,0.100,3,2,'2017-07-07 12:00:28','2017-07-07 12:00:28'),(27,78,0.125,4,2,'2017-07-07 12:00:28','2017-07-07 12:00:28'),(28,78,0.000,5,2,'2017-07-07 12:00:28','2017-07-07 12:00:28'),(29,79,0.022,2,2,'2017-07-07 12:01:45','2017-07-07 12:01:45'),(30,79,0.100,3,2,'2017-07-07 12:01:45','2017-07-07 12:01:45'),(31,79,0.125,4,2,'2017-07-07 12:01:45','2017-07-07 12:01:45'),(32,79,0.000,5,2,'2017-07-07 12:01:45','2017-07-07 12:01:45'),(33,80,0.022,2,2,'2017-07-07 12:02:27','2017-07-07 12:02:27'),(34,80,0.100,3,2,'2017-07-07 12:02:27','2017-07-07 12:02:27'),(35,80,0.125,4,2,'2017-07-07 12:02:27','2017-07-07 12:02:27'),(36,80,0.000,5,2,'2017-07-07 12:02:27','2017-07-07 12:02:27'),(37,81,0.022,2,2,'2017-07-07 12:03:19','2017-07-07 12:03:19'),(38,81,0.100,3,2,'2017-07-07 12:03:19','2017-07-07 12:03:19'),(39,81,0.125,4,2,'2017-07-07 12:03:19','2017-07-07 12:03:19'),(40,81,0.000,5,2,'2017-07-07 12:03:19','2017-07-07 12:03:19'),(41,82,0.022,2,2,'2017-07-07 12:04:24','2017-07-07 12:04:24'),(42,82,0.100,3,2,'2017-07-07 12:04:24','2017-07-07 12:04:24'),(43,82,0.125,4,2,'2017-07-07 12:04:24','2017-07-07 12:04:24'),(44,82,0.000,5,2,'2017-07-07 12:04:24','2017-07-07 12:04:24'),(45,83,0.022,2,2,'2017-07-07 12:05:02','2017-07-07 12:05:02'),(46,83,0.100,3,2,'2017-07-07 12:05:02','2017-07-07 12:05:02'),(47,83,0.125,4,2,'2017-07-07 12:05:02','2017-07-07 12:05:02'),(48,83,0.000,5,2,'2017-07-07 12:05:02','2017-07-07 12:05:02'),(49,84,0.022,2,2,'2017-07-07 12:07:11','2017-07-07 12:07:11'),(50,84,0.100,3,2,'2017-07-07 12:07:11','2017-07-07 12:07:11'),(51,84,0.125,4,2,'2017-07-07 12:07:11','2017-07-07 12:07:11'),(52,84,0.000,5,2,'2017-07-07 12:07:11','2017-07-07 12:07:11'),(53,85,0.022,2,2,'2017-07-07 12:13:45','2017-07-07 12:13:45'),(54,85,0.100,3,2,'2017-07-07 12:13:45','2017-07-07 12:13:45'),(55,85,0.125,4,2,'2017-07-07 12:13:45','2017-07-07 12:13:45'),(56,85,0.000,5,2,'2017-07-07 12:13:45','2017-07-07 12:13:45'),(57,86,0.022,2,2,'2017-07-07 12:17:08','2017-07-07 12:17:08'),(58,86,0.100,3,2,'2017-07-07 12:17:08','2017-07-07 12:17:08'),(59,86,0.125,4,2,'2017-07-07 12:17:08','2017-07-07 12:17:08'),(60,86,0.000,5,2,'2017-07-07 12:17:08','2017-07-07 12:17:08'),(61,87,0.022,2,2,'2017-07-07 12:17:57','2017-07-07 12:17:57'),(62,87,0.100,3,2,'2017-07-07 12:17:57','2017-07-07 12:17:57'),(63,87,0.125,4,2,'2017-07-07 12:17:57','2017-07-07 12:17:57'),(64,87,0.000,5,2,'2017-07-07 12:17:57','2017-07-07 12:17:57'),(65,88,0.100,2,2,'2017-07-07 12:41:41','2017-07-07 12:41:41'),(66,88,0.000,3,2,'2017-07-07 12:41:41','2017-07-07 12:41:41'),(67,88,0.150,4,2,'2017-07-07 12:41:41','2017-07-07 12:41:41'),(68,88,0.000,5,2,'2017-07-07 12:41:41','2017-07-07 12:41:41'),(69,89,0.100,2,2,'2017-07-07 12:42:44','2017-07-07 12:42:44'),(70,89,0.000,3,2,'2017-07-07 12:42:44','2017-07-07 12:42:44'),(71,89,0.150,4,2,'2017-07-07 12:42:44','2017-07-07 12:42:44'),(72,89,0.000,5,2,'2017-07-07 12:42:44','2017-07-07 12:42:44'),(73,90,0.100,2,2,'2017-07-07 12:43:44','2017-07-07 12:43:44'),(74,90,0.000,3,2,'2017-07-07 12:43:44','2017-07-07 12:43:44'),(75,90,0.150,4,2,'2017-07-07 12:43:44','2017-07-07 12:43:44'),(76,90,0.000,5,2,'2017-07-07 12:43:44','2017-07-07 12:43:44'),(77,91,0.100,2,2,'2017-07-07 12:48:23','2017-07-07 12:48:23'),(78,91,0.000,3,2,'2017-07-07 12:48:23','2017-07-07 12:48:23'),(79,91,0.150,4,2,'2017-07-07 12:48:23','2017-07-07 12:48:23'),(80,91,0.000,5,2,'2017-07-07 12:48:23','2017-07-07 12:48:23'),(81,92,0.100,2,2,'2017-07-07 12:49:43','2017-07-07 12:49:43'),(82,92,0.000,3,2,'2017-07-07 12:49:43','2017-07-07 12:49:43'),(83,92,0.150,4,2,'2017-07-07 12:49:43','2017-07-07 12:49:43'),(84,92,0.000,5,2,'2017-07-07 12:49:43','2017-07-07 12:49:43'),(85,93,0.100,2,2,'2017-07-07 12:51:47','2017-07-07 12:51:47'),(86,93,0.000,3,2,'2017-07-07 12:51:47','2017-07-07 12:51:47'),(87,93,0.150,4,2,'2017-07-07 12:51:47','2017-07-07 12:51:47'),(88,93,0.000,5,2,'2017-07-07 12:51:47','2017-07-07 12:51:47'),(89,94,0.100,2,2,'2017-07-07 12:53:23','2017-07-07 12:53:23'),(90,94,0.000,3,2,'2017-07-07 12:53:23','2017-07-07 12:53:23'),(91,94,0.150,4,2,'2017-07-07 12:53:23','2017-07-07 12:53:23'),(92,94,0.000,5,2,'2017-07-07 12:53:23','2017-07-07 12:53:23'),(93,95,0.100,2,2,'2017-07-07 12:54:02','2017-07-07 12:54:02'),(94,95,0.000,3,2,'2017-07-07 12:54:02','2017-07-07 12:54:02'),(95,95,0.150,4,2,'2017-07-07 12:54:02','2017-07-07 12:54:02'),(96,95,0.000,5,2,'2017-07-07 12:54:02','2017-07-07 12:54:02'),(97,96,0.100,2,2,'2017-07-07 12:54:20','2017-07-07 12:54:20'),(98,96,0.000,3,2,'2017-07-07 12:54:20','2017-07-07 12:54:20'),(99,96,0.150,4,2,'2017-07-07 12:54:20','2017-07-07 12:54:20'),(100,96,0.000,5,2,'2017-07-07 12:54:20','2017-07-07 12:54:20'),(101,97,0.100,2,2,'2017-07-07 12:54:49','2017-07-07 12:54:49'),(102,97,0.000,3,2,'2017-07-07 12:54:49','2017-07-07 12:54:49'),(103,97,0.150,4,2,'2017-07-07 12:54:49','2017-07-07 12:54:49'),(104,97,0.000,5,2,'2017-07-07 12:54:49','2017-07-07 12:54:49'),(105,98,0.100,2,2,'2017-07-07 12:55:14','2017-07-07 12:55:14'),(106,98,0.000,3,2,'2017-07-07 12:55:14','2017-07-07 12:55:14'),(107,98,0.150,4,2,'2017-07-07 12:55:14','2017-07-07 12:55:14'),(108,98,0.000,5,2,'2017-07-07 12:55:14','2017-07-07 12:55:14'),(109,99,0.100,2,2,'2017-07-07 12:56:02','2017-07-07 12:56:02'),(110,99,0.000,3,2,'2017-07-07 12:56:02','2017-07-07 12:56:02'),(111,99,0.150,4,2,'2017-07-07 12:56:02','2017-07-07 12:56:02'),(112,99,0.000,5,2,'2017-07-07 12:56:02','2017-07-07 12:56:02'),(113,100,0.100,2,2,'2017-07-07 12:56:45','2017-07-07 12:56:45'),(114,100,0.000,3,2,'2017-07-07 12:56:45','2017-07-07 12:56:45'),(115,100,0.150,4,2,'2017-07-07 12:56:45','2017-07-07 12:56:45'),(116,100,0.000,5,2,'2017-07-07 12:56:45','2017-07-07 12:56:45'),(117,101,0.100,2,2,'2017-07-07 12:57:45','2017-07-07 12:57:45'),(118,101,0.000,3,2,'2017-07-07 12:57:45','2017-07-07 12:57:45'),(119,101,0.150,4,2,'2017-07-07 12:57:45','2017-07-07 12:57:45'),(120,101,0.000,5,2,'2017-07-07 12:57:45','2017-07-07 12:57:45'),(121,102,0.100,2,2,'2017-07-07 12:58:24','2017-07-07 12:58:24'),(122,102,0.000,3,2,'2017-07-07 12:58:24','2017-07-07 12:58:24'),(123,102,0.150,4,2,'2017-07-07 12:58:24','2017-07-07 12:58:24'),(124,102,0.000,5,2,'2017-07-07 12:58:24','2017-07-07 12:58:24'),(125,103,0.100,2,2,'2017-07-07 12:58:53','2017-07-07 12:58:53'),(126,103,0.000,3,2,'2017-07-07 12:58:53','2017-07-07 12:58:53'),(127,103,0.150,4,2,'2017-07-07 12:58:53','2017-07-07 12:58:53'),(128,103,0.000,5,2,'2017-07-07 12:58:53','2017-07-07 12:58:53'),(129,104,0.100,2,2,'2017-07-07 13:01:42','2017-07-07 13:01:42'),(130,104,0.000,3,2,'2017-07-07 13:01:42','2017-07-07 13:01:42'),(131,104,0.150,4,2,'2017-07-07 13:01:42','2017-07-07 13:01:42'),(132,104,0.000,5,2,'2017-07-07 13:01:42','2017-07-07 13:01:42'),(133,105,0.100,2,2,'2017-07-07 13:52:19','2017-07-07 13:52:19'),(134,105,0.000,3,2,'2017-07-07 13:52:19','2017-07-07 13:52:19'),(135,105,0.150,4,2,'2017-07-07 13:52:19','2017-07-07 13:52:19'),(136,105,0.000,5,2,'2017-07-07 13:52:19','2017-07-07 13:52:19'),(137,106,0.100,2,2,'2017-07-07 13:53:23','2017-07-07 13:53:23'),(138,106,0.000,3,2,'2017-07-07 13:53:23','2017-07-07 13:53:23'),(139,106,0.150,4,2,'2017-07-07 13:53:23','2017-07-07 13:53:23'),(140,106,0.000,5,2,'2017-07-07 13:53:23','2017-07-07 13:53:23'),(141,107,0.100,2,2,'2017-07-07 13:54:34','2017-07-07 13:54:34'),(142,107,0.000,3,2,'2017-07-07 13:54:34','2017-07-07 13:54:34'),(143,107,0.150,4,2,'2017-07-07 13:54:34','2017-07-07 13:54:34'),(144,107,0.000,5,2,'2017-07-07 13:54:34','2017-07-07 13:54:34'),(145,108,0.100,2,2,'2017-07-07 13:58:55','2017-07-07 13:58:55'),(146,108,0.000,3,2,'2017-07-07 13:58:55','2017-07-07 13:58:55'),(147,108,0.150,4,2,'2017-07-07 13:58:55','2017-07-07 13:58:55'),(148,108,0.000,5,2,'2017-07-07 13:58:55','2017-07-07 13:58:55'),(149,109,0.100,2,2,'2017-07-10 07:01:53','2017-07-10 07:01:53'),(150,109,0.000,3,2,'2017-07-10 07:01:53','2017-07-10 07:01:53'),(151,109,0.150,4,2,'2017-07-10 07:01:53','2017-07-10 07:01:53'),(152,109,0.000,5,2,'2017-07-10 07:01:53','2017-07-10 07:01:53'),(153,110,0.100,2,2,'2017-07-10 07:04:08','2017-07-10 07:04:08'),(154,110,0.000,3,2,'2017-07-10 07:04:08','2017-07-10 07:04:08'),(155,110,0.150,4,2,'2017-07-10 07:04:08','2017-07-10 07:04:08'),(156,110,0.000,5,2,'2017-07-10 07:04:08','2017-07-10 07:04:08'),(157,111,0.100,2,2,'2017-07-10 07:04:41','2017-07-10 07:04:41'),(158,111,0.000,3,2,'2017-07-10 07:04:41','2017-07-10 07:04:41'),(159,111,0.150,4,2,'2017-07-10 07:04:41','2017-07-10 07:04:41'),(160,111,0.000,5,2,'2017-07-10 07:04:41','2017-07-10 07:04:41'),(161,112,0.100,2,2,'2017-07-10 07:05:19','2017-07-10 07:05:19'),(162,112,0.000,3,2,'2017-07-10 07:05:19','2017-07-10 07:05:19'),(163,112,0.150,4,2,'2017-07-10 07:05:19','2017-07-10 07:05:19'),(164,112,0.000,5,2,'2017-07-10 07:05:19','2017-07-10 07:05:19'),(165,113,0.100,2,2,'2017-07-10 07:05:43','2017-07-10 07:05:43'),(166,113,0.000,3,2,'2017-07-10 07:05:43','2017-07-10 07:05:43'),(167,113,0.150,4,2,'2017-07-10 07:05:43','2017-07-10 07:05:43'),(168,113,0.000,5,2,'2017-07-10 07:05:43','2017-07-10 07:05:43'),(169,114,0.100,2,2,'2017-07-10 07:06:13','2017-07-10 07:06:13'),(170,114,0.000,3,2,'2017-07-10 07:06:13','2017-07-10 07:06:13'),(171,114,0.150,4,2,'2017-07-10 07:06:13','2017-07-10 07:06:13'),(172,114,0.000,5,2,'2017-07-10 07:06:13','2017-07-10 07:06:13'),(173,115,0.100,2,2,'2017-07-10 07:07:57','2017-07-10 07:07:57'),(174,115,0.000,3,2,'2017-07-10 07:07:57','2017-07-10 07:07:57'),(175,115,0.150,4,2,'2017-07-10 07:07:57','2017-07-10 07:07:57'),(176,115,0.000,5,2,'2017-07-10 07:07:57','2017-07-10 07:07:57'),(177,116,0.100,2,2,'2017-07-10 07:08:29','2017-07-10 07:08:29'),(178,116,0.000,3,2,'2017-07-10 07:08:29','2017-07-10 07:08:29'),(179,116,0.150,4,2,'2017-07-10 07:08:29','2017-07-10 07:08:29'),(180,116,0.000,5,2,'2017-07-10 07:08:29','2017-07-10 07:08:29'),(181,117,0.100,2,2,'2017-07-10 07:09:08','2017-07-10 07:09:08'),(182,117,0.000,3,2,'2017-07-10 07:09:08','2017-07-10 07:09:08'),(183,117,0.150,4,2,'2017-07-10 07:09:08','2017-07-10 07:09:08'),(184,117,0.000,5,2,'2017-07-10 07:09:08','2017-07-10 07:09:08'),(185,118,0.100,2,2,'2017-07-10 07:10:26','2017-07-10 07:10:26'),(186,118,0.000,3,2,'2017-07-10 07:10:26','2017-07-10 07:10:26'),(187,118,0.150,4,2,'2017-07-10 07:10:26','2017-07-10 07:10:26'),(188,118,0.000,5,2,'2017-07-10 07:10:26','2017-07-10 07:10:26'),(189,119,0.100,2,2,'2017-07-10 07:11:05','2017-07-10 07:11:05'),(190,119,0.000,3,2,'2017-07-10 07:11:05','2017-07-10 07:11:05'),(191,119,0.150,4,2,'2017-07-10 07:11:05','2017-07-10 07:11:05'),(192,119,0.000,5,2,'2017-07-10 07:11:05','2017-07-10 07:11:05'),(193,120,0.100,2,2,'2017-07-10 07:12:50','2017-07-10 07:12:50'),(194,120,0.000,3,2,'2017-07-10 07:12:50','2017-07-10 07:12:50'),(195,120,0.150,4,2,'2017-07-10 07:12:50','2017-07-10 07:12:50'),(196,120,0.000,5,2,'2017-07-10 07:12:50','2017-07-10 07:12:50'),(197,121,0.100,2,2,'2017-07-10 07:13:18','2017-07-10 07:13:18'),(198,121,0.000,3,2,'2017-07-10 07:13:18','2017-07-10 07:13:18'),(199,121,0.150,4,2,'2017-07-10 07:13:18','2017-07-10 07:13:18'),(200,121,0.000,5,2,'2017-07-10 07:13:18','2017-07-10 07:13:18'),(201,122,0.100,2,2,'2017-07-10 09:00:55','2017-07-10 09:00:55'),(202,122,0.000,3,2,'2017-07-10 09:00:55','2017-07-10 09:00:55'),(203,122,0.000,4,2,'2017-07-10 09:00:55','2017-07-10 09:00:55'),(204,122,0.000,5,2,'2017-07-10 09:00:55','2017-07-10 09:00:55'),(205,123,0.100,2,2,'2017-07-10 09:01:29','2017-07-10 09:01:29'),(206,123,0.000,3,2,'2017-07-10 09:01:29','2017-07-10 09:01:29'),(207,123,0.000,4,2,'2017-07-10 09:01:29','2017-07-10 09:01:29'),(208,123,0.000,5,2,'2017-07-10 09:01:29','2017-07-10 09:01:29'),(209,124,0.100,2,2,'2017-07-10 09:02:11','2017-07-10 09:02:11'),(210,124,0.000,3,2,'2017-07-10 09:02:11','2017-07-10 09:02:11'),(211,124,0.000,4,2,'2017-07-10 09:02:11','2017-07-10 09:02:11'),(212,124,0.000,5,2,'2017-07-10 09:02:11','2017-07-10 09:02:11'),(213,125,0.100,2,2,'2017-07-10 09:03:02','2017-07-10 09:03:02'),(214,125,0.000,3,2,'2017-07-10 09:03:02','2017-07-10 09:03:02'),(215,125,0.000,4,2,'2017-07-10 09:03:02','2017-07-10 09:03:02'),(216,125,0.000,5,2,'2017-07-10 09:03:02','2017-07-10 09:03:02'),(217,126,0.100,2,2,'2017-07-10 09:03:29','2017-07-10 09:03:29'),(218,126,0.000,3,2,'2017-07-10 09:03:29','2017-07-10 09:03:29'),(219,126,0.000,4,2,'2017-07-10 09:03:29','2017-07-10 09:03:29'),(220,126,0.000,5,2,'2017-07-10 09:03:29','2017-07-10 09:03:29'),(221,127,0.100,2,2,'2017-07-10 09:03:57','2017-07-10 09:03:57'),(222,127,0.000,3,2,'2017-07-10 09:03:57','2017-07-10 09:03:57'),(223,127,0.000,4,2,'2017-07-10 09:03:57','2017-07-10 09:03:57'),(224,127,0.000,5,2,'2017-07-10 09:03:57','2017-07-10 09:03:57'),(225,128,0.100,2,2,'2017-07-10 09:04:30','2017-07-10 09:04:30'),(226,128,0.000,3,2,'2017-07-10 09:04:30','2017-07-10 09:04:30'),(227,128,0.000,4,2,'2017-07-10 09:04:30','2017-07-10 09:04:30'),(228,128,0.000,5,2,'2017-07-10 09:04:30','2017-07-10 09:04:30'),(229,129,0.100,2,2,'2017-07-10 09:05:03','2017-07-10 09:05:03'),(230,129,0.000,3,2,'2017-07-10 09:05:03','2017-07-10 09:05:03'),(231,129,0.000,4,2,'2017-07-10 09:05:03','2017-07-10 09:05:03'),(232,129,0.000,5,2,'2017-07-10 09:05:03','2017-07-10 09:05:03'),(233,130,0.100,2,2,'2017-07-10 09:05:34','2017-07-10 09:05:34'),(234,130,0.000,3,2,'2017-07-10 09:05:34','2017-07-10 09:05:34'),(235,130,0.000,4,2,'2017-07-10 09:05:34','2017-07-10 09:05:34'),(236,130,0.000,5,2,'2017-07-10 09:05:34','2017-07-10 09:05:34'),(237,131,0.100,2,2,'2017-07-10 09:06:00','2017-07-10 09:06:00'),(238,131,0.000,3,2,'2017-07-10 09:06:00','2017-07-10 09:06:00'),(239,131,0.000,4,2,'2017-07-10 09:06:00','2017-07-10 09:06:00'),(240,131,0.000,5,2,'2017-07-10 09:06:00','2017-07-10 09:06:00'),(241,132,0.100,2,2,'2017-07-10 09:06:19','2017-07-10 09:06:19'),(242,132,0.000,3,2,'2017-07-10 09:06:19','2017-07-10 09:06:19'),(243,132,0.000,4,2,'2017-07-10 09:06:19','2017-07-10 09:06:19'),(244,132,0.000,5,2,'2017-07-10 09:06:19','2017-07-10 09:06:19'),(245,133,0.100,2,2,'2017-07-10 09:06:45','2017-07-10 09:06:45'),(246,133,0.000,3,2,'2017-07-10 09:06:45','2017-07-10 09:06:45'),(247,133,0.000,4,2,'2017-07-10 09:06:45','2017-07-10 09:06:45'),(248,133,0.000,5,2,'2017-07-10 09:06:45','2017-07-10 09:06:45'),(249,134,0.100,2,2,'2017-07-10 09:07:08','2017-07-10 09:07:08'),(250,134,0.000,3,2,'2017-07-10 09:07:08','2017-07-10 09:07:08'),(251,134,0.000,4,2,'2017-07-10 09:07:08','2017-07-10 09:07:08'),(252,134,0.000,5,2,'2017-07-10 09:07:08','2017-07-10 09:07:08'),(253,135,0.100,2,2,'2017-07-10 09:07:28','2017-07-10 09:07:28'),(254,135,0.000,3,2,'2017-07-10 09:07:28','2017-07-10 09:07:28'),(255,135,0.000,4,2,'2017-07-10 09:07:28','2017-07-10 09:07:28'),(256,135,0.000,5,2,'2017-07-10 09:07:28','2017-07-10 09:07:28'),(257,136,0.100,2,2,'2017-07-10 09:07:51','2017-07-10 09:07:51'),(258,136,0.000,3,2,'2017-07-10 09:07:51','2017-07-10 09:07:51'),(259,136,0.000,4,2,'2017-07-10 09:07:51','2017-07-10 09:07:51'),(260,136,0.000,5,2,'2017-07-10 09:07:51','2017-07-10 09:07:51'),(261,137,0.100,2,2,'2017-07-10 09:08:39','2017-07-10 09:08:39'),(262,137,0.000,3,2,'2017-07-10 09:08:39','2017-07-10 09:08:39'),(263,137,0.000,4,2,'2017-07-10 09:08:39','2017-07-10 09:08:39'),(264,137,0.000,5,2,'2017-07-10 09:08:39','2017-07-10 09:08:39'),(265,138,0.100,2,2,'2017-07-10 09:09:06','2017-07-10 09:09:06'),(266,138,0.000,3,2,'2017-07-10 09:09:06','2017-07-10 09:09:06'),(267,138,0.000,4,2,'2017-07-10 09:09:06','2017-07-10 09:09:06'),(268,138,0.000,5,2,'2017-07-10 09:09:06','2017-07-10 09:09:06'),(269,139,0.100,2,2,'2017-07-10 09:09:25','2017-07-10 09:09:25'),(270,139,0.000,3,2,'2017-07-10 09:09:25','2017-07-10 09:09:25'),(271,139,0.000,4,2,'2017-07-10 09:09:25','2017-07-10 09:09:25'),(272,139,0.000,5,2,'2017-07-10 09:09:25','2017-07-10 09:09:25'),(273,140,0.150,2,2,'2017-07-10 09:17:09','2017-07-10 09:17:09'),(274,140,0.000,3,2,'2017-07-10 09:17:09','2017-07-10 09:17:09'),(275,140,0.250,4,2,'2017-07-10 09:17:09','2017-07-10 09:17:09'),(276,140,0.000,5,2,'2017-07-10 09:17:09','2017-07-10 09:17:09'),(277,141,0.150,2,2,'2017-07-10 09:19:20','2017-07-10 09:19:20'),(278,141,0.000,3,2,'2017-07-10 09:19:20','2017-07-10 09:19:20'),(279,141,0.250,4,2,'2017-07-10 09:19:20','2017-07-10 09:19:20'),(280,141,0.000,5,2,'2017-07-10 09:19:20','2017-07-10 09:19:20'),(281,142,0.150,2,2,'2017-07-10 09:20:48','2017-07-10 09:20:48'),(282,142,0.000,3,2,'2017-07-10 09:20:48','2017-07-10 09:20:48'),(283,142,0.250,4,2,'2017-07-10 09:20:48','2017-07-10 09:20:48'),(284,142,0.000,5,2,'2017-07-10 09:20:48','2017-07-10 09:20:48'),(285,143,0.150,2,2,'2017-07-10 09:21:22','2017-07-10 09:21:22'),(286,143,0.000,3,2,'2017-07-10 09:21:22','2017-07-10 09:21:22'),(287,143,0.250,4,2,'2017-07-10 09:21:22','2017-07-10 09:21:22'),(288,143,0.000,5,2,'2017-07-10 09:21:22','2017-07-10 09:21:22'),(289,144,0.150,2,2,'2017-07-10 09:22:25','2017-07-10 09:22:25'),(290,144,0.000,3,2,'2017-07-10 09:22:25','2017-07-10 09:22:25'),(291,144,0.250,4,2,'2017-07-10 09:22:25','2017-07-10 09:22:25'),(292,144,0.000,5,2,'2017-07-10 09:22:25','2017-07-10 09:22:25'),(293,145,0.150,2,2,'2017-07-10 09:22:50','2017-07-10 09:22:50'),(294,145,0.000,3,2,'2017-07-10 09:22:50','2017-07-10 09:22:50'),(295,145,0.250,4,2,'2017-07-10 09:22:50','2017-07-10 09:22:50'),(296,145,0.000,5,2,'2017-07-10 09:22:50','2017-07-10 09:22:50'),(297,146,0.150,2,2,'2017-07-10 09:23:17','2017-07-10 09:23:17'),(298,146,0.000,3,2,'2017-07-10 09:23:17','2017-07-10 09:23:17'),(299,146,0.250,4,2,'2017-07-10 09:23:17','2017-07-10 09:23:17'),(300,146,0.000,5,2,'2017-07-10 09:23:17','2017-07-10 09:23:17'),(301,147,0.150,2,2,'2017-07-10 09:24:18','2017-07-10 09:24:18'),(302,147,0.000,3,2,'2017-07-10 09:24:18','2017-07-10 09:24:18'),(303,147,0.250,4,2,'2017-07-10 09:24:18','2017-07-10 09:24:18'),(304,147,0.000,5,2,'2017-07-10 09:24:18','2017-07-10 09:24:18'),(305,148,0.150,2,2,'2017-07-10 09:24:56','2017-07-10 09:24:56'),(306,148,0.000,3,2,'2017-07-10 09:24:56','2017-07-10 09:24:56'),(307,148,0.250,4,2,'2017-07-10 09:24:56','2017-07-10 09:24:56'),(308,148,0.000,5,2,'2017-07-10 09:24:56','2017-07-10 09:24:56'),(309,149,0.150,2,2,'2017-07-10 09:25:34','2017-07-10 09:25:34'),(310,149,0.000,3,2,'2017-07-10 09:25:34','2017-07-10 09:25:34'),(311,149,0.250,4,2,'2017-07-10 09:25:34','2017-07-10 09:25:34'),(312,149,0.000,5,2,'2017-07-10 09:25:34','2017-07-10 09:25:34'),(313,150,0.150,2,2,'2017-07-10 09:26:34','2017-07-10 09:26:34'),(314,150,0.000,3,2,'2017-07-10 09:26:34','2017-07-10 09:26:34'),(315,150,0.250,4,2,'2017-07-10 09:26:34','2017-07-10 09:26:34'),(316,150,0.000,5,2,'2017-07-10 09:26:34','2017-07-10 09:26:34'),(317,151,0.150,2,2,'2017-07-10 09:27:34','2017-07-10 09:27:34'),(318,151,0.000,3,2,'2017-07-10 09:27:34','2017-07-10 09:27:34'),(319,151,0.250,4,2,'2017-07-10 09:27:34','2017-07-10 09:27:34'),(320,151,0.000,5,2,'2017-07-10 09:27:34','2017-07-10 09:27:34'),(321,152,0.150,2,2,'2017-07-10 09:32:41','2017-07-10 09:32:41'),(322,152,0.000,3,2,'2017-07-10 09:32:41','2017-07-10 09:32:41'),(323,152,0.250,4,2,'2017-07-10 09:32:41','2017-07-10 09:32:41'),(324,152,0.000,5,2,'2017-07-10 09:32:41','2017-07-10 09:32:41'),(325,153,0.150,2,2,'2017-07-10 09:34:04','2017-07-10 09:34:04'),(326,153,0.000,3,2,'2017-07-10 09:34:04','2017-07-10 09:34:04'),(327,153,0.250,4,2,'2017-07-10 09:34:04','2017-07-10 09:34:04'),(328,153,0.000,5,2,'2017-07-10 09:34:04','2017-07-10 09:34:04'),(329,154,0.150,2,2,'2017-07-10 09:36:15','2017-07-10 09:36:15'),(330,154,0.000,3,2,'2017-07-10 09:36:15','2017-07-10 09:36:15'),(331,154,0.250,4,2,'2017-07-10 09:36:15','2017-07-10 09:36:15'),(332,154,0.000,5,2,'2017-07-10 09:36:15','2017-07-10 09:36:15'),(333,155,0.150,2,2,'2017-07-10 09:36:47','2017-07-10 09:36:47'),(334,155,0.000,3,2,'2017-07-10 09:36:47','2017-07-10 09:36:47'),(335,155,0.250,4,2,'2017-07-10 09:36:47','2017-07-10 09:36:47'),(336,155,0.000,5,2,'2017-07-10 09:36:47','2017-07-10 09:36:47'),(337,156,0.150,2,2,'2017-07-10 09:37:30','2017-07-10 09:37:30'),(338,156,0.000,3,2,'2017-07-10 09:37:30','2017-07-10 09:37:30'),(339,156,0.250,4,2,'2017-07-10 09:37:30','2017-07-10 09:37:30'),(340,156,0.000,5,2,'2017-07-10 09:37:30','2017-07-10 09:37:30'),(341,157,0.150,2,2,'2017-07-10 09:38:48','2017-07-10 09:38:48'),(342,157,0.000,3,2,'2017-07-10 09:38:48','2017-07-10 09:38:48'),(343,157,0.250,4,2,'2017-07-10 09:38:48','2017-07-10 09:38:48'),(344,157,0.000,5,2,'2017-07-10 09:38:48','2017-07-10 09:38:48'),(345,158,0.150,2,2,'2017-07-10 09:39:16','2017-07-10 09:39:16'),(346,158,0.000,3,2,'2017-07-10 09:39:16','2017-07-10 09:39:16'),(347,158,0.250,4,2,'2017-07-10 09:39:16','2017-07-10 09:39:16'),(348,158,0.000,5,2,'2017-07-10 09:39:16','2017-07-10 09:39:16'),(349,159,0.150,2,2,'2017-07-10 09:40:14','2017-07-10 09:40:14'),(350,159,0.000,3,2,'2017-07-10 09:40:14','2017-07-10 09:40:14'),(351,159,0.250,4,2,'2017-07-10 09:40:14','2017-07-10 09:40:14'),(352,159,0.000,5,2,'2017-07-10 09:40:14','2017-07-10 09:40:14'),(353,160,0.150,2,2,'2017-07-10 09:41:21','2017-07-10 09:41:21'),(354,160,0.000,3,2,'2017-07-10 09:41:21','2017-07-10 09:41:21'),(355,160,0.250,4,2,'2017-07-10 09:41:21','2017-07-10 09:41:21'),(356,160,0.000,5,2,'2017-07-10 09:41:21','2017-07-10 09:41:21'),(357,161,0.150,2,2,'2017-07-10 09:41:47','2017-07-10 09:41:47'),(358,161,0.000,3,2,'2017-07-10 09:41:47','2017-07-10 09:41:47'),(359,161,0.250,4,2,'2017-07-10 09:41:47','2017-07-10 09:41:47'),(360,161,0.000,5,2,'2017-07-10 09:41:47','2017-07-10 09:41:47'),(361,162,0.150,2,2,'2017-07-10 09:43:19','2017-07-10 09:43:19'),(362,162,0.000,3,2,'2017-07-10 09:43:19','2017-07-10 09:43:19'),(363,162,0.250,4,2,'2017-07-10 09:43:19','2017-07-10 09:43:19'),(364,162,0.000,5,2,'2017-07-10 09:43:19','2017-07-10 09:43:19'),(365,163,0.150,2,2,'2017-07-10 09:44:37','2017-07-10 09:44:37'),(366,163,0.000,3,2,'2017-07-10 09:44:37','2017-07-10 09:44:37'),(367,163,0.250,4,2,'2017-07-10 09:44:37','2017-07-10 09:44:37'),(368,163,0.000,5,2,'2017-07-10 09:44:37','2017-07-10 09:44:37'),(369,164,0.150,2,2,'2017-07-10 09:45:07','2017-07-10 09:45:07'),(370,164,0.000,3,2,'2017-07-10 09:45:07','2017-07-10 09:45:07'),(371,164,0.250,4,2,'2017-07-10 09:45:07','2017-07-10 09:45:07'),(372,164,0.000,5,2,'2017-07-10 09:45:07','2017-07-10 09:45:07'),(373,165,0.100,2,2,'2017-07-10 11:15:43','2017-07-10 11:15:43'),(374,165,0.000,3,2,'2017-07-10 11:15:43','2017-07-10 11:15:43'),(375,165,0.150,4,2,'2017-07-10 11:15:43','2017-07-10 11:15:43'),(376,165,0.000,5,2,'2017-07-10 11:15:43','2017-07-10 11:15:43'),(377,166,0.100,2,2,'2017-07-10 11:16:17','2017-07-10 11:16:17'),(378,166,0.000,3,2,'2017-07-10 11:16:17','2017-07-10 11:16:17'),(379,166,0.150,4,2,'2017-07-10 11:16:17','2017-07-10 11:16:17'),(380,166,0.000,5,2,'2017-07-10 11:16:17','2017-07-10 11:16:17'),(381,167,0.100,2,2,'2017-07-10 11:18:00','2017-07-10 11:18:00'),(382,167,0.000,3,2,'2017-07-10 11:18:00','2017-07-10 11:18:00'),(383,167,0.000,4,2,'2017-07-10 11:18:00','2017-07-10 11:18:00'),(384,167,0.000,5,2,'2017-07-10 11:18:00','2017-07-10 11:18:00'),(385,168,0.022,2,2,'2017-07-10 11:19:46','2017-07-10 11:19:46'),(386,168,0.100,3,2,'2017-07-10 11:19:46','2017-07-10 11:19:46'),(387,168,0.125,4,2,'2017-07-10 11:19:46','2017-07-10 11:19:46'),(388,168,0.000,5,2,'2017-07-10 11:19:46','2017-07-10 11:19:46'),(389,169,0.000,2,2,'2017-07-10 11:45:10','2017-07-10 11:45:10'),(390,169,0.000,3,2,'2017-07-10 11:45:10','2017-07-10 11:45:10'),(391,169,0.000,4,2,'2017-07-10 11:45:10','2017-07-10 11:45:10'),(392,169,0.000,5,2,'2017-07-10 11:45:10','2017-07-10 11:45:10'),(393,170,0.000,2,2,'2017-07-10 11:45:59','2017-07-10 11:45:59'),(394,170,0.000,3,2,'2017-07-10 11:45:59','2017-07-10 11:45:59'),(395,170,0.000,4,2,'2017-07-10 11:45:59','2017-07-10 11:45:59'),(396,170,0.000,5,2,'2017-07-10 11:45:59','2017-07-10 11:45:59'),(397,171,0.000,2,2,'2017-07-10 11:46:21','2017-07-10 11:46:21'),(398,171,0.000,3,2,'2017-07-10 11:46:21','2017-07-10 11:46:21'),(399,171,0.000,4,2,'2017-07-10 11:46:21','2017-07-10 11:46:21'),(400,171,0.000,5,2,'2017-07-10 11:46:21','2017-07-10 11:46:21'),(401,172,0.000,2,2,'2017-07-10 11:46:49','2017-07-10 11:46:49'),(402,172,0.000,3,2,'2017-07-10 11:46:49','2017-07-10 11:46:49'),(403,172,0.000,4,2,'2017-07-10 11:46:49','2017-07-10 11:46:49'),(404,172,0.000,5,2,'2017-07-10 11:46:49','2017-07-10 11:46:49'),(405,173,0.000,2,2,'2017-07-10 11:47:03','2017-07-10 11:47:03'),(406,173,0.000,3,2,'2017-07-10 11:47:03','2017-07-10 11:47:03'),(407,173,0.000,4,2,'2017-07-10 11:47:04','2017-07-10 11:47:04'),(408,173,0.000,5,2,'2017-07-10 11:47:04','2017-07-10 11:47:04'),(409,174,0.000,2,2,'2017-07-10 11:47:29','2017-07-10 11:47:29'),(410,174,0.000,3,2,'2017-07-10 11:47:29','2017-07-10 11:47:29'),(411,174,0.000,4,2,'2017-07-10 11:47:29','2017-07-10 11:47:29'),(412,174,0.000,5,2,'2017-07-10 11:47:29','2017-07-10 11:47:29'),(413,175,0.000,2,2,'2017-07-10 11:47:43','2017-07-10 11:47:43'),(414,175,0.000,3,2,'2017-07-10 11:47:43','2017-07-10 11:47:43'),(415,175,0.000,4,2,'2017-07-10 11:47:43','2017-07-10 11:47:43'),(416,175,0.000,5,2,'2017-07-10 11:47:43','2017-07-10 11:47:43'),(417,176,0.000,2,2,'2017-07-10 11:48:01','2017-07-10 11:48:01'),(418,176,0.000,3,2,'2017-07-10 11:48:01','2017-07-10 11:48:01'),(419,176,0.000,4,2,'2017-07-10 11:48:01','2017-07-10 11:48:01'),(420,176,0.000,5,2,'2017-07-10 11:48:01','2017-07-10 11:48:01'),(421,177,0.000,2,2,'2017-07-10 11:48:37','2017-07-10 11:48:37'),(422,177,0.000,3,2,'2017-07-10 11:48:37','2017-07-10 11:48:37'),(423,177,0.000,4,2,'2017-07-10 11:48:37','2017-07-10 11:48:37'),(424,177,0.000,5,2,'2017-07-10 11:48:37','2017-07-10 11:48:37'),(425,178,0.000,2,2,'2017-07-10 11:48:48','2017-07-10 11:48:48'),(426,178,0.000,3,2,'2017-07-10 11:48:48','2017-07-10 11:48:48'),(427,178,0.000,4,2,'2017-07-10 11:48:48','2017-07-10 11:48:48'),(428,178,0.000,5,2,'2017-07-10 11:48:48','2017-07-10 11:48:48'),(429,179,0.000,2,2,'2017-07-10 11:48:59','2017-07-10 11:48:59'),(430,179,0.000,3,2,'2017-07-10 11:48:59','2017-07-10 11:48:59'),(431,179,0.000,4,2,'2017-07-10 11:48:59','2017-07-10 11:48:59'),(432,179,0.000,5,2,'2017-07-10 11:48:59','2017-07-10 11:48:59'),(433,180,0.000,2,2,'2017-07-10 11:49:23','2017-07-10 11:49:23'),(434,180,0.000,3,2,'2017-07-10 11:49:23','2017-07-10 11:49:23'),(435,180,0.000,4,2,'2017-07-10 11:49:23','2017-07-10 11:49:23'),(436,180,0.000,5,2,'2017-07-10 11:49:24','2017-07-10 11:49:24'),(437,181,0.000,2,2,'2017-07-10 11:49:35','2017-07-10 11:49:35'),(438,181,0.000,3,2,'2017-07-10 11:49:35','2017-07-10 11:49:35'),(439,181,0.000,4,2,'2017-07-10 11:49:35','2017-07-10 11:49:35'),(440,181,0.000,5,2,'2017-07-10 11:49:35','2017-07-10 11:49:35'),(441,182,0.000,2,2,'2017-07-10 11:49:45','2017-07-10 11:49:45'),(442,182,0.000,3,2,'2017-07-10 11:49:45','2017-07-10 11:49:45'),(443,182,0.000,4,2,'2017-07-10 11:49:45','2017-07-10 11:49:45'),(444,182,0.000,5,2,'2017-07-10 11:49:45','2017-07-10 11:49:45'),(445,183,0.000,2,2,'2017-07-10 11:50:07','2017-07-10 11:50:07'),(446,183,0.000,3,2,'2017-07-10 11:50:07','2017-07-10 11:50:07'),(447,183,0.000,4,2,'2017-07-10 11:50:07','2017-07-10 11:50:07'),(448,183,0.000,5,2,'2017-07-10 11:50:07','2017-07-10 11:50:07'),(449,184,0.000,2,2,'2017-07-10 11:50:20','2017-07-10 11:50:20'),(450,184,0.000,3,2,'2017-07-10 11:50:20','2017-07-10 11:50:20'),(451,184,0.000,4,2,'2017-07-10 11:50:20','2017-07-10 11:50:20'),(452,184,0.000,5,2,'2017-07-10 11:50:20','2017-07-10 11:50:20'),(453,185,0.000,2,2,'2017-07-10 11:50:36','2017-07-10 11:50:36'),(454,185,0.000,3,2,'2017-07-10 11:50:36','2017-07-10 11:50:36'),(455,185,0.000,4,2,'2017-07-10 11:50:36','2017-07-10 11:50:36'),(456,185,0.000,5,2,'2017-07-10 11:50:36','2017-07-10 11:50:36'),(457,186,0.000,2,2,'2017-07-10 11:50:53','2017-07-10 11:50:53'),(458,186,0.000,3,2,'2017-07-10 11:50:53','2017-07-10 11:50:53'),(459,186,0.000,4,2,'2017-07-10 11:50:53','2017-07-10 11:50:53'),(460,186,0.000,5,2,'2017-07-10 11:50:53','2017-07-10 11:50:53'),(461,187,0.000,2,2,'2017-07-10 12:31:34','2017-07-10 12:31:34'),(462,187,0.000,3,2,'2017-07-10 12:31:34','2017-07-10 12:31:34'),(463,187,0.000,4,2,'2017-07-10 12:31:34','2017-07-10 12:31:34'),(464,187,0.000,5,2,'2017-07-10 12:31:34','2017-07-10 12:31:34'),(465,188,0.000,2,2,'2017-07-10 12:31:56','2017-07-10 12:31:56'),(466,188,0.000,3,2,'2017-07-10 12:31:56','2017-07-10 12:31:56'),(467,188,0.000,4,2,'2017-07-10 12:31:56','2017-07-10 12:31:56'),(468,188,0.000,5,2,'2017-07-10 12:31:56','2017-07-10 12:31:56'),(469,189,0.000,2,2,'2017-07-10 12:32:19','2017-07-10 12:32:19'),(470,189,0.000,3,2,'2017-07-10 12:32:19','2017-07-10 12:32:19'),(471,189,0.000,4,2,'2017-07-10 12:32:19','2017-07-10 12:32:19'),(472,189,0.000,5,2,'2017-07-10 12:32:19','2017-07-10 12:32:19'),(473,190,0.000,2,2,'2017-07-10 12:32:40','2017-07-10 12:32:40'),(474,190,0.000,3,2,'2017-07-10 12:32:40','2017-07-10 12:32:40'),(475,190,0.000,4,2,'2017-07-10 12:32:40','2017-07-10 12:32:40'),(476,190,0.000,5,2,'2017-07-10 12:32:40','2017-07-10 12:32:40'),(477,191,0.000,2,2,'2017-07-10 12:32:56','2017-07-10 12:32:56'),(478,191,0.000,3,2,'2017-07-10 12:32:56','2017-07-10 12:32:56'),(479,191,0.000,4,2,'2017-07-10 12:32:56','2017-07-10 12:32:56'),(480,191,0.000,5,2,'2017-07-10 12:32:56','2017-07-10 12:32:56'),(481,192,0.000,2,2,'2017-07-10 12:33:53','2017-07-10 12:33:53'),(482,192,0.000,3,2,'2017-07-10 12:33:53','2017-07-10 12:33:53'),(483,192,0.000,4,2,'2017-07-10 12:33:53','2017-07-10 12:33:53'),(484,192,0.000,5,2,'2017-07-10 12:33:53','2017-07-10 12:33:53'),(485,193,0.000,2,2,'2017-07-10 12:34:14','2017-07-10 12:34:14'),(486,193,0.000,3,2,'2017-07-10 12:34:14','2017-07-10 12:34:14'),(487,193,0.000,4,2,'2017-07-10 12:34:14','2017-07-10 12:34:14'),(488,193,0.000,5,2,'2017-07-10 12:34:14','2017-07-10 12:34:14'),(489,194,0.000,2,2,'2017-07-10 12:35:18','2017-07-10 12:35:18'),(490,194,0.000,3,2,'2017-07-10 12:35:18','2017-07-10 12:35:18'),(491,194,0.000,4,2,'2017-07-10 12:35:18','2017-07-10 12:35:18'),(492,194,0.000,5,2,'2017-07-10 12:35:18','2017-07-10 12:35:18'),(493,195,0.000,2,2,'2017-07-10 12:35:58','2017-07-10 12:35:58'),(494,195,0.000,3,2,'2017-07-10 12:35:58','2017-07-10 12:35:58'),(495,195,0.000,4,2,'2017-07-10 12:35:58','2017-07-10 12:35:58'),(496,195,0.000,5,2,'2017-07-10 12:35:58','2017-07-10 12:35:58'),(497,196,0.000,2,2,'2017-07-10 12:36:12','2017-07-10 12:36:12'),(498,196,0.000,3,2,'2017-07-10 12:36:12','2017-07-10 12:36:12'),(499,196,0.000,4,2,'2017-07-10 12:36:12','2017-07-10 12:36:12'),(500,196,0.000,5,2,'2017-07-10 12:36:12','2017-07-10 12:36:12'),(501,197,0.000,2,2,'2017-07-10 12:36:33','2017-07-10 12:36:33'),(502,197,0.000,3,2,'2017-07-10 12:36:33','2017-07-10 12:36:33'),(503,197,0.000,4,2,'2017-07-10 12:36:33','2017-07-10 12:36:33'),(504,197,0.000,5,2,'2017-07-10 12:36:33','2017-07-10 12:36:33'),(505,198,0.000,2,2,'2017-07-10 12:37:38','2017-07-10 12:37:38'),(506,198,0.000,3,2,'2017-07-10 12:37:38','2017-07-10 12:37:38'),(507,198,0.000,4,2,'2017-07-10 12:37:38','2017-07-10 12:37:38'),(508,198,0.000,5,2,'2017-07-10 12:37:38','2017-07-10 12:37:38'),(509,199,0.000,2,2,'2017-07-10 12:38:07','2017-07-10 12:38:07'),(510,199,0.000,3,2,'2017-07-10 12:38:07','2017-07-10 12:38:07'),(511,199,0.000,4,2,'2017-07-10 12:38:07','2017-07-10 12:38:07'),(512,199,0.000,5,2,'2017-07-10 12:38:07','2017-07-10 12:38:07'),(513,200,0.000,2,2,'2017-07-10 12:38:37','2017-07-10 12:38:37'),(514,200,0.000,3,2,'2017-07-10 12:38:37','2017-07-10 12:38:37'),(515,200,0.000,4,2,'2017-07-10 12:38:37','2017-07-10 12:38:37'),(516,200,0.000,5,2,'2017-07-10 12:38:37','2017-07-10 12:38:37'),(517,201,0.000,2,2,'2017-07-10 12:39:27','2017-07-10 12:39:27'),(518,201,0.000,3,2,'2017-07-10 12:39:27','2017-07-10 12:39:27'),(519,201,0.000,4,2,'2017-07-10 12:39:27','2017-07-10 12:39:27'),(520,201,0.000,5,2,'2017-07-10 12:39:27','2017-07-10 12:39:27'),(521,202,0.000,2,2,'2017-07-10 12:39:45','2017-07-10 12:39:45'),(522,202,0.000,3,2,'2017-07-10 12:39:45','2017-07-10 12:39:45'),(523,202,0.000,4,2,'2017-07-10 12:39:45','2017-07-10 12:39:45'),(524,202,0.000,5,2,'2017-07-10 12:39:45','2017-07-10 12:39:45'),(525,203,0.000,2,2,'2017-07-10 12:40:03','2017-07-10 12:40:03'),(526,203,0.000,3,2,'2017-07-10 12:40:03','2017-07-10 12:40:03'),(527,203,0.000,4,2,'2017-07-10 12:40:03','2017-07-10 12:40:03'),(528,203,0.000,5,2,'2017-07-10 12:40:03','2017-07-10 12:40:03'),(529,204,0.000,2,2,'2017-07-10 12:44:52','2017-07-10 12:44:52'),(530,204,0.000,3,2,'2017-07-10 12:44:52','2017-07-10 12:44:52'),(531,204,0.000,4,2,'2017-07-10 12:44:52','2017-07-10 12:44:52'),(532,204,0.000,5,2,'2017-07-10 12:44:52','2017-07-10 12:44:52'),(533,205,0.000,2,2,'2017-07-10 12:45:15','2017-07-10 12:45:15'),(534,205,0.000,3,2,'2017-07-10 12:45:15','2017-07-10 12:45:15'),(535,205,0.000,4,2,'2017-07-10 12:45:15','2017-07-10 12:45:15'),(536,205,0.000,5,2,'2017-07-10 12:45:15','2017-07-10 12:45:15'),(537,206,0.000,2,2,'2017-07-10 12:45:51','2017-07-10 12:45:51'),(538,206,0.000,3,2,'2017-07-10 12:45:51','2017-07-10 12:45:51'),(539,206,0.000,4,2,'2017-07-10 12:45:51','2017-07-10 12:45:51'),(540,206,0.000,5,2,'2017-07-10 12:45:51','2017-07-10 12:45:51'),(541,207,0.000,2,2,'2017-07-10 12:46:23','2017-07-10 12:46:23'),(542,207,0.000,3,2,'2017-07-10 12:46:23','2017-07-10 12:46:23'),(543,207,0.000,4,2,'2017-07-10 12:46:23','2017-07-10 12:46:23'),(544,207,0.000,5,2,'2017-07-10 12:46:23','2017-07-10 12:46:23'),(545,208,0.000,2,2,'2017-07-10 12:46:39','2017-07-10 12:46:39'),(546,208,0.000,3,2,'2017-07-10 12:46:39','2017-07-10 12:46:39'),(547,208,0.000,4,2,'2017-07-10 12:46:39','2017-07-10 12:46:39'),(548,208,0.000,5,2,'2017-07-10 12:46:39','2017-07-10 12:46:39'),(549,209,0.000,2,2,'2017-07-10 12:50:36','2017-07-10 12:50:36'),(550,209,0.000,3,2,'2017-07-10 12:50:36','2017-07-10 12:50:36'),(551,209,0.000,4,2,'2017-07-10 12:50:36','2017-07-10 12:50:36'),(552,209,0.000,5,2,'2017-07-10 12:50:36','2017-07-10 12:50:36'),(553,210,0.000,2,2,'2017-07-10 12:51:19','2017-07-10 12:51:19'),(554,210,0.000,3,2,'2017-07-10 12:51:19','2017-07-10 12:51:19'),(555,210,0.000,4,2,'2017-07-10 12:51:19','2017-07-10 12:51:19'),(556,210,0.000,5,2,'2017-07-10 12:51:19','2017-07-10 12:51:19'),(557,211,0.000,2,2,'2017-07-10 12:51:32','2017-07-10 12:51:32'),(558,211,0.000,3,2,'2017-07-10 12:51:32','2017-07-10 12:51:32'),(559,211,0.000,4,2,'2017-07-10 12:51:32','2017-07-10 12:51:32'),(560,211,0.000,5,2,'2017-07-10 12:51:32','2017-07-10 12:51:32'),(561,212,0.000,2,2,'2017-07-10 12:52:41','2017-07-10 12:52:41'),(562,212,0.000,3,2,'2017-07-10 12:52:41','2017-07-10 12:52:41'),(563,212,0.000,4,2,'2017-07-10 12:52:41','2017-07-10 12:52:41'),(564,212,0.000,5,2,'2017-07-10 12:52:41','2017-07-10 12:52:41'),(565,213,0.000,2,2,'2017-07-10 12:52:54','2017-07-10 12:52:54'),(566,213,0.000,3,2,'2017-07-10 12:52:54','2017-07-10 12:52:54'),(567,213,0.000,4,2,'2017-07-10 12:52:54','2017-07-10 12:52:54'),(568,213,0.000,5,2,'2017-07-10 12:52:54','2017-07-10 12:52:54'),(569,214,0.000,2,2,'2017-07-10 12:54:29','2017-07-10 12:54:29'),(570,214,0.000,3,2,'2017-07-10 12:54:29','2017-07-10 12:54:29'),(571,214,0.000,4,2,'2017-07-10 12:54:29','2017-07-10 12:54:29'),(572,214,0.000,5,2,'2017-07-10 12:54:29','2017-07-10 12:54:29'),(573,215,0.000,2,2,'2017-07-10 12:55:43','2017-07-10 12:55:43'),(574,215,0.000,3,2,'2017-07-10 12:55:43','2017-07-10 12:55:43'),(575,215,0.000,4,2,'2017-07-10 12:55:43','2017-07-10 12:55:43'),(576,215,0.000,5,2,'2017-07-10 12:55:43','2017-07-10 12:55:43'),(577,216,0.000,2,2,'2017-07-10 12:56:16','2017-07-10 12:56:16'),(578,216,0.000,3,2,'2017-07-10 12:56:16','2017-07-10 12:56:16'),(579,216,0.000,4,2,'2017-07-10 12:56:16','2017-07-10 12:56:16'),(580,216,0.000,5,2,'2017-07-10 12:56:16','2017-07-10 12:56:16'),(581,217,0.000,2,2,'2017-07-10 12:57:15','2017-07-10 12:57:15'),(582,217,0.000,3,2,'2017-07-10 12:57:15','2017-07-10 12:57:15'),(583,217,0.000,4,2,'2017-07-10 12:57:15','2017-07-10 12:57:15'),(584,217,0.000,5,2,'2017-07-10 12:57:15','2017-07-10 12:57:15'),(585,218,0.000,2,2,'2017-07-10 12:57:43','2017-07-10 12:57:43'),(586,218,0.000,3,2,'2017-07-10 12:57:43','2017-07-10 12:57:43'),(587,218,0.000,4,2,'2017-07-10 12:57:43','2017-07-10 12:57:43'),(588,218,0.000,5,2,'2017-07-10 12:57:43','2017-07-10 12:57:43'),(589,219,0.000,2,2,'2017-07-10 12:58:21','2017-07-10 12:58:21'),(590,219,0.000,3,2,'2017-07-10 12:58:21','2017-07-10 12:58:21'),(591,219,0.000,4,2,'2017-07-10 12:58:21','2017-07-10 12:58:21'),(592,219,0.000,5,2,'2017-07-10 12:58:21','2017-07-10 12:58:21'),(593,220,0.000,2,2,'2017-07-10 12:58:51','2017-07-10 12:58:51'),(594,220,0.000,3,2,'2017-07-10 12:58:51','2017-07-10 12:58:51'),(595,220,0.000,4,2,'2017-07-10 12:58:51','2017-07-10 12:58:51'),(596,220,0.000,5,2,'2017-07-10 12:58:51','2017-07-10 12:58:51'),(597,221,0.000,2,2,'2017-07-10 13:03:36','2017-07-10 13:03:36'),(598,221,0.000,3,2,'2017-07-10 13:03:36','2017-07-10 13:03:36'),(599,221,0.000,4,2,'2017-07-10 13:03:36','2017-07-10 13:03:36'),(600,221,0.000,5,2,'2017-07-10 13:03:36','2017-07-10 13:03:36'),(601,222,0.000,2,2,'2017-07-10 13:05:06','2017-07-10 13:05:06'),(602,222,0.000,3,2,'2017-07-10 13:05:06','2017-07-10 13:05:06'),(603,222,0.000,4,2,'2017-07-10 13:05:06','2017-07-10 13:05:06'),(604,222,0.000,5,2,'2017-07-10 13:05:06','2017-07-10 13:05:06'),(605,223,0.000,2,2,'2017-07-10 13:06:07','2017-07-10 13:06:07'),(606,223,0.000,3,2,'2017-07-10 13:06:07','2017-07-10 13:06:07'),(607,223,0.000,4,2,'2017-07-10 13:06:07','2017-07-10 13:06:07'),(608,223,0.000,5,2,'2017-07-10 13:06:07','2017-07-10 13:06:07'),(609,224,0.000,2,2,'2017-07-10 13:06:32','2017-07-10 13:06:32'),(610,224,0.000,3,2,'2017-07-10 13:06:32','2017-07-10 13:06:32'),(611,224,0.000,4,2,'2017-07-10 13:06:32','2017-07-10 13:06:32'),(612,224,0.000,5,2,'2017-07-10 13:06:32','2017-07-10 13:06:32'),(613,225,0.000,2,2,'2017-07-10 13:06:52','2017-07-10 13:06:52'),(614,225,0.000,3,2,'2017-07-10 13:06:52','2017-07-10 13:06:52'),(615,225,0.000,4,2,'2017-07-10 13:06:52','2017-07-10 13:06:52'),(616,225,0.000,5,2,'2017-07-10 13:06:52','2017-07-10 13:06:52'),(617,226,0.000,2,2,'2017-07-10 13:07:09','2017-07-10 13:07:09'),(618,226,0.000,3,2,'2017-07-10 13:07:09','2017-07-10 13:07:09'),(619,226,0.000,4,2,'2017-07-10 13:07:09','2017-07-10 13:07:09'),(620,226,0.000,5,2,'2017-07-10 13:07:09','2017-07-10 13:07:09'),(621,227,0.000,2,2,'2017-07-10 13:07:21','2017-07-10 13:07:21'),(622,227,0.000,3,2,'2017-07-10 13:07:21','2017-07-10 13:07:21'),(623,227,0.000,4,2,'2017-07-10 13:07:21','2017-07-10 13:07:21'),(624,227,0.000,5,2,'2017-07-10 13:07:21','2017-07-10 13:07:21'),(625,228,0.000,2,2,'2017-07-10 13:07:35','2017-07-10 13:07:35'),(626,228,0.000,3,2,'2017-07-10 13:07:35','2017-07-10 13:07:35'),(627,228,0.000,4,2,'2017-07-10 13:07:35','2017-07-10 13:07:35'),(628,228,0.000,5,2,'2017-07-10 13:07:35','2017-07-10 13:07:35'),(629,229,0.000,2,2,'2017-07-10 13:08:11','2017-07-10 13:08:11'),(630,229,0.000,3,2,'2017-07-10 13:08:11','2017-07-10 13:08:11'),(631,229,0.000,4,2,'2017-07-10 13:08:11','2017-07-10 13:08:11'),(632,229,0.000,5,2,'2017-07-10 13:08:11','2017-07-10 13:08:11'),(633,230,0.000,2,2,'2017-07-10 13:08:38','2017-07-10 13:08:38'),(634,230,0.000,3,2,'2017-07-10 13:08:38','2017-07-10 13:08:38'),(635,230,0.000,4,2,'2017-07-10 13:08:38','2017-07-10 13:08:38'),(636,230,0.000,5,2,'2017-07-10 13:08:38','2017-07-10 13:08:38'),(637,231,0.000,2,2,'2017-07-10 13:09:01','2017-07-10 13:09:01'),(638,231,0.000,3,2,'2017-07-10 13:09:01','2017-07-10 13:09:01'),(639,231,0.000,4,2,'2017-07-10 13:09:01','2017-07-10 13:09:01'),(640,231,0.000,5,2,'2017-07-10 13:09:01','2017-07-10 13:09:01'),(641,232,0.000,2,2,'2017-07-10 13:11:31','2017-07-10 13:11:31'),(642,232,0.000,3,2,'2017-07-10 13:11:31','2017-07-10 13:11:31'),(643,232,0.000,4,2,'2017-07-10 13:11:31','2017-07-10 13:11:31'),(644,232,0.000,5,2,'2017-07-10 13:11:31','2017-07-10 13:11:31'),(645,233,0.000,2,2,'2017-07-10 13:11:48','2017-07-10 13:11:48'),(646,233,0.000,3,2,'2017-07-10 13:11:48','2017-07-10 13:11:48'),(647,233,0.000,4,2,'2017-07-10 13:11:48','2017-07-10 13:11:48'),(648,233,0.000,5,2,'2017-07-10 13:11:48','2017-07-10 13:11:48'),(649,234,0.000,2,2,'2017-07-10 13:12:18','2017-07-10 13:12:18'),(650,234,0.000,3,2,'2017-07-10 13:12:18','2017-07-10 13:12:18'),(651,234,0.000,4,2,'2017-07-10 13:12:18','2017-07-10 13:12:18'),(652,234,0.000,5,2,'2017-07-10 13:12:18','2017-07-10 13:12:18'),(653,235,0.000,2,2,'2017-07-10 13:12:33','2017-07-10 13:12:33'),(654,235,0.000,3,2,'2017-07-10 13:12:33','2017-07-10 13:12:33'),(655,235,0.000,4,2,'2017-07-10 13:12:33','2017-07-10 13:12:33'),(656,235,0.000,5,2,'2017-07-10 13:12:33','2017-07-10 13:12:33'),(657,236,0.000,2,2,'2017-07-10 13:12:48','2017-07-10 13:12:48'),(658,236,0.000,3,2,'2017-07-10 13:12:48','2017-07-10 13:12:48'),(659,236,0.000,4,2,'2017-07-10 13:12:48','2017-07-10 13:12:48'),(660,236,0.000,5,2,'2017-07-10 13:12:48','2017-07-10 13:12:48'),(661,237,0.000,2,2,'2017-07-10 13:13:09','2017-07-10 13:13:09'),(662,237,0.000,3,2,'2017-07-10 13:13:09','2017-07-10 13:13:09'),(663,237,0.000,4,2,'2017-07-10 13:13:09','2017-07-10 13:13:09'),(664,237,0.000,5,2,'2017-07-10 13:13:09','2017-07-10 13:13:09'),(665,238,0.000,2,2,'2017-07-10 13:14:01','2017-07-10 13:14:01'),(666,238,0.000,3,2,'2017-07-10 13:14:02','2017-07-10 13:14:02'),(667,238,0.000,4,2,'2017-07-10 13:14:02','2017-07-10 13:14:02'),(668,238,0.000,5,2,'2017-07-10 13:14:02','2017-07-10 13:14:02'),(669,239,0.000,2,2,'2017-07-10 13:14:19','2017-07-10 13:14:19'),(670,239,0.000,3,2,'2017-07-10 13:14:19','2017-07-10 13:14:19'),(671,239,0.000,4,2,'2017-07-10 13:14:19','2017-07-10 13:14:19'),(672,239,0.000,5,2,'2017-07-10 13:14:19','2017-07-10 13:14:19'),(673,240,0.000,2,2,'2017-07-10 13:14:39','2017-07-10 13:14:39'),(674,240,0.000,3,2,'2017-07-10 13:14:39','2017-07-10 13:14:39'),(675,240,0.000,4,2,'2017-07-10 13:14:39','2017-07-10 13:14:39'),(676,240,0.000,5,2,'2017-07-10 13:14:39','2017-07-10 13:14:39'),(677,241,0.000,2,2,'2017-07-10 13:14:54','2017-07-10 13:14:54'),(678,241,0.000,3,2,'2017-07-10 13:14:54','2017-07-10 13:14:54'),(679,241,0.000,4,2,'2017-07-10 13:14:54','2017-07-10 13:14:54'),(680,241,0.000,5,2,'2017-07-10 13:14:54','2017-07-10 13:14:54'),(681,242,0.000,2,2,'2017-07-10 13:15:08','2017-07-10 13:15:08'),(682,242,0.000,3,2,'2017-07-10 13:15:08','2017-07-10 13:15:08'),(683,242,0.000,4,2,'2017-07-10 13:15:08','2017-07-10 13:15:08'),(684,242,0.000,5,2,'2017-07-10 13:15:08','2017-07-10 13:15:08'),(685,243,0.000,2,2,'2017-07-10 13:17:30','2017-07-10 13:17:30'),(686,243,0.000,3,2,'2017-07-10 13:17:30','2017-07-10 13:17:30'),(687,243,0.000,4,2,'2017-07-10 13:17:30','2017-07-10 13:17:30'),(688,243,0.000,5,2,'2017-07-10 13:17:30','2017-07-10 13:17:30'),(689,244,0.000,2,2,'2017-07-10 13:17:54','2017-07-10 13:17:54'),(690,244,0.000,3,2,'2017-07-10 13:17:54','2017-07-10 13:17:54'),(691,244,0.000,4,2,'2017-07-10 13:17:54','2017-07-10 13:17:54'),(692,244,0.000,5,2,'2017-07-10 13:17:54','2017-07-10 13:17:54'),(693,245,0.000,2,2,'2017-07-10 13:18:07','2017-07-10 13:18:07'),(694,245,0.000,3,2,'2017-07-10 13:18:07','2017-07-10 13:18:07'),(695,245,0.000,4,2,'2017-07-10 13:18:07','2017-07-10 13:18:07'),(696,245,0.000,5,2,'2017-07-10 13:18:07','2017-07-10 13:18:07'),(697,246,0.000,2,2,'2017-07-10 13:18:35','2017-07-10 13:18:35'),(698,246,0.000,3,2,'2017-07-10 13:18:35','2017-07-10 13:18:35'),(699,246,0.000,4,2,'2017-07-10 13:18:35','2017-07-10 13:18:35'),(700,246,0.000,5,2,'2017-07-10 13:18:35','2017-07-10 13:18:35'),(701,247,0.000,2,2,'2017-07-10 13:18:52','2017-07-10 13:18:52'),(702,247,0.000,3,2,'2017-07-10 13:18:52','2017-07-10 13:18:52'),(703,247,0.000,4,2,'2017-07-10 13:18:52','2017-07-10 13:18:52'),(704,247,0.000,5,2,'2017-07-10 13:18:52','2017-07-10 13:18:52'),(705,248,0.000,2,2,'2017-07-10 13:19:13','2017-07-10 13:19:13'),(706,248,0.000,3,2,'2017-07-10 13:19:13','2017-07-10 13:19:13'),(707,248,0.000,4,2,'2017-07-10 13:19:13','2017-07-10 13:19:13'),(708,248,0.000,5,2,'2017-07-10 13:19:13','2017-07-10 13:19:13'),(709,249,0.000,2,2,'2017-07-10 13:19:27','2017-07-10 13:19:27'),(710,249,0.000,3,2,'2017-07-10 13:19:27','2017-07-10 13:19:27'),(711,249,0.000,4,2,'2017-07-10 13:19:27','2017-07-10 13:19:27'),(712,249,0.000,5,2,'2017-07-10 13:19:27','2017-07-10 13:19:27'),(713,250,0.000,2,2,'2017-07-10 13:19:47','2017-07-10 13:19:47'),(714,250,0.000,3,2,'2017-07-10 13:19:47','2017-07-10 13:19:47'),(715,250,0.000,4,2,'2017-07-10 13:19:47','2017-07-10 13:19:47'),(716,250,0.000,5,2,'2017-07-10 13:19:47','2017-07-10 13:19:47'),(717,251,0.000,2,2,'2017-07-10 13:20:08','2017-07-10 13:20:08'),(718,251,0.000,3,2,'2017-07-10 13:20:08','2017-07-10 13:20:08'),(719,251,0.000,4,2,'2017-07-10 13:20:08','2017-07-10 13:20:08'),(720,251,0.000,5,2,'2017-07-10 13:20:08','2017-07-10 13:20:08'),(721,252,0.000,2,2,'2017-07-10 13:20:25','2017-07-10 13:20:25'),(722,252,0.000,3,2,'2017-07-10 13:20:25','2017-07-10 13:20:25'),(723,252,0.000,4,2,'2017-07-10 13:20:25','2017-07-10 13:20:25'),(724,252,0.000,5,2,'2017-07-10 13:20:25','2017-07-10 13:20:25'),(725,253,0.000,2,2,'2017-07-10 13:20:43','2017-07-10 13:20:43'),(726,253,0.000,3,2,'2017-07-10 13:20:43','2017-07-10 13:20:43'),(727,253,0.000,4,2,'2017-07-10 13:20:43','2017-07-10 13:20:43'),(728,253,0.000,5,2,'2017-07-10 13:20:43','2017-07-10 13:20:43'),(729,254,0.000,2,2,'2017-07-10 13:20:58','2017-07-10 13:20:58'),(730,254,0.000,3,2,'2017-07-10 13:20:58','2017-07-10 13:20:58'),(731,254,0.000,4,2,'2017-07-10 13:20:58','2017-07-10 13:20:58'),(732,254,0.000,5,2,'2017-07-10 13:20:58','2017-07-10 13:20:58'),(733,255,0.000,2,2,'2017-07-10 13:21:14','2017-07-10 13:21:14'),(734,255,0.000,3,2,'2017-07-10 13:21:14','2017-07-10 13:21:14'),(735,255,0.000,4,2,'2017-07-10 13:21:14','2017-07-10 13:21:14'),(736,255,0.000,5,2,'2017-07-10 13:21:14','2017-07-10 13:21:14'),(737,256,0.000,2,2,'2017-07-10 13:21:32','2017-07-10 13:21:32'),(738,256,0.000,3,2,'2017-07-10 13:21:32','2017-07-10 13:21:32'),(739,256,0.000,4,2,'2017-07-10 13:21:32','2017-07-10 13:21:32'),(740,256,0.000,5,2,'2017-07-10 13:21:32','2017-07-10 13:21:32'),(741,257,0.000,2,2,'2017-07-10 13:22:00','2017-07-10 13:22:00'),(742,257,0.000,3,2,'2017-07-10 13:22:00','2017-07-10 13:22:00'),(743,257,0.000,4,2,'2017-07-10 13:22:00','2017-07-10 13:22:00'),(744,257,0.000,5,2,'2017-07-10 13:22:00','2017-07-10 13:22:00'),(745,258,0.000,2,2,'2017-07-10 13:22:19','2017-07-10 13:22:19'),(746,258,0.000,3,2,'2017-07-10 13:22:19','2017-07-10 13:22:19'),(747,258,0.000,4,2,'2017-07-10 13:22:19','2017-07-10 13:22:19'),(748,258,0.000,5,2,'2017-07-10 13:22:19','2017-07-10 13:22:19'),(749,259,0.000,2,2,'2017-07-10 13:22:30','2017-07-10 13:22:30'),(750,259,0.000,3,2,'2017-07-10 13:22:30','2017-07-10 13:22:30'),(751,259,0.000,4,2,'2017-07-10 13:22:30','2017-07-10 13:22:30'),(752,259,0.000,5,2,'2017-07-10 13:22:30','2017-07-10 13:22:30'),(753,260,0.000,2,2,'2017-07-10 13:22:51','2017-07-10 13:22:51'),(754,260,0.000,3,2,'2017-07-10 13:22:51','2017-07-10 13:22:51'),(755,260,0.000,4,2,'2017-07-10 13:22:51','2017-07-10 13:22:51'),(756,260,0.000,5,2,'2017-07-10 13:22:51','2017-07-10 13:22:51'),(757,261,0.000,2,2,'2017-07-10 13:23:17','2017-07-10 13:23:17'),(758,261,0.000,3,2,'2017-07-10 13:23:17','2017-07-10 13:23:17'),(759,261,0.000,4,2,'2017-07-10 13:23:17','2017-07-10 13:23:17'),(760,261,0.000,5,2,'2017-07-10 13:23:17','2017-07-10 13:23:17'),(761,262,0.100,2,2,'2017-08-14 11:38:57','2017-08-14 11:38:57'),(762,262,0.000,3,2,'2017-08-14 11:38:57','2017-08-14 11:38:57'),(763,262,0.150,4,2,'2017-08-14 11:38:57','2017-08-14 11:38:57'),(764,262,0.000,5,2,'2017-08-14 11:38:57','2017-08-14 11:38:57'),(765,263,0.100,2,2,'2017-08-14 11:40:29','2017-08-14 11:40:29'),(766,263,0.000,3,2,'2017-08-14 11:40:29','2017-08-14 11:40:29'),(767,263,0.150,4,2,'2017-08-14 11:40:29','2017-08-14 11:40:29'),(768,263,0.000,5,2,'2017-08-14 11:40:29','2017-08-14 11:40:29'),(769,264,0.100,2,2,'2017-08-14 11:40:49','2017-08-14 11:40:49'),(770,264,0.000,3,2,'2017-08-14 11:40:49','2017-08-14 11:40:49'),(771,264,0.150,4,2,'2017-08-14 11:40:49','2017-08-14 11:40:49'),(772,264,0.000,5,2,'2017-08-14 11:40:49','2017-08-14 11:40:49'),(773,265,0.100,2,2,'2017-08-14 11:41:08','2017-08-14 11:41:08'),(774,265,0.000,3,2,'2017-08-14 11:41:08','2017-08-14 11:41:08'),(775,265,0.150,4,2,'2017-08-14 11:41:08','2017-08-14 11:41:08'),(776,265,0.000,5,2,'2017-08-14 11:41:08','2017-08-14 11:41:08'),(777,266,0.100,2,2,'2017-08-14 11:41:25','2017-08-14 11:41:25'),(778,266,0.000,3,2,'2017-08-14 11:41:25','2017-08-14 11:41:25'),(779,266,0.150,4,2,'2017-08-14 11:41:25','2017-08-14 11:41:25'),(780,266,0.000,5,2,'2017-08-14 11:41:25','2017-08-14 11:41:25'),(781,267,0.100,2,2,'2017-08-14 11:41:52','2017-08-14 11:41:52'),(782,267,0.000,3,2,'2017-08-14 11:41:52','2017-08-14 11:41:52'),(783,267,0.150,4,2,'2017-08-14 11:41:52','2017-08-14 11:41:52'),(784,267,0.000,5,2,'2017-08-14 11:41:52','2017-08-14 11:41:52'),(785,268,0.100,2,2,'2017-08-16 07:41:45','2017-08-16 07:41:45'),(786,268,0.000,3,2,'2017-08-16 07:41:45','2017-08-16 07:41:45'),(787,268,0.000,4,2,'2017-08-16 07:41:45','2017-08-16 07:41:45'),(788,268,0.000,5,2,'2017-08-16 07:41:45','2017-08-16 07:41:45'),(789,269,0.100,2,2,'2017-08-16 07:42:38','2017-08-16 07:42:38'),(790,269,0.000,3,2,'2017-08-16 07:42:38','2017-08-16 07:42:38'),(791,269,0.000,4,2,'2017-08-16 07:42:38','2017-08-16 07:42:38'),(792,269,0.000,5,2,'2017-08-16 07:42:38','2017-08-16 07:42:38'),(793,270,0.100,2,2,'2017-08-16 07:43:08','2017-08-16 07:43:08'),(794,270,0.000,3,2,'2017-08-16 07:43:08','2017-08-16 07:43:08'),(795,270,0.000,4,2,'2017-08-16 07:43:08','2017-08-16 07:43:08'),(796,270,0.000,5,2,'2017-08-16 07:43:08','2017-08-16 07:43:08'),(797,271,0.000,2,2,'2017-08-28 11:48:55','2017-08-28 11:48:55'),(798,271,0.000,3,2,'2017-08-28 11:48:55','2017-08-28 11:48:55'),(799,271,0.000,4,2,'2017-08-28 11:48:55','2017-08-28 11:48:55'),(800,271,0.000,5,2,'2017-08-28 11:48:55','2017-08-28 11:48:55'),(801,272,0.000,2,2,'2017-08-28 11:51:01','2017-08-28 11:51:01'),(802,272,0.000,3,2,'2017-08-28 11:51:01','2017-08-28 11:51:01'),(803,272,0.000,4,2,'2017-08-28 11:51:01','2017-08-28 11:51:01'),(804,272,0.000,5,2,'2017-08-28 11:51:01','2017-08-28 11:51:01'),(805,273,0.000,2,2,'2017-08-28 12:06:59','2017-08-28 12:06:59'),(806,273,0.000,3,2,'2017-08-28 12:06:59','2017-08-28 12:06:59'),(807,273,0.000,4,2,'2017-08-28 12:06:59','2017-08-28 12:06:59'),(808,273,0.000,5,2,'2017-08-28 12:06:59','2017-08-28 12:06:59'),(809,274,0.000,2,2,'2017-08-28 12:07:48','2017-08-28 12:07:48'),(810,274,0.000,3,2,'2017-08-28 12:07:48','2017-08-28 12:07:48'),(811,274,0.000,4,2,'2017-08-28 12:07:48','2017-08-28 12:07:48'),(812,274,0.000,5,2,'2017-08-28 12:07:48','2017-08-28 12:07:48'),(813,275,0.000,2,2,'2017-08-28 12:11:04','2017-08-28 12:11:04'),(814,275,0.000,3,2,'2017-08-28 12:11:04','2017-08-28 12:11:04'),(815,275,0.000,4,2,'2017-08-28 12:11:04','2017-08-28 12:11:04'),(816,275,0.000,5,2,'2017-08-28 12:11:04','2017-08-28 12:11:04'),(817,276,0.000,2,2,'2017-08-28 12:12:47','2017-08-28 12:12:47'),(818,276,0.000,3,2,'2017-08-28 12:12:47','2017-08-28 12:12:47'),(819,276,0.000,4,2,'2017-08-28 12:12:47','2017-08-28 12:12:47'),(820,276,0.000,5,2,'2017-08-28 12:12:47','2017-08-28 12:12:47'),(821,277,0.000,2,2,'2017-08-28 12:14:18','2017-08-28 12:14:18'),(822,277,0.000,3,2,'2017-08-28 12:14:18','2017-08-28 12:14:18'),(823,277,0.000,4,2,'2017-08-28 12:14:18','2017-08-28 12:14:18'),(824,277,0.000,5,2,'2017-08-28 12:14:18','2017-08-28 12:14:18'),(825,278,0.000,2,2,'2017-08-28 12:14:59','2017-08-28 12:14:59'),(826,278,0.000,3,2,'2017-08-28 12:14:59','2017-08-28 12:14:59'),(827,278,0.000,4,2,'2017-08-28 12:14:59','2017-08-28 12:14:59'),(828,278,0.000,5,2,'2017-08-28 12:14:59','2017-08-28 12:14:59'),(829,279,0.000,2,2,'2017-08-28 12:15:31','2017-08-28 12:15:31'),(830,279,0.000,3,2,'2017-08-28 12:15:31','2017-08-28 12:15:31'),(831,279,0.000,4,2,'2017-08-28 12:15:31','2017-08-28 12:15:31'),(832,279,0.000,5,2,'2017-08-28 12:15:31','2017-08-28 12:15:31'),(833,280,0.000,2,2,'2017-08-28 12:16:06','2017-08-28 12:16:06'),(834,280,0.000,3,2,'2017-08-28 12:16:06','2017-08-28 12:16:06'),(835,280,0.000,4,2,'2017-08-28 12:16:06','2017-08-28 12:16:06'),(836,280,0.000,5,2,'2017-08-28 12:16:06','2017-08-28 12:16:06'),(837,281,0.000,2,2,'2017-08-28 12:22:59','2017-08-28 12:22:59'),(838,281,0.000,3,2,'2017-08-28 12:22:59','2017-08-28 12:22:59'),(839,281,0.000,4,2,'2017-08-28 12:22:59','2017-08-28 12:22:59'),(840,281,0.000,5,2,'2017-08-28 12:22:59','2017-08-28 12:22:59'),(841,282,0.000,2,2,'2017-08-28 12:24:08','2017-08-28 12:24:08'),(842,282,0.000,3,2,'2017-08-28 12:24:08','2017-08-28 12:24:08'),(843,282,0.000,4,2,'2017-08-28 12:24:08','2017-08-28 12:24:08'),(844,282,0.000,5,2,'2017-08-28 12:24:08','2017-08-28 12:24:08'),(845,283,0.000,2,2,'2017-08-28 12:24:48','2017-08-28 12:24:48'),(846,283,0.000,3,2,'2017-08-28 12:24:48','2017-08-28 12:24:48'),(847,283,0.000,4,2,'2017-08-28 12:24:48','2017-08-28 12:24:48'),(848,283,0.000,5,2,'2017-08-28 12:24:48','2017-08-28 12:24:48'),(849,284,0.000,2,2,'2017-08-28 12:26:23','2017-08-28 12:26:23'),(850,284,0.000,3,2,'2017-08-28 12:26:23','2017-08-28 12:26:23'),(851,284,0.000,4,2,'2017-08-28 12:26:23','2017-08-28 12:26:23'),(852,284,0.000,5,2,'2017-08-28 12:26:23','2017-08-28 12:26:23'),(853,285,0.000,2,2,'2017-08-28 12:27:29','2017-08-28 12:27:29'),(854,285,0.000,3,2,'2017-08-28 12:27:29','2017-08-28 12:27:29'),(855,285,0.000,4,2,'2017-08-28 12:27:29','2017-08-28 12:27:29'),(856,285,0.000,5,2,'2017-08-28 12:27:29','2017-08-28 12:27:29'),(857,286,0.000,2,2,'2017-08-28 12:28:17','2017-08-28 12:28:17'),(858,286,0.000,3,2,'2017-08-28 12:28:17','2017-08-28 12:28:17'),(859,286,0.000,4,2,'2017-08-28 12:28:17','2017-08-28 12:28:17'),(860,286,0.000,5,2,'2017-08-28 12:28:17','2017-08-28 12:28:17'),(861,287,0.000,2,2,'2017-08-28 12:28:55','2017-08-28 12:28:55'),(862,287,0.000,3,2,'2017-08-28 12:28:55','2017-08-28 12:28:55'),(863,287,0.000,4,2,'2017-08-28 12:28:55','2017-08-28 12:28:55'),(864,287,0.000,5,2,'2017-08-28 12:28:55','2017-08-28 12:28:55'),(865,288,0.000,2,2,'2017-08-28 12:33:55','2017-08-28 12:33:55'),(866,288,0.000,3,2,'2017-08-28 12:33:55','2017-08-28 12:33:55'),(867,288,0.000,4,2,'2017-08-28 12:33:55','2017-08-28 12:33:55'),(868,288,0.000,5,2,'2017-08-28 12:33:55','2017-08-28 12:33:55'),(869,289,0.000,2,2,'2017-08-28 12:34:19','2017-08-28 12:34:19'),(870,289,0.000,3,2,'2017-08-28 12:34:19','2017-08-28 12:34:19'),(871,289,0.000,4,2,'2017-08-28 12:34:19','2017-08-28 12:34:19'),(872,289,0.000,5,2,'2017-08-28 12:34:19','2017-08-28 12:34:19'),(873,290,0.000,2,2,'2017-08-28 12:34:52','2017-08-28 12:34:52'),(874,290,0.000,3,2,'2017-08-28 12:34:52','2017-08-28 12:34:52'),(875,290,0.000,4,2,'2017-08-28 12:34:52','2017-08-28 12:34:52'),(876,290,0.000,5,2,'2017-08-28 12:34:52','2017-08-28 12:34:52'),(877,291,0.000,2,2,'2017-08-28 12:40:35','2017-08-28 12:40:35'),(878,291,0.000,3,2,'2017-08-28 12:40:35','2017-08-28 12:40:35'),(879,291,0.000,4,2,'2017-08-28 12:40:35','2017-08-28 12:40:35'),(880,291,0.000,5,2,'2017-08-28 12:40:35','2017-08-28 12:40:35'),(881,292,0.000,2,2,'2017-08-28 12:42:47','2017-08-28 12:42:47'),(882,292,0.000,3,2,'2017-08-28 12:42:47','2017-08-28 12:42:47'),(883,292,0.000,4,2,'2017-08-28 12:42:47','2017-08-28 12:42:47'),(884,292,0.000,5,2,'2017-08-28 12:42:47','2017-08-28 12:42:47'),(885,293,0.000,2,2,'2017-08-28 12:43:23','2017-08-28 12:43:23'),(886,293,0.000,3,2,'2017-08-28 12:43:23','2017-08-28 12:43:23'),(887,293,0.000,4,2,'2017-08-28 12:43:23','2017-08-28 12:43:23'),(888,293,0.000,5,2,'2017-08-28 12:43:23','2017-08-28 12:43:23'),(889,294,0.000,2,2,'2017-08-28 12:43:48','2017-08-28 12:43:48'),(890,294,0.000,3,2,'2017-08-28 12:43:48','2017-08-28 12:43:48'),(891,294,0.000,4,2,'2017-08-28 12:43:48','2017-08-28 12:43:48'),(892,294,0.000,5,2,'2017-08-28 12:43:48','2017-08-28 12:43:48'),(893,295,0.000,2,2,'2017-08-28 12:45:29','2017-08-28 12:45:29'),(894,295,0.000,3,2,'2017-08-28 12:45:29','2017-08-28 12:45:29'),(895,295,0.000,4,2,'2017-08-28 12:45:29','2017-08-28 12:45:29'),(896,295,0.000,5,2,'2017-08-28 12:45:29','2017-08-28 12:45:29'),(897,296,0.000,2,2,'2017-08-28 12:46:27','2017-08-28 12:46:27'),(898,296,0.000,3,2,'2017-08-28 12:46:28','2017-08-28 12:46:28'),(899,296,0.000,4,2,'2017-08-28 12:46:28','2017-08-28 12:46:28'),(900,296,0.000,5,2,'2017-08-28 12:46:28','2017-08-28 12:46:28'),(901,297,0.000,2,2,'2017-08-28 12:47:02','2017-08-28 12:47:02'),(902,297,0.000,3,2,'2017-08-28 12:47:02','2017-08-28 12:47:02'),(903,297,0.000,4,2,'2017-08-28 12:47:02','2017-08-28 12:47:02'),(904,297,0.000,5,2,'2017-08-28 12:47:02','2017-08-28 12:47:02'),(905,298,0.000,2,2,'2017-08-28 12:48:54','2017-08-28 12:48:54'),(906,298,0.000,3,2,'2017-08-28 12:48:54','2017-08-28 12:48:54'),(907,298,0.000,4,2,'2017-08-28 12:48:54','2017-08-28 12:48:54'),(908,298,0.000,5,2,'2017-08-28 12:48:54','2017-08-28 12:48:54'),(909,299,0.000,2,2,'2017-08-28 12:49:42','2017-08-28 12:49:42'),(910,299,0.000,3,2,'2017-08-28 12:49:42','2017-08-28 12:49:42'),(911,299,0.000,4,2,'2017-08-28 12:49:42','2017-08-28 12:49:42'),(912,299,0.000,5,2,'2017-08-28 12:49:42','2017-08-28 12:49:42'),(913,300,0.000,2,2,'2017-08-28 12:50:11','2017-08-28 12:50:11'),(914,300,0.000,3,2,'2017-08-28 12:50:11','2017-08-28 12:50:11'),(915,300,0.000,4,2,'2017-08-28 12:50:11','2017-08-28 12:50:11'),(916,300,0.000,5,2,'2017-08-28 12:50:11','2017-08-28 12:50:11'),(917,301,0.000,2,2,'2017-08-28 12:50:40','2017-08-28 12:50:40'),(918,301,0.000,3,2,'2017-08-28 12:50:40','2017-08-28 12:50:40'),(919,301,0.000,4,2,'2017-08-28 12:50:40','2017-08-28 12:50:40'),(920,301,0.000,5,2,'2017-08-28 12:50:40','2017-08-28 12:50:40'),(921,302,0.000,2,2,'2017-08-28 12:51:19','2017-08-28 12:51:19'),(922,302,0.000,3,2,'2017-08-28 12:51:19','2017-08-28 12:51:19'),(923,302,0.000,4,2,'2017-08-28 12:51:19','2017-08-28 12:51:19'),(924,302,0.000,5,2,'2017-08-28 12:51:19','2017-08-28 12:51:19'),(925,303,0.000,2,2,'2017-08-28 12:52:01','2017-08-28 12:52:01'),(926,303,0.000,3,2,'2017-08-28 12:52:01','2017-08-28 12:52:01'),(927,303,0.000,4,2,'2017-08-28 12:52:01','2017-08-28 12:52:01'),(928,303,0.000,5,2,'2017-08-28 12:52:01','2017-08-28 12:52:01'),(929,304,0.000,2,2,'2017-08-28 12:53:59','2017-08-28 12:53:59'),(930,304,0.000,3,2,'2017-08-28 12:53:59','2017-08-28 12:53:59'),(931,304,0.000,4,2,'2017-08-28 12:53:59','2017-08-28 12:53:59'),(932,304,0.000,5,2,'2017-08-28 12:53:59','2017-08-28 12:53:59'),(933,305,0.000,2,2,'2017-08-28 12:54:32','2017-08-28 12:54:32'),(934,305,0.000,3,2,'2017-08-28 12:54:32','2017-08-28 12:54:32'),(935,305,0.000,4,2,'2017-08-28 12:54:32','2017-08-28 12:54:32'),(936,305,0.000,5,2,'2017-08-28 12:54:32','2017-08-28 12:54:32'),(937,306,0.000,2,2,'2017-08-28 12:54:58','2017-08-28 12:54:58'),(938,306,0.000,3,2,'2017-08-28 12:54:58','2017-08-28 12:54:58'),(939,306,0.000,4,2,'2017-08-28 12:54:58','2017-08-28 12:54:58'),(940,306,0.000,5,2,'2017-08-28 12:54:58','2017-08-28 12:54:58'),(941,307,0.020,2,2,'2017-08-29 01:30:47','2017-08-29 01:30:47'),(942,307,0.030,3,2,'2017-08-29 01:30:47','2017-08-29 01:30:47'),(943,307,0.040,4,2,'2017-08-29 01:30:47','2017-08-29 01:30:47'),(944,307,0.050,5,2,'2017-08-29 01:30:47','2017-08-29 01:30:47'),(945,308,0.000,2,2,'2017-08-30 08:10:37','2017-08-30 08:10:37'),(946,308,0.000,3,2,'2017-08-30 08:10:37','2017-08-30 08:10:37'),(947,308,0.000,4,2,'2017-08-30 08:10:37','2017-08-30 08:10:37'),(948,308,0.000,5,2,'2017-08-30 08:10:37','2017-08-30 08:10:37'),(949,309,0.000,2,2,'2017-08-30 08:10:55','2017-08-30 08:10:55'),(950,309,0.000,3,2,'2017-08-30 08:10:55','2017-08-30 08:10:55'),(951,309,0.000,4,2,'2017-08-30 08:10:56','2017-08-30 08:10:56'),(952,309,0.000,5,2,'2017-08-30 08:10:56','2017-08-30 08:10:56'),(953,310,0.000,2,2,'2017-08-30 08:11:12','2017-08-30 08:11:12'),(954,310,0.000,3,2,'2017-08-30 08:11:12','2017-08-30 08:11:12'),(955,310,0.000,4,2,'2017-08-30 08:11:12','2017-08-30 08:11:12'),(956,310,0.000,5,2,'2017-08-30 08:11:12','2017-08-30 08:11:12'),(957,311,0.000,2,2,'2017-08-30 08:22:50','2017-08-30 08:22:50'),(958,311,0.000,3,2,'2017-08-30 08:22:50','2017-08-30 08:22:50'),(959,311,0.000,4,2,'2017-08-30 08:22:50','2017-08-30 08:22:50'),(960,311,0.000,5,2,'2017-08-30 08:22:50','2017-08-30 08:22:50'),(961,312,0.000,2,2,'2017-08-30 08:23:56','2017-08-30 08:23:56'),(962,312,0.000,3,2,'2017-08-30 08:23:56','2017-08-30 08:23:56'),(963,312,0.000,4,2,'2017-08-30 08:23:56','2017-08-30 08:23:56'),(964,312,0.000,5,2,'2017-08-30 08:23:56','2017-08-30 08:23:56'),(965,313,0.000,2,2,'2017-08-30 08:24:38','2017-08-30 08:24:38'),(966,313,0.000,3,2,'2017-08-30 08:24:38','2017-08-30 08:24:38'),(967,313,0.000,4,2,'2017-08-30 08:24:38','2017-08-30 08:24:38'),(968,313,0.000,5,2,'2017-08-30 08:24:38','2017-08-30 08:24:38'),(969,314,0.000,2,2,'2017-08-30 08:25:16','2017-08-30 08:25:16'),(970,314,0.000,3,2,'2017-08-30 08:25:16','2017-08-30 08:25:16'),(971,314,0.000,4,2,'2017-08-30 08:25:16','2017-08-30 08:25:16'),(972,314,0.000,5,2,'2017-08-30 08:25:16','2017-08-30 08:25:16'),(973,315,0.000,2,2,'2017-08-30 08:25:35','2017-08-30 08:25:35'),(974,315,0.000,3,2,'2017-08-30 08:25:35','2017-08-30 08:25:35'),(975,315,0.000,4,2,'2017-08-30 08:25:35','2017-08-30 08:25:35'),(976,315,0.000,5,2,'2017-08-30 08:25:35','2017-08-30 08:25:35'),(977,316,0.000,2,2,'2017-08-30 08:26:00','2017-08-30 08:26:00'),(978,316,0.000,3,2,'2017-08-30 08:26:00','2017-08-30 08:26:00'),(979,316,0.000,4,2,'2017-08-30 08:26:00','2017-08-30 08:26:00'),(980,316,0.000,5,2,'2017-08-30 08:26:00','2017-08-30 08:26:00'),(981,317,0.000,2,2,'2017-08-30 08:26:21','2017-08-30 08:26:21'),(982,317,0.000,3,2,'2017-08-30 08:26:21','2017-08-30 08:26:21'),(983,317,0.000,4,2,'2017-08-30 08:26:21','2017-08-30 08:26:21'),(984,317,0.000,5,2,'2017-08-30 08:26:21','2017-08-30 08:26:21'),(985,318,0.000,2,2,'2017-08-30 08:27:57','2017-08-30 08:27:57'),(986,318,0.000,3,2,'2017-08-30 08:27:57','2017-08-30 08:27:57'),(987,318,0.000,4,2,'2017-08-30 08:27:57','2017-08-30 08:27:57'),(988,318,0.000,5,2,'2017-08-30 08:27:57','2017-08-30 08:27:57'),(989,319,0.000,2,2,'2017-08-30 08:28:54','2017-08-30 08:28:54'),(990,319,0.000,3,2,'2017-08-30 08:28:54','2017-08-30 08:28:54'),(991,319,0.000,4,2,'2017-08-30 08:28:54','2017-08-30 08:28:54'),(992,319,0.000,5,2,'2017-08-30 08:28:54','2017-08-30 08:28:54'),(993,320,0.000,2,2,'2017-08-30 08:35:16','2017-08-30 08:35:16'),(994,320,0.000,3,2,'2017-08-30 08:35:16','2017-08-30 08:35:16'),(995,320,0.000,4,2,'2017-08-30 08:35:16','2017-08-30 08:35:16'),(996,320,0.000,5,2,'2017-08-30 08:35:16','2017-08-30 08:35:16'),(997,321,0.000,2,2,'2017-08-30 12:01:42','2017-08-30 12:01:42'),(998,321,0.000,3,2,'2017-08-30 12:01:42','2017-08-30 12:01:42'),(999,321,0.000,4,2,'2017-08-30 12:01:42','2017-08-30 12:01:42'),(1000,321,0.000,5,2,'2017-08-30 12:01:42','2017-08-30 12:01:42'),(1001,322,0.000,2,2,'2017-08-30 12:02:10','2017-08-30 12:02:10'),(1002,322,0.000,3,2,'2017-08-30 12:02:10','2017-08-30 12:02:10'),(1003,322,0.000,4,2,'2017-08-30 12:02:10','2017-08-30 12:02:10'),(1004,322,0.000,5,2,'2017-08-30 12:02:10','2017-08-30 12:02:10'),(1005,323,0.000,2,2,'2017-08-30 12:02:38','2017-08-30 12:02:38'),(1006,323,0.000,3,2,'2017-08-30 12:02:38','2017-08-30 12:02:38'),(1007,323,0.000,4,2,'2017-08-30 12:02:38','2017-08-30 12:02:38'),(1008,323,0.000,5,2,'2017-08-30 12:02:38','2017-08-30 12:02:38'),(1009,324,0.000,2,2,'2017-08-30 12:41:00','2017-08-30 12:41:00'),(1010,324,0.000,3,2,'2017-08-30 12:41:00','2017-08-30 12:41:00'),(1011,324,0.000,4,2,'2017-08-30 12:41:00','2017-08-30 12:41:00'),(1012,324,0.000,5,2,'2017-08-30 12:41:00','2017-08-30 12:41:00'),(1013,325,0.000,2,2,'2017-08-30 12:42:39','2017-08-30 12:42:39'),(1014,325,0.000,3,2,'2017-08-30 12:42:39','2017-08-30 12:42:39'),(1015,325,0.000,4,2,'2017-08-30 12:42:39','2017-08-30 12:42:39'),(1016,325,0.000,5,2,'2017-08-30 12:42:39','2017-08-30 12:42:39'),(1017,326,0.000,2,2,'2017-08-30 12:43:18','2017-08-30 12:43:18'),(1018,326,0.000,3,2,'2017-08-30 12:43:18','2017-08-30 12:43:18'),(1019,326,0.000,4,2,'2017-08-30 12:43:18','2017-08-30 12:43:18'),(1020,326,0.000,5,2,'2017-08-30 12:43:18','2017-08-30 12:43:18'),(1021,327,0.000,2,2,'2017-08-30 12:43:31','2017-08-30 12:43:31'),(1022,327,0.000,3,2,'2017-08-30 12:43:31','2017-08-30 12:43:31'),(1023,327,0.000,4,2,'2017-08-30 12:43:31','2017-08-30 12:43:31'),(1024,327,0.000,5,2,'2017-08-30 12:43:31','2017-08-30 12:43:31'),(1025,328,0.000,2,2,'2017-08-30 12:45:04','2017-08-30 12:45:04'),(1026,328,0.000,3,2,'2017-08-30 12:45:04','2017-08-30 12:45:04'),(1027,328,0.000,4,2,'2017-08-30 12:45:04','2017-08-30 12:45:04'),(1028,328,0.000,5,2,'2017-08-30 12:45:04','2017-08-30 12:45:04'),(1029,329,0.000,2,2,'2017-08-30 12:45:27','2017-08-30 12:45:27'),(1030,329,0.000,3,2,'2017-08-30 12:45:27','2017-08-30 12:45:27'),(1031,329,0.000,4,2,'2017-08-30 12:45:27','2017-08-30 12:45:27'),(1032,329,0.000,5,2,'2017-08-30 12:45:27','2017-08-30 12:45:27'),(1033,330,0.000,2,2,'2017-08-30 12:45:37','2017-08-30 12:45:37'),(1034,330,0.000,3,2,'2017-08-30 12:45:37','2017-08-30 12:45:37'),(1035,330,0.000,4,2,'2017-08-30 12:45:37','2017-08-30 12:45:37'),(1036,330,0.000,5,2,'2017-08-30 12:45:37','2017-08-30 12:45:37'),(1037,331,0.000,2,2,'2017-08-30 12:45:58','2017-08-30 12:45:58'),(1038,331,0.000,3,2,'2017-08-30 12:45:58','2017-08-30 12:45:58'),(1039,331,0.000,4,2,'2017-08-30 12:45:58','2017-08-30 12:45:58'),(1040,331,0.000,5,2,'2017-08-30 12:45:58','2017-08-30 12:45:58'),(1041,332,0.000,2,2,'2017-08-30 12:46:17','2017-08-30 12:46:17'),(1042,332,0.000,3,2,'2017-08-30 12:46:17','2017-08-30 12:46:17'),(1043,332,0.000,4,2,'2017-08-30 12:46:17','2017-08-30 12:46:17'),(1044,332,0.000,5,2,'2017-08-30 12:46:17','2017-08-30 12:46:17'),(1045,333,0.000,2,2,'2017-08-30 12:46:36','2017-08-30 12:46:36'),(1046,333,0.000,3,2,'2017-08-30 12:46:36','2017-08-30 12:46:36'),(1047,333,0.000,4,2,'2017-08-30 12:46:36','2017-08-30 12:46:36'),(1048,333,0.000,5,2,'2017-08-30 12:46:36','2017-08-30 12:46:36'),(1049,334,0.000,2,2,'2017-08-30 12:46:47','2017-08-30 12:46:47'),(1050,334,0.000,3,2,'2017-08-30 12:46:47','2017-08-30 12:46:47'),(1051,334,0.000,4,2,'2017-08-30 12:46:47','2017-08-30 12:46:47'),(1052,334,0.000,5,2,'2017-08-30 12:46:47','2017-08-30 12:46:47'),(1053,335,0.000,2,2,'2017-08-30 12:47:15','2017-08-30 12:47:15'),(1054,335,0.000,3,2,'2017-08-30 12:47:15','2017-08-30 12:47:15'),(1055,335,0.000,4,2,'2017-08-30 12:47:15','2017-08-30 12:47:15'),(1056,335,0.000,5,2,'2017-08-30 12:47:15','2017-08-30 12:47:15'),(1057,336,0.000,2,2,'2017-08-30 12:47:32','2017-08-30 12:47:32'),(1058,336,0.000,3,2,'2017-08-30 12:47:32','2017-08-30 12:47:32'),(1059,336,0.000,4,2,'2017-08-30 12:47:32','2017-08-30 12:47:32'),(1060,336,0.000,5,2,'2017-08-30 12:47:32','2017-08-30 12:47:32'),(1061,337,0.000,2,2,'2017-09-01 10:07:29','2017-09-01 10:07:29'),(1062,337,0.000,3,2,'2017-09-01 10:07:29','2017-09-01 10:07:29'),(1063,337,0.000,4,2,'2017-09-01 10:07:29','2017-09-01 10:07:29'),(1064,337,0.000,5,2,'2017-09-01 10:07:29','2017-09-01 10:07:29'),(1065,338,0.000,2,2,'2017-09-01 13:48:55','2017-09-01 13:48:55'),(1066,338,0.000,3,2,'2017-09-01 13:48:55','2017-09-01 13:48:55'),(1067,338,0.000,4,2,'2017-09-01 13:48:55','2017-09-01 13:48:55'),(1068,338,0.000,5,2,'2017-09-01 13:48:55','2017-09-01 13:48:55'),(1069,339,0.000,2,2,'2017-09-01 13:49:11','2017-09-01 13:49:11'),(1070,339,0.000,3,2,'2017-09-01 13:49:11','2017-09-01 13:49:11'),(1071,339,0.000,4,2,'2017-09-01 13:49:11','2017-09-01 13:49:11'),(1072,339,0.000,5,2,'2017-09-01 13:49:11','2017-09-01 13:49:11'),(1073,340,0.000,2,2,'2017-09-01 13:49:27','2017-09-01 13:49:27'),(1074,340,0.000,3,2,'2017-09-01 13:49:27','2017-09-01 13:49:27'),(1075,340,0.000,4,2,'2017-09-01 13:49:27','2017-09-01 13:49:27'),(1076,340,0.000,5,2,'2017-09-01 13:49:27','2017-09-01 13:49:27'),(1077,341,0.000,2,2,'2017-09-01 13:49:48','2017-09-01 13:49:48'),(1078,341,0.000,3,2,'2017-09-01 13:49:48','2017-09-01 13:49:48'),(1079,341,0.000,4,2,'2017-09-01 13:49:48','2017-09-01 13:49:48'),(1080,341,0.000,5,2,'2017-09-01 13:49:48','2017-09-01 13:49:48'),(1081,342,0.000,2,2,'2017-09-01 13:50:01','2017-09-01 13:50:01'),(1082,342,0.000,3,2,'2017-09-01 13:50:01','2017-09-01 13:50:01'),(1083,342,0.000,4,2,'2017-09-01 13:50:01','2017-09-01 13:50:01'),(1084,342,0.000,5,2,'2017-09-01 13:50:01','2017-09-01 13:50:01'),(1085,343,0.000,2,2,'2017-09-01 13:51:07','2017-09-01 13:51:07'),(1086,343,0.000,3,2,'2017-09-01 13:51:07','2017-09-01 13:51:07'),(1087,343,0.000,4,2,'2017-09-01 13:51:07','2017-09-01 13:51:07'),(1088,343,0.000,5,2,'2017-09-01 13:51:07','2017-09-01 13:51:07'),(1089,344,0.000,2,2,'2017-09-01 13:51:29','2017-09-01 13:51:29'),(1090,344,0.000,3,2,'2017-09-01 13:51:29','2017-09-01 13:51:29'),(1091,344,0.000,4,2,'2017-09-01 13:51:29','2017-09-01 13:51:29'),(1092,344,0.000,5,2,'2017-09-01 13:51:29','2017-09-01 13:51:29'),(1093,345,0.000,2,2,'2017-09-01 13:51:51','2017-09-01 13:51:51'),(1094,345,0.000,3,2,'2017-09-01 13:51:51','2017-09-01 13:51:51'),(1095,345,0.000,4,2,'2017-09-01 13:51:51','2017-09-01 13:51:51'),(1096,345,0.000,5,2,'2017-09-01 13:51:51','2017-09-01 13:51:51'),(1097,346,0.000,2,2,'2017-09-01 13:52:14','2017-09-01 13:52:14'),(1098,346,0.000,3,2,'2017-09-01 13:52:14','2017-09-01 13:52:14'),(1099,346,0.000,4,2,'2017-09-01 13:52:14','2017-09-01 13:52:14'),(1100,346,0.000,5,2,'2017-09-01 13:52:14','2017-09-01 13:52:14'),(1101,347,0.000,2,2,'2017-09-01 13:52:42','2017-09-01 13:52:42'),(1102,347,0.000,3,2,'2017-09-01 13:52:42','2017-09-01 13:52:42'),(1103,347,0.000,4,2,'2017-09-01 13:52:42','2017-09-01 13:52:42'),(1104,347,0.000,5,2,'2017-09-01 13:52:42','2017-09-01 13:52:42'),(1105,348,0.000,2,2,'2017-09-01 13:52:59','2017-09-01 13:52:59'),(1106,348,0.000,3,2,'2017-09-01 13:52:59','2017-09-01 13:52:59'),(1107,348,0.000,4,2,'2017-09-01 13:52:59','2017-09-01 13:52:59'),(1108,348,0.000,5,2,'2017-09-01 13:52:59','2017-09-01 13:52:59'),(1109,349,0.000,2,2,'2017-09-01 13:53:22','2017-09-01 13:53:22'),(1110,349,0.000,3,2,'2017-09-01 13:53:22','2017-09-01 13:53:22'),(1111,349,0.000,4,2,'2017-09-01 13:53:22','2017-09-01 13:53:22'),(1112,349,0.000,5,2,'2017-09-01 13:53:22','2017-09-01 13:53:22'),(1113,350,0.000,2,2,'2017-09-01 13:53:39','2017-09-01 13:53:39'),(1114,350,0.000,3,2,'2017-09-01 13:53:39','2017-09-01 13:53:39'),(1115,350,0.000,4,2,'2017-09-01 13:53:39','2017-09-01 13:53:39'),(1116,350,0.000,5,2,'2017-09-01 13:53:39','2017-09-01 13:53:39'),(1117,351,0.000,2,2,'2017-09-01 13:54:04','2017-09-01 13:54:04'),(1118,351,0.000,3,2,'2017-09-01 13:54:04','2017-09-01 13:54:04'),(1119,351,0.000,4,2,'2017-09-01 13:54:04','2017-09-01 13:54:04'),(1120,351,0.000,5,2,'2017-09-01 13:54:04','2017-09-01 13:54:04'),(1121,352,0.000,2,2,'2017-09-01 13:54:20','2017-09-01 13:54:20'),(1122,352,0.000,3,2,'2017-09-01 13:54:20','2017-09-01 13:54:20'),(1123,352,0.000,4,2,'2017-09-01 13:54:20','2017-09-01 13:54:20'),(1124,352,0.000,5,2,'2017-09-01 13:54:20','2017-09-01 13:54:20'),(1125,353,0.000,2,2,'2017-09-06 07:16:04','2017-09-06 07:16:04'),(1126,353,0.000,3,2,'2017-09-06 07:16:04','2017-09-06 07:16:04'),(1127,353,0.000,4,2,'2017-09-06 07:16:04','2017-09-06 07:16:04'),(1128,353,0.000,5,2,'2017-09-06 07:16:04','2017-09-06 07:16:04'),(1129,354,0.000,2,2,'2017-09-06 07:17:14','2017-09-06 07:17:14'),(1130,354,0.000,3,2,'2017-09-06 07:17:14','2017-09-06 07:17:14'),(1131,354,0.000,4,2,'2017-09-06 07:17:14','2017-09-06 07:17:14'),(1132,354,0.000,5,2,'2017-09-06 07:17:14','2017-09-06 07:17:14'),(1133,355,0.000,2,2,'2017-09-06 07:17:40','2017-09-06 07:17:40'),(1134,355,0.000,3,2,'2017-09-06 07:17:40','2017-09-06 07:17:40'),(1135,355,0.000,4,2,'2017-09-06 07:17:40','2017-09-06 07:17:40'),(1136,355,0.000,5,2,'2017-09-06 07:17:40','2017-09-06 07:17:40'),(1137,356,0.000,2,2,'2017-09-06 07:18:02','2017-09-06 07:18:02'),(1138,356,0.000,3,2,'2017-09-06 07:18:02','2017-09-06 07:18:02'),(1139,356,0.000,4,2,'2017-09-06 07:18:02','2017-09-06 07:18:02'),(1140,356,0.000,5,2,'2017-09-06 07:18:02','2017-09-06 07:18:02'),(1141,357,0.000,2,2,'2017-09-06 07:18:29','2017-09-06 07:18:29'),(1142,357,0.000,3,2,'2017-09-06 07:18:29','2017-09-06 07:18:29'),(1143,357,0.000,4,2,'2017-09-06 07:18:29','2017-09-06 07:18:29'),(1144,357,0.000,5,2,'2017-09-06 07:18:29','2017-09-06 07:18:29'),(1145,358,0.000,2,2,'2017-09-06 08:08:00','2017-09-06 08:08:00'),(1146,358,0.000,3,2,'2017-09-06 08:08:00','2017-09-06 08:08:00'),(1147,358,0.000,4,2,'2017-09-06 08:08:00','2017-09-06 08:08:00'),(1148,358,0.000,5,2,'2017-09-06 08:08:00','2017-09-06 08:08:00'),(1149,359,0.000,2,2,'2017-09-06 08:08:27','2017-09-06 08:08:27'),(1150,359,0.000,3,2,'2017-09-06 08:08:27','2017-09-06 08:08:27'),(1151,359,0.000,4,2,'2017-09-06 08:08:27','2017-09-06 08:08:27'),(1152,359,0.000,5,2,'2017-09-06 08:08:28','2017-09-06 08:08:28'),(1153,360,0.000,2,2,'2017-09-06 08:08:45','2017-09-06 08:08:45'),(1154,360,0.000,3,2,'2017-09-06 08:08:45','2017-09-06 08:08:45'),(1155,360,0.000,4,2,'2017-09-06 08:08:45','2017-09-06 08:08:45'),(1156,360,0.000,5,2,'2017-09-06 08:08:45','2017-09-06 08:08:45'),(1157,361,0.000,2,2,'2017-09-06 08:11:15','2017-09-06 08:11:15'),(1158,361,0.000,3,2,'2017-09-06 08:11:15','2017-09-06 08:11:15'),(1159,361,0.000,4,2,'2017-09-06 08:11:15','2017-09-06 08:11:15'),(1160,361,0.000,5,2,'2017-09-06 08:11:15','2017-09-06 08:11:15'),(1161,362,0.000,2,2,'2017-09-06 08:11:41','2017-09-06 08:11:41'),(1162,362,0.000,3,2,'2017-09-06 08:11:41','2017-09-06 08:11:41'),(1163,362,0.000,4,2,'2017-09-06 08:11:41','2017-09-06 08:11:41'),(1164,362,0.000,5,2,'2017-09-06 08:11:41','2017-09-06 08:11:41'),(1165,363,0.000,2,2,'2017-09-06 08:11:59','2017-09-06 08:11:59'),(1166,363,0.000,3,2,'2017-09-06 08:11:59','2017-09-06 08:11:59'),(1167,363,0.000,4,2,'2017-09-06 08:11:59','2017-09-06 08:11:59'),(1168,363,0.000,5,2,'2017-09-06 08:11:59','2017-09-06 08:11:59'),(1169,364,0.000,2,2,'2017-09-06 08:12:25','2017-09-06 08:12:25'),(1170,364,0.000,3,2,'2017-09-06 08:12:25','2017-09-06 08:12:25'),(1171,364,0.000,4,2,'2017-09-06 08:12:25','2017-09-06 08:12:25'),(1172,364,0.000,5,2,'2017-09-06 08:12:25','2017-09-06 08:12:25'),(1173,365,0.000,2,2,'2017-09-06 08:12:43','2017-09-06 08:12:43'),(1174,365,0.000,3,2,'2017-09-06 08:12:43','2017-09-06 08:12:43'),(1175,365,0.000,4,2,'2017-09-06 08:12:43','2017-09-06 08:12:43'),(1176,365,0.000,5,2,'2017-09-06 08:12:43','2017-09-06 08:12:43'),(1177,366,0.000,2,2,'2017-09-06 08:13:10','2017-09-06 08:13:10'),(1178,366,0.000,3,2,'2017-09-06 08:13:10','2017-09-06 08:13:10'),(1179,366,0.000,4,2,'2017-09-06 08:13:10','2017-09-06 08:13:10'),(1180,366,0.000,5,2,'2017-09-06 08:13:10','2017-09-06 08:13:10'),(1181,367,0.000,2,2,'2017-09-06 08:13:36','2017-09-06 08:13:36'),(1182,367,0.000,3,2,'2017-09-06 08:13:36','2017-09-06 08:13:36'),(1183,367,0.000,4,2,'2017-09-06 08:13:36','2017-09-06 08:13:36'),(1184,367,0.000,5,2,'2017-09-06 08:13:37','2017-09-06 08:13:37'),(1185,368,0.000,2,2,'2017-09-06 08:14:03','2017-09-06 08:14:03'),(1186,368,0.000,3,2,'2017-09-06 08:14:03','2017-09-06 08:14:03'),(1187,368,0.000,4,2,'2017-09-06 08:14:03','2017-09-06 08:14:03'),(1188,368,0.000,5,2,'2017-09-06 08:14:03','2017-09-06 08:14:03'),(1189,369,0.000,2,2,'2017-09-06 08:14:32','2017-09-06 08:14:32'),(1190,369,0.000,3,2,'2017-09-06 08:14:32','2017-09-06 08:14:32'),(1191,369,0.000,4,2,'2017-09-06 08:14:32','2017-09-06 08:14:32'),(1192,369,0.000,5,2,'2017-09-06 08:14:32','2017-09-06 08:14:32'),(1193,370,0.000,2,2,'2017-09-06 08:15:03','2017-09-06 08:15:03'),(1194,370,0.000,3,2,'2017-09-06 08:15:03','2017-09-06 08:15:03'),(1195,370,0.000,4,2,'2017-09-06 08:15:03','2017-09-06 08:15:03'),(1196,370,0.000,5,2,'2017-09-06 08:15:03','2017-09-06 08:15:03'),(1197,371,0.000,2,2,'2017-09-06 08:15:24','2017-09-06 08:15:24'),(1198,371,0.000,3,2,'2017-09-06 08:15:24','2017-09-06 08:15:24'),(1199,371,0.000,4,2,'2017-09-06 08:15:24','2017-09-06 08:15:24'),(1200,371,0.000,5,2,'2017-09-06 08:15:24','2017-09-06 08:15:24'),(1201,372,0.000,2,2,'2017-09-07 07:10:01','2017-09-07 07:10:01'),(1202,372,0.000,3,2,'2017-09-07 07:10:01','2017-09-07 07:10:01'),(1203,372,0.000,4,2,'2017-09-07 07:10:01','2017-09-07 07:10:01'),(1204,372,0.000,5,2,'2017-09-07 07:10:01','2017-09-07 07:10:01'),(1205,373,0.000,2,2,'2017-09-08 06:56:11','2017-09-08 06:56:11'),(1206,373,0.000,3,2,'2017-09-08 06:56:11','2017-09-08 06:56:11'),(1207,373,0.000,4,2,'2017-09-08 06:56:11','2017-09-08 06:56:11'),(1208,373,0.000,5,2,'2017-09-08 06:56:11','2017-09-08 06:56:11'),(1209,374,0.000,2,2,'2017-09-08 06:56:26','2017-09-08 06:56:26'),(1210,374,0.000,3,2,'2017-09-08 06:56:26','2017-09-08 06:56:26'),(1211,374,0.000,4,2,'2017-09-08 06:56:26','2017-09-08 06:56:26'),(1212,374,0.000,5,2,'2017-09-08 06:56:26','2017-09-08 06:56:26'),(1213,375,0.000,2,2,'2017-09-08 06:56:42','2017-09-08 06:56:42'),(1214,375,0.000,3,2,'2017-09-08 06:56:42','2017-09-08 06:56:42'),(1215,375,0.000,4,2,'2017-09-08 06:56:42','2017-09-08 06:56:42'),(1216,375,0.000,5,2,'2017-09-08 06:56:42','2017-09-08 06:56:42'),(1217,376,0.000,2,2,'2017-09-08 06:57:06','2017-09-08 06:57:06'),(1218,376,0.000,3,2,'2017-09-08 06:57:06','2017-09-08 06:57:06'),(1219,376,0.000,4,2,'2017-09-08 06:57:06','2017-09-08 06:57:06'),(1220,376,0.000,5,2,'2017-09-08 06:57:06','2017-09-08 06:57:06'),(1221,377,0.000,2,2,'2017-09-08 06:57:23','2017-09-08 06:57:23'),(1222,377,0.000,3,2,'2017-09-08 06:57:23','2017-09-08 06:57:23'),(1223,377,0.000,4,2,'2017-09-08 06:57:23','2017-09-08 06:57:23'),(1224,377,0.000,5,2,'2017-09-08 06:57:23','2017-09-08 06:57:23'),(1225,378,0.000,2,2,'2017-09-08 06:57:45','2017-09-08 06:57:45'),(1226,378,0.000,3,2,'2017-09-08 06:57:45','2017-09-08 06:57:45'),(1227,378,0.000,4,2,'2017-09-08 06:57:45','2017-09-08 06:57:45'),(1228,378,0.000,5,2,'2017-09-08 06:57:45','2017-09-08 06:57:45'),(1229,379,0.000,2,2,'2017-09-08 06:57:56','2017-09-08 06:57:56'),(1230,379,0.000,3,2,'2017-09-08 06:57:56','2017-09-08 06:57:56'),(1231,379,0.000,4,2,'2017-09-08 06:57:56','2017-09-08 06:57:56'),(1232,379,0.000,5,2,'2017-09-08 06:57:56','2017-09-08 06:57:56'),(1233,380,0.000,2,2,'2017-09-08 06:58:14','2017-09-08 06:58:14'),(1234,380,0.000,3,2,'2017-09-08 06:58:14','2017-09-08 06:58:14'),(1235,380,0.000,4,2,'2017-09-08 06:58:14','2017-09-08 06:58:14'),(1236,380,0.000,5,2,'2017-09-08 06:58:14','2017-09-08 06:58:14'),(1237,381,0.000,2,2,'2017-09-08 06:58:31','2017-09-08 06:58:31'),(1238,381,0.000,3,2,'2017-09-08 06:58:31','2017-09-08 06:58:31'),(1239,381,0.000,4,2,'2017-09-08 06:58:31','2017-09-08 06:58:31'),(1240,381,0.000,5,2,'2017-09-08 06:58:31','2017-09-08 06:58:31'),(1241,382,0.000,2,2,'2017-09-08 06:58:46','2017-09-08 06:58:46'),(1242,382,0.000,3,2,'2017-09-08 06:58:46','2017-09-08 06:58:46'),(1243,382,0.000,4,2,'2017-09-08 06:58:46','2017-09-08 06:58:46'),(1244,382,0.000,5,2,'2017-09-08 06:58:46','2017-09-08 06:58:46'),(1245,383,0.000,2,2,'2017-09-08 06:59:06','2017-09-08 06:59:06'),(1246,383,0.000,3,2,'2017-09-08 06:59:06','2017-09-08 06:59:06'),(1247,383,0.000,4,2,'2017-09-08 06:59:06','2017-09-08 06:59:06'),(1248,383,0.000,5,2,'2017-09-08 06:59:06','2017-09-08 06:59:06'),(1249,384,0.000,2,2,'2017-09-08 06:59:30','2017-09-08 06:59:30'),(1250,384,0.000,3,2,'2017-09-08 06:59:30','2017-09-08 06:59:30'),(1251,384,0.000,4,2,'2017-09-08 06:59:30','2017-09-08 06:59:30'),(1252,384,0.000,5,2,'2017-09-08 06:59:30','2017-09-08 06:59:30'),(1253,385,0.000,2,2,'2017-09-08 06:59:47','2017-09-08 06:59:47'),(1254,385,0.000,3,2,'2017-09-08 06:59:47','2017-09-08 06:59:47'),(1255,385,0.000,4,2,'2017-09-08 06:59:47','2017-09-08 06:59:47'),(1256,385,0.000,5,2,'2017-09-08 06:59:47','2017-09-08 06:59:47'),(1257,386,0.000,2,2,'2017-09-08 07:00:13','2017-09-08 07:00:13'),(1258,386,0.000,3,2,'2017-09-08 07:00:13','2017-09-08 07:00:13'),(1259,386,0.000,4,2,'2017-09-08 07:00:13','2017-09-08 07:00:13'),(1260,386,0.000,5,2,'2017-09-08 07:00:13','2017-09-08 07:00:13'),(1261,387,0.000,2,2,'2017-09-08 07:00:34','2017-09-08 07:00:34'),(1262,387,0.000,3,2,'2017-09-08 07:00:34','2017-09-08 07:00:34'),(1263,387,0.000,4,2,'2017-09-08 07:00:34','2017-09-08 07:00:34'),(1264,387,0.000,5,2,'2017-09-08 07:00:34','2017-09-08 07:00:34'),(1265,388,0.000,2,2,'2017-09-11 08:22:18','2017-09-11 08:22:18'),(1266,388,0.000,3,2,'2017-09-11 08:22:18','2017-09-11 08:22:18'),(1267,388,0.000,4,2,'2017-09-11 08:22:18','2017-09-11 08:22:18'),(1268,388,0.000,5,2,'2017-09-11 08:22:18','2017-09-11 08:22:18'),(1269,389,0.000,2,2,'2017-09-11 08:22:33','2017-09-11 08:22:33'),(1270,389,0.000,3,2,'2017-09-11 08:22:33','2017-09-11 08:22:33'),(1271,389,0.000,4,2,'2017-09-11 08:22:33','2017-09-11 08:22:33'),(1272,389,0.000,5,2,'2017-09-11 08:22:33','2017-09-11 08:22:33'),(1273,390,0.000,2,2,'2017-09-11 08:23:09','2017-09-11 08:23:09'),(1274,390,0.000,3,2,'2017-09-11 08:23:09','2017-09-11 08:23:09'),(1275,390,0.000,4,2,'2017-09-11 08:23:09','2017-09-11 08:23:09'),(1276,390,0.000,5,2,'2017-09-11 08:23:09','2017-09-11 08:23:09'),(1277,391,0.000,2,2,'2017-09-11 08:24:05','2017-09-11 08:24:05'),(1278,391,0.000,3,2,'2017-09-11 08:24:05','2017-09-11 08:24:05'),(1279,391,0.000,4,2,'2017-09-11 08:24:05','2017-09-11 08:24:05'),(1280,391,0.000,5,2,'2017-09-11 08:24:05','2017-09-11 08:24:05'),(1281,392,0.000,2,2,'2017-09-11 08:24:22','2017-09-11 08:24:22'),(1282,392,0.000,3,2,'2017-09-11 08:24:22','2017-09-11 08:24:22'),(1283,392,0.000,4,2,'2017-09-11 08:24:22','2017-09-11 08:24:22'),(1284,392,0.000,5,2,'2017-09-11 08:24:22','2017-09-11 08:24:22'),(1285,393,0.000,2,2,'2017-09-11 08:24:38','2017-09-11 08:24:38'),(1286,393,0.000,3,2,'2017-09-11 08:24:38','2017-09-11 08:24:38'),(1287,393,0.000,4,2,'2017-09-11 08:24:38','2017-09-11 08:24:38'),(1288,393,0.000,5,2,'2017-09-11 08:24:38','2017-09-11 08:24:38'),(1289,394,0.000,2,2,'2017-09-11 08:25:20','2017-09-11 08:25:20'),(1290,394,0.000,3,2,'2017-09-11 08:25:20','2017-09-11 08:25:20'),(1291,394,0.000,4,2,'2017-09-11 08:25:20','2017-09-11 08:25:20'),(1292,394,0.000,5,2,'2017-09-11 08:25:20','2017-09-11 08:25:20'),(1293,395,0.000,2,2,'2017-09-11 08:25:58','2017-09-11 08:25:58'),(1294,395,0.000,3,2,'2017-09-11 08:25:58','2017-09-11 08:25:58'),(1295,395,0.000,4,2,'2017-09-11 08:25:58','2017-09-11 08:25:58'),(1296,395,0.000,5,2,'2017-09-11 08:25:58','2017-09-11 08:25:58'),(1297,396,0.000,2,2,'2017-09-11 08:26:24','2017-09-11 08:26:24'),(1298,396,0.000,3,2,'2017-09-11 08:26:24','2017-09-11 08:26:24'),(1299,396,0.000,4,2,'2017-09-11 08:26:24','2017-09-11 08:26:24'),(1300,396,0.000,5,2,'2017-09-11 08:26:24','2017-09-11 08:26:24'),(1301,397,0.000,2,2,'2017-09-11 08:26:36','2017-09-11 08:26:36'),(1302,397,0.000,3,2,'2017-09-11 08:26:36','2017-09-11 08:26:36'),(1303,397,0.000,4,2,'2017-09-11 08:26:36','2017-09-11 08:26:36'),(1304,397,0.000,5,2,'2017-09-11 08:26:36','2017-09-11 08:26:36'),(1305,398,0.000,2,2,'2017-09-11 08:26:57','2017-09-11 08:26:57'),(1306,398,0.000,3,2,'2017-09-11 08:26:57','2017-09-11 08:26:57'),(1307,398,0.000,4,2,'2017-09-11 08:26:57','2017-09-11 08:26:57'),(1308,398,0.000,5,2,'2017-09-11 08:26:57','2017-09-11 08:26:57'),(1309,399,0.000,2,2,'2017-09-11 08:27:49','2017-09-11 08:27:49'),(1310,399,0.000,3,2,'2017-09-11 08:27:49','2017-09-11 08:27:49'),(1311,399,0.000,4,2,'2017-09-11 08:27:49','2017-09-11 08:27:49'),(1312,399,0.000,5,2,'2017-09-11 08:27:49','2017-09-11 08:27:49'),(1313,400,0.000,2,2,'2017-09-11 08:28:06','2017-09-11 08:28:06'),(1314,400,0.000,3,2,'2017-09-11 08:28:06','2017-09-11 08:28:06'),(1315,400,0.000,4,2,'2017-09-11 08:28:06','2017-09-11 08:28:06'),(1316,400,0.000,5,2,'2017-09-11 08:28:06','2017-09-11 08:28:06'),(1317,401,0.000,2,2,'2017-09-11 08:29:15','2017-09-11 08:29:15'),(1318,401,0.000,3,2,'2017-09-11 08:29:15','2017-09-11 08:29:15'),(1319,401,0.000,4,2,'2017-09-11 08:29:15','2017-09-11 08:29:15'),(1320,401,0.000,5,2,'2017-09-11 08:29:15','2017-09-11 08:29:15'),(1321,402,0.000,2,2,'2017-09-11 08:29:33','2017-09-11 08:29:33'),(1322,402,0.000,3,2,'2017-09-11 08:29:33','2017-09-11 08:29:33'),(1323,402,0.000,4,2,'2017-09-11 08:29:33','2017-09-11 08:29:33'),(1324,402,0.000,5,2,'2017-09-11 08:29:33','2017-09-11 08:29:33'),(1325,403,0.000,2,2,'2017-09-11 08:29:52','2017-09-11 08:29:52'),(1326,403,0.000,3,2,'2017-09-11 08:29:52','2017-09-11 08:29:52'),(1327,403,0.000,4,2,'2017-09-11 08:29:52','2017-09-11 08:29:52'),(1328,403,0.000,5,2,'2017-09-11 08:29:52','2017-09-11 08:29:52'),(1329,404,0.000,2,2,'2017-09-11 08:30:08','2017-09-11 08:30:08'),(1330,404,0.000,3,2,'2017-09-11 08:30:08','2017-09-11 08:30:08'),(1331,404,0.000,4,2,'2017-09-11 08:30:08','2017-09-11 08:30:08'),(1332,404,0.000,5,2,'2017-09-11 08:30:08','2017-09-11 08:30:08'),(1333,405,0.000,2,2,'2017-09-11 08:30:20','2017-09-11 08:30:20'),(1334,405,0.000,3,2,'2017-09-11 08:30:20','2017-09-11 08:30:20'),(1335,405,0.000,4,2,'2017-09-11 08:30:20','2017-09-11 08:30:20'),(1336,405,0.000,5,2,'2017-09-11 08:30:20','2017-09-11 08:30:20'),(1337,406,0.000,2,2,'2017-11-09 09:46:28','2017-11-09 09:46:28'),(1338,406,0.000,3,2,'2017-11-09 09:46:28','2017-11-09 09:46:28'),(1339,406,0.000,4,2,'2017-11-09 09:46:28','2017-11-09 09:46:28'),(1340,406,0.000,5,2,'2017-11-09 09:46:28','2017-11-09 09:46:28'),(1341,407,0.000,2,2,'2017-11-09 09:46:52','2017-11-09 09:46:52'),(1342,407,0.000,3,2,'2017-11-09 09:46:52','2017-11-09 09:46:52'),(1343,407,0.000,4,2,'2017-11-09 09:46:52','2017-11-09 09:46:52'),(1344,407,0.000,5,2,'2017-11-09 09:46:52','2017-11-09 09:46:52'),(1345,408,0.000,2,2,'2017-11-09 09:47:56','2017-11-09 09:47:56'),(1346,408,0.000,3,2,'2017-11-09 09:47:56','2017-11-09 09:47:56'),(1347,408,0.000,4,2,'2017-11-09 09:47:56','2017-11-09 09:47:56'),(1348,408,0.000,5,2,'2017-11-09 09:47:56','2017-11-09 09:47:56'),(1349,409,0.000,2,2,'2017-11-09 09:49:21','2017-11-09 09:49:21'),(1350,409,0.000,3,2,'2017-11-09 09:49:21','2017-11-09 09:49:21'),(1351,409,0.000,4,2,'2017-11-09 09:49:21','2017-11-09 09:49:21'),(1352,409,0.000,5,2,'2017-11-09 09:49:21','2017-11-09 09:49:21'),(1353,410,0.000,2,2,'2017-11-09 09:49:45','2017-11-09 09:49:45'),(1354,410,0.000,3,2,'2017-11-09 09:49:45','2017-11-09 09:49:45'),(1355,410,0.000,4,2,'2017-11-09 09:49:45','2017-11-09 09:49:45'),(1356,410,0.000,5,2,'2017-11-09 09:49:45','2017-11-09 09:49:45'),(1357,411,0.000,2,2,'2017-11-09 12:32:23','2017-11-09 12:32:23'),(1358,411,0.000,3,2,'2017-11-09 12:32:23','2017-11-09 12:32:23'),(1359,411,0.105,4,2,'2017-11-09 12:32:23','2017-11-09 12:32:23'),(1360,411,0.000,5,2,'2017-11-09 12:32:23','2017-11-09 12:32:23'),(1361,412,0.000,2,2,'2017-11-09 12:56:31','2017-11-09 12:56:31'),(1362,412,0.000,3,2,'2017-11-09 12:56:31','2017-11-09 12:56:31'),(1363,412,0.000,4,2,'2017-11-09 12:56:31','2017-11-09 12:56:31'),(1364,412,0.000,5,2,'2017-11-09 12:56:31','2017-11-09 12:56:31'),(1365,413,0.000,2,2,'2017-11-09 12:58:16','2017-11-09 12:58:16'),(1366,413,0.000,3,2,'2017-11-09 12:58:16','2017-11-09 12:58:16'),(1367,413,0.000,4,2,'2017-11-09 12:58:16','2017-11-09 12:58:16'),(1368,413,0.000,5,2,'2017-11-09 12:58:16','2017-11-09 12:58:16');
/*!40000 ALTER TABLE `magzine_discount_table` ENABLE KEYS */;
UNLOCK TABLES;

--
-- Table structure for table `magzine_price_table`
--

DROP TABLE IF EXISTS `magzine_price_table`;
/*!40101 SET @saved_cs_client     = @@character_set_client */;
/*!40101 SET character_set_client = utf8 */;
CREATE TABLE `magzine_price_table` (
  `Id` int(11) NOT NULL AUTO_INCREMENT,
  `mag_id` int(11) DEFAULT NULL,
  `ad_color` varchar(60) DEFAULT NULL,
  `ad_size` varchar(60) DEFAULT NULL,
  `ad_amount` decimal(18,2) DEFAULT NULL,
  `ad_status` tinyint(4) DEFAULT NULL,
  `updated_at` datetime DEFAULT NULL,
  `created_at` datetime DEFAULT NULL,
  PRIMARY KEY (`Id`)
) ENGINE=InnoDB AUTO_INCREMENT=414 DEFAULT CHARSET=latin1;
/*!40101 SET character_set_client = @saved_cs_client */;

--
-- Dumping data for table `magzine_price_table`
--

LOCK TABLES `magzine_price_table` WRITE;
/*!40000 ALTER TABLE `magzine_price_table` DISABLE KEYS */;
INSERT INTO `magzine_price_table` VALUES (33,42,'1','4',3500.00,2,'2017-01-03 15:34:15','2017-01-03 15:34:15'),(35,44,'1','2',3000.00,2,'2017-01-03 17:48:05','2017-01-03 17:48:05'),(36,44,'1','5',1500.00,2,'2017-01-03 17:49:50','2017-01-03 17:49:50'),(37,45,'1','2',3000.00,2,'2017-01-09 06:56:20','2017-01-09 06:56:20'),(38,46,'3','3',1000.00,2,'2017-01-13 03:14:22','2017-01-13 03:14:22'),(39,47,'1','3',2500.00,2,'2017-01-22 17:37:16','2017-01-22 17:37:16'),(40,48,'1','2',3000.00,2,'2017-01-22 20:56:14','2017-01-22 20:56:14'),(41,49,'1','3',1500.00,2,'2017-01-23 19:27:07','2017-01-23 19:27:07'),(42,49,'2','2',1230.00,2,'2017-01-23 19:27:17','2017-01-23 19:27:17'),(45,50,'1','2',1000.00,2,'2017-01-25 08:26:21','2017-01-25 08:26:21'),(46,51,'1','2',1000.00,2,'2017-01-26 08:45:54','2017-01-26 08:45:54'),(47,43,'1','2',3000.00,2,'2017-02-09 07:10:00','2017-02-09 07:10:00'),(48,53,'1','2',3000.00,2,'2017-02-09 07:13:33','2017-02-09 07:13:33'),(50,54,'1','2',3000.00,2,'2017-02-09 07:36:03','2017-02-09 07:36:03'),(51,55,'1','2',1000.00,2,'2017-02-12 16:39:39','2017-02-12 16:39:39'),(52,56,'1','2',3000.00,2,'2017-02-13 08:18:15','2017-02-13 08:18:15'),(53,58,'1','5',1500.00,2,'2017-02-14 07:23:35','2017-02-14 07:23:35'),(54,59,'1','2',3000.00,2,'2017-02-15 06:33:10','2017-02-15 06:33:10'),(55,60,'1','2',3000.00,2,'2017-02-15 06:39:45','2017-02-15 06:39:45'),(56,60,'2','2',2000.00,2,'2017-02-15 06:43:53','2017-02-15 06:43:53'),(57,52,'2','2',2000.00,2,'2017-02-15 06:59:23','2017-02-15 06:59:23'),(58,54,'2','3',3400.00,2,'2017-02-15 07:22:11','2017-02-15 07:22:11'),(64,62,'1','2',3000.00,2,'2017-02-16 05:37:51','2017-02-16 05:37:51'),(65,63,'1','2',1831.07,2,'2017-02-16 11:09:13','2017-02-16 11:09:13'),(67,64,'1','2',1837.37,2,'2017-02-16 11:33:42','2017-02-16 11:33:42'),(69,65,'1','2',1873.37,2,'2017-02-16 11:39:41','2017-02-16 11:39:41'),(70,67,'1','2',3000.00,2,'2017-02-17 05:04:44','2017-02-17 05:04:44'),(71,68,'1','2',3000.00,2,'2017-02-18 17:11:51','2017-02-18 17:11:51'),(169,8,'1','17',2628.62,2,'2017-07-10 11:45:10','2017-07-10 11:45:10'),(170,8,'1','14',1974.07,2,'2017-07-10 11:45:59','2017-07-10 11:45:59'),(171,8,'1','19',1794.61,2,'2017-07-10 11:46:21','2017-07-10 11:46:21'),(172,8,'1','16',1492.98,2,'2017-07-10 11:46:49','2017-07-10 11:46:49'),(173,8,'1','15',1492.98,2,'2017-07-10 11:47:03','2017-07-10 11:47:03'),(174,8,'1','11',1055.17,2,'2017-07-10 11:47:29','2017-07-10 11:47:29'),(175,8,'1','12',1055.17,2,'2017-07-10 11:47:43','2017-07-10 11:47:43'),(176,8,'1','13',1055.17,2,'2017-07-10 11:48:01','2017-07-10 11:48:01'),(177,8,'1','8',844.70,2,'2017-07-10 11:48:37','2017-07-10 11:48:37'),(178,8,'1','9',844.70,2,'2017-07-10 11:48:48','2017-07-10 11:48:48'),(179,8,'1','10',844.70,2,'2017-07-10 11:48:59','2017-07-10 11:48:59'),(180,8,'1','5',740.03,2,'2017-07-10 11:49:23','2017-07-10 11:49:23'),(181,8,'1','6',740.03,2,'2017-07-10 11:49:35','2017-07-10 11:49:35'),(182,8,'1','7',740.03,2,'2017-07-10 11:49:45','2017-07-10 11:49:45'),(183,8,'1','3',647.73,2,'2017-07-10 11:50:07','2017-07-10 11:50:07'),(184,8,'1','4',647.73,2,'2017-07-10 11:50:20','2017-07-10 11:50:20'),(185,8,'1','1',601.59,2,'2017-07-10 11:50:36','2017-07-10 11:50:36'),(186,8,'1','2',601.59,2,'2017-07-10 11:50:53','2017-07-10 11:50:53'),(187,7,'1','17',2689.57,2,'2017-07-10 12:31:34','2017-07-10 12:31:34'),(188,7,'1','14',2060.71,2,'2017-07-10 12:31:56','2017-07-10 12:31:56'),(189,7,'1','19',1873.37,2,'2017-07-10 12:32:19','2017-07-10 12:32:19'),(190,7,'1','15',1513.78,2,'2017-07-10 12:32:40','2017-07-10 12:32:40'),(191,7,'1','16',1513.78,2,'2017-07-10 12:32:56','2017-07-10 12:32:56'),(192,7,'1','13',1308.25,2,'2017-07-10 12:33:53','2017-07-10 12:33:53'),(193,7,'1','11',1189.32,2,'2017-07-10 12:34:14','2017-07-10 12:34:14'),(194,7,'1','12',1189.32,2,'2017-07-10 12:35:18','2017-07-10 12:35:18'),(195,7,'1','8',875.79,2,'2017-07-10 12:35:58','2017-07-10 12:35:58'),(196,7,'1','9',875.79,2,'2017-07-10 12:36:12','2017-07-10 12:36:12'),(197,7,'1','10',875.79,2,'2017-07-10 12:36:33','2017-07-10 12:36:33'),(198,7,'1','5',623.81,2,'2017-07-10 12:37:38','2017-07-10 12:37:38'),(199,7,'1','6',623.81,2,'2017-07-10 12:38:07','2017-07-10 12:38:07'),(200,7,'1','3',554.29,2,'2017-07-10 12:38:37','2017-07-10 12:38:37'),(201,7,'1','4',554.29,2,'2017-07-10 12:39:27','2017-07-10 12:39:27'),(202,7,'1','1',466.06,2,'2017-07-10 12:39:45','2017-07-10 12:39:45'),(203,7,'1','2',466.06,2,'2017-07-10 12:40:03','2017-07-10 12:40:03'),(204,9,'1','17',3117.06,2,'2017-07-10 12:44:52','2017-07-10 12:44:52'),(205,9,'1','14',2393.47,2,'2017-07-10 12:45:15','2017-07-10 12:45:15'),(206,9,'1','19',2175.88,2,'2017-07-10 12:45:51','2017-07-10 12:45:51'),(207,9,'1','15',1587.65,2,'2017-07-10 12:46:23','2017-07-10 12:46:23'),(208,9,'1','16',1587.65,2,'2017-07-10 12:46:39','2017-07-10 12:46:39'),(209,9,'1','13',1352.35,2,'2017-07-10 12:50:36','2017-07-10 12:50:36'),(210,9,'1','11',1234.71,2,'2017-07-10 12:51:19','2017-07-10 12:51:19'),(211,9,'1','12',1234.71,2,'2017-07-10 12:51:32','2017-07-10 12:51:32'),(212,9,'1','8',881.76,2,'2017-07-10 12:52:41','2017-07-10 12:52:41'),(213,9,'1','9',881.76,2,'2017-07-10 12:52:54','2017-07-10 12:52:54'),(214,9,'1','10',881.76,2,'2017-07-10 12:54:29','2017-07-10 12:54:29'),(215,9,'1','5',705.29,2,'2017-07-10 12:55:43','2017-07-10 12:55:43'),(216,9,'1','6',705.29,2,'2017-07-10 12:56:16','2017-07-10 12:56:16'),(217,9,'1','3',528.82,2,'2017-07-10 12:57:15','2017-07-10 12:57:15'),(218,9,'1','4',528.82,2,'2017-07-10 12:57:43','2017-07-10 12:57:43'),(219,9,'1','1',411.18,2,'2017-07-10 12:58:21','2017-07-10 12:58:21'),(220,9,'1','2',411.18,2,'2017-07-10 12:58:51','2017-07-10 12:58:51'),(221,10,'1','17',4743.00,2,'2017-07-10 13:03:36','2017-07-10 13:03:36'),(222,10,'1','19',2964.00,2,'2017-07-10 13:05:06','2017-07-10 13:05:06'),(223,10,'1','11',1870.00,2,'2017-07-10 13:06:07','2017-07-10 13:06:07'),(224,10,'1','12',1870.00,2,'2017-07-10 13:06:32','2017-07-10 13:06:32'),(225,10,'1','13',1870.00,2,'2017-07-10 13:06:52','2017-07-10 13:06:52'),(226,10,'1','8',1517.00,2,'2017-07-10 13:07:09','2017-07-10 13:07:09'),(227,10,'1','9',1517.00,2,'2017-07-10 13:07:21','2017-07-10 13:07:21'),(228,10,'1','10',1517.00,2,'2017-07-10 13:07:35','2017-07-10 13:07:35'),(229,10,'1','5',1388.00,2,'2017-07-10 13:08:11','2017-07-10 13:08:11'),(230,10,'1','6',1388.00,2,'2017-07-10 13:08:38','2017-07-10 13:08:38'),(231,10,'1','4',900.00,2,'2017-07-10 13:09:01','2017-07-10 13:09:01'),(232,11,'1','17',3320.00,2,'2017-07-10 13:11:31','2017-07-10 13:11:31'),(233,11,'1','19',2074.00,2,'2017-07-10 13:11:48','2017-07-10 13:11:48'),(234,11,'1','11',1309.00,2,'2017-07-10 13:12:18','2017-07-10 13:12:18'),(235,11,'1','12',1309.00,2,'2017-07-10 13:12:33','2017-07-10 13:12:33'),(236,11,'1','13',1309.00,2,'2017-07-10 13:12:48','2017-07-10 13:12:48'),(237,11,'1','8',1061.00,2,'2017-07-10 13:13:09','2017-07-10 13:13:09'),(238,11,'1','9',1061.00,2,'2017-07-10 13:14:01','2017-07-10 13:14:01'),(239,11,'1','10',1061.00,2,'2017-07-10 13:14:19','2017-07-10 13:14:19'),(240,11,'1','5',971.00,2,'2017-07-10 13:14:39','2017-07-10 13:14:39'),(241,11,'1','6',971.00,2,'2017-07-10 13:14:54','2017-07-10 13:14:54'),(242,11,'1','4',650.00,2,'2017-07-10 13:15:08','2017-07-10 13:15:08'),(243,8,'2','17',2410.07,2,'2017-07-10 13:17:30','2017-07-10 13:17:30'),(244,8,'2','14',1709.63,2,'2017-07-10 13:17:54','2017-07-10 13:17:54'),(245,8,'2','19',1554.21,2,'2017-07-10 13:18:07','2017-07-10 13:18:07'),(246,8,'2','15',1274.43,2,'2017-07-10 13:18:35','2017-07-10 13:18:35'),(247,8,'2','16',1274.43,2,'2017-07-10 13:18:52','2017-07-10 13:18:52'),(248,8,'2','11',945.89,2,'2017-07-10 13:19:13','2017-07-10 13:19:13'),(249,8,'2','12',945.89,2,'2017-07-10 13:19:27','2017-07-10 13:19:27'),(250,8,'2','13',945.89,2,'2017-07-10 13:19:47','2017-07-10 13:19:47'),(251,8,'2','8',735.42,2,'2017-07-10 13:20:08','2017-07-10 13:20:08'),(252,8,'2','9',735.42,2,'2017-07-10 13:20:25','2017-07-10 13:20:25'),(253,8,'2','10',735.42,2,'2017-07-10 13:20:43','2017-07-10 13:20:43'),(254,8,'2','5',630.76,2,'2017-07-10 13:20:58','2017-07-10 13:20:58'),(255,8,'2','6',630.76,2,'2017-07-10 13:21:14','2017-07-10 13:21:14'),(256,8,'2','7',630.76,2,'2017-07-10 13:21:32','2017-07-10 13:21:32'),(257,8,'2','3',538.46,2,'2017-07-10 13:22:00','2017-07-10 13:22:00'),(258,8,'2','4',538.46,2,'2017-07-10 13:22:19','2017-07-10 13:22:19'),(260,8,'2','1',492.31,2,'2017-07-10 13:22:51','2017-07-10 13:22:51'),(261,8,'2','2',492.31,2,'2017-07-10 13:23:17','2017-07-10 13:23:17'),(262,8,'1','20',2119.89,2,'2017-08-14 11:38:57','2017-08-14 11:38:57'),(263,8,'1','21',2119.89,2,'2017-08-14 11:40:29','2017-08-14 11:40:29'),(264,8,'1','22',2280.84,2,'2017-08-14 11:40:49','2017-08-14 11:40:49'),(265,8,'2','20',2119.89,2,'2017-08-14 11:41:08','2017-08-14 11:41:08'),(266,8,'2','21',2119.89,2,'2017-08-14 11:41:25','2017-08-14 11:41:25'),(267,8,'2','22',2280.84,2,'2017-08-14 11:41:52','2017-08-14 11:41:52'),(268,9,'1','20',2305.29,2,'2017-08-16 07:41:45','2017-08-16 07:41:45'),(269,9,'1','21',2305.29,2,'2017-08-16 07:42:38','2017-08-16 07:42:38'),(270,9,'1','22',2422.94,2,'2017-08-16 07:43:08','2017-08-16 07:43:08'),(272,12,'1','1',602.24,2,'2017-08-28 11:51:01','2017-08-28 11:51:01'),(273,12,'1','20',2155.66,2,'2017-08-28 12:06:59','2017-08-28 12:06:59'),(274,12,'1','21',2155.66,2,'2017-08-28 12:07:48','2017-08-28 12:07:48'),(275,12,'1','22',2329.13,2,'2017-08-28 12:11:04','2017-08-28 12:11:04'),(276,12,'1','17',2700.54,2,'2017-08-28 12:12:47','2017-08-28 12:12:47'),(277,12,'1','14',2014.18,2,'2017-08-28 12:14:18','2017-08-28 12:14:18'),(278,12,'1','19',1831.07,2,'2017-08-28 12:14:59','2017-08-28 12:14:59'),(279,12,'1','15',1494.88,2,'2017-08-28 12:15:31','2017-08-28 12:15:31'),(280,12,'1','16',1494.88,2,'2017-08-28 12:16:06','2017-08-28 12:16:06'),(281,12,'1','13',1228.25,2,'2017-08-28 12:22:59','2017-08-28 12:22:59'),(282,12,'1','12',1077.55,2,'2017-08-28 12:24:08','2017-08-28 12:24:08'),(283,12,'1','11',1077.55,2,'2017-08-28 12:24:48','2017-08-28 12:24:48'),(284,12,'1','10',903.65,2,'2017-08-28 12:26:23','2017-08-28 12:26:23'),(285,12,'1','9',903.65,2,'2017-08-28 12:27:29','2017-08-28 12:27:29'),(286,12,'1','6',752.94,2,'2017-08-28 12:28:17','2017-08-28 12:28:17'),(287,12,'1','5',752.94,2,'2017-08-28 12:28:55','2017-08-28 12:28:55'),(288,12,'1','4',648.61,2,'2017-08-28 12:33:55','2017-08-28 12:33:55'),(289,12,'1','3',648.61,2,'2017-08-28 12:34:19','2017-08-28 12:34:19'),(290,12,'1','2',602.24,2,'2017-08-28 12:34:52','2017-08-28 12:34:52'),(291,12,'3','14',1402.08,2,'2017-08-28 12:40:35','2017-08-28 12:40:35'),(292,12,'3','19',1274.62,2,'2017-08-28 12:42:47','2017-08-28 12:42:47'),(293,12,'3','16',961.62,2,'2017-08-28 12:43:23','2017-08-28 12:43:23'),(294,12,'3','15',961.62,2,'2017-08-28 12:43:48','2017-08-28 12:43:48'),(295,12,'3','13',938.43,2,'2017-08-28 12:45:29','2017-08-28 12:45:29'),(296,12,'3','12',799.31,2,'2017-08-28 12:46:27','2017-08-28 12:46:27'),(298,12,'3','11',799.31,2,'2017-08-28 12:48:54','2017-08-28 12:48:54'),(299,12,'3','10',625.43,2,'2017-08-28 12:49:42','2017-08-28 12:49:42'),(300,12,'3','9',625.43,2,'2017-08-28 12:50:11','2017-08-28 12:50:11'),(301,12,'3','6',474.72,2,'2017-08-28 12:50:40','2017-08-28 12:50:40'),(302,12,'3','5',474.72,2,'2017-08-28 12:51:19','2017-08-28 12:51:19'),(303,12,'3','4',370.39,2,'2017-08-28 12:52:01','2017-08-28 12:52:01'),(304,12,'3','3',370.39,2,'2017-08-28 12:53:59','2017-08-28 12:53:59'),(305,12,'3','2',324.02,2,'2017-08-28 12:54:32','2017-08-28 12:54:32'),(306,12,'3','1',324.02,2,'2017-08-28 12:54:58','2017-08-28 12:54:58'),(308,13,'1','20',2155.66,2,'2017-08-30 08:10:36','2017-08-30 08:10:36'),(309,13,'1','21',2155.66,2,'2017-08-30 08:10:55','2017-08-30 08:10:55'),(310,13,'1','22',2329.56,2,'2017-08-30 08:11:12','2017-08-30 08:11:12'),(311,13,'1','17',2700.54,2,'2017-08-30 08:22:50','2017-08-30 08:22:50'),(312,13,'1','19',1831.07,2,'2017-08-30 08:23:56','2017-08-30 08:23:56'),(313,13,'1','16',1494.88,2,'2017-08-30 08:24:38','2017-08-30 08:24:38'),(314,13,'1','15',1494.88,2,'2017-08-30 08:25:16','2017-08-30 08:25:16'),(315,13,'1','13',1228.25,2,'2017-08-30 08:25:34','2017-08-30 08:25:34'),(316,13,'1','12',1077.55,2,'2017-08-30 08:26:00','2017-08-30 08:26:00'),(317,13,'1','11',1077.55,2,'2017-08-30 08:26:21','2017-08-30 08:26:21'),(318,13,'1','10',903.65,2,'2017-08-30 08:27:57','2017-08-30 08:27:57'),(319,13,'1','9',903.65,2,'2017-08-30 08:28:54','2017-08-30 08:28:54'),(320,13,'1','6',752.94,2,'2017-08-30 08:35:16','2017-08-30 08:35:16'),(321,13,'1','5',752.94,2,'2017-08-30 12:01:42','2017-08-30 12:01:42'),(322,13,'1','3',648.61,2,'2017-08-30 12:02:10','2017-08-30 12:02:10'),(323,13,'1','1',602.24,2,'2017-08-30 12:02:38','2017-08-30 12:02:38'),(324,13,'3','17',2155.66,2,'2017-08-30 12:41:00','2017-08-30 12:41:00'),(325,13,'3','19',1274.62,2,'2017-08-30 12:42:39','2017-08-30 12:42:39'),(326,13,'3','16',961.62,2,'2017-08-30 12:43:18','2017-08-30 12:43:18'),(327,13,'3','15',961.62,2,'2017-08-30 12:43:31','2017-08-30 12:43:31'),(328,13,'3','13',938.43,2,'2017-08-30 12:45:04','2017-08-30 12:45:04'),(329,13,'3','12',799.31,2,'2017-08-30 12:45:27','2017-08-30 12:45:27'),(330,13,'3','11',799.31,2,'2017-08-30 12:45:37','2017-08-30 12:45:37'),(331,13,'3','10',625.43,2,'2017-08-30 12:45:58','2017-08-30 12:45:58'),(332,13,'3','9',625.43,2,'2017-08-30 12:46:17','2017-08-30 12:46:17'),(333,13,'3','6',474.72,2,'2017-08-30 12:46:36','2017-08-30 12:46:36'),(334,13,'3','5',474.72,2,'2017-08-30 12:46:47','2017-08-30 12:46:47'),(335,13,'3','3',370.39,2,'2017-08-30 12:47:15','2017-08-30 12:47:15'),(336,13,'3','1',324.02,2,'2017-08-30 12:47:32','2017-08-30 12:47:32'),(337,14,'1','5',623.81,2,'2017-09-01 10:07:28','2017-09-01 10:07:28'),(353,14,'1','20',2246.49,2,'2017-09-06 07:16:04','2017-09-06 07:16:04'),(354,14,'1','21',2246.49,2,'2017-09-06 07:17:13','2017-09-06 07:17:13'),(355,14,'1','22',2335.89,2,'2017-09-06 07:17:40','2017-09-06 07:17:40'),(356,14,'1','17',2689.57,2,'2017-09-06 07:18:02','2017-09-06 07:18:02'),(357,14,'1','14',2060.71,2,'2017-09-06 07:18:29','2017-09-06 07:18:29'),(358,14,'1','19',1873.37,2,'2017-09-06 08:08:00','2017-09-06 08:08:00'),(359,14,'1','16',1513.78,2,'2017-09-06 08:08:27','2017-09-06 08:08:27'),(360,14,'1','15',1513.78,2,'2017-09-06 08:08:45','2017-09-06 08:08:45'),(361,14,'1','13',1308.25,2,'2017-09-06 08:11:15','2017-09-06 08:11:15'),(362,14,'1','12',1189.32,2,'2017-09-06 08:11:41','2017-09-06 08:11:41'),(363,14,'1','11',1189.32,2,'2017-09-06 08:11:59','2017-09-06 08:11:59'),(364,14,'1','10',875.79,2,'2017-09-06 08:12:25','2017-09-06 08:12:25'),(365,14,'1','9',875.79,2,'2017-09-06 08:12:43','2017-09-06 08:12:43'),(366,14,'1','6',623.81,2,'2017-09-06 08:13:10','2017-09-06 08:13:10'),(367,14,'1','5',623.81,2,'2017-09-06 08:13:36','2017-09-06 08:13:36'),(368,14,'1','4',554.29,2,'2017-09-06 08:14:03','2017-09-06 08:14:03'),(369,14,'1','3',554.29,2,'2017-09-06 08:14:32','2017-09-06 08:14:32'),(370,14,'1','2',466.06,2,'2017-09-06 08:15:03','2017-09-06 08:15:03'),(371,14,'1','1',466.06,2,'2017-09-06 08:15:24','2017-09-06 08:15:24'),(372,7,'1','38',300.00,2,'2017-09-07 07:10:01','2017-09-07 07:10:01'),(373,15,'1','20',3068.19,2,'2017-09-08 06:56:11','2017-09-08 06:56:11'),(374,15,'1','21',3068.19,2,'2017-09-08 06:56:26','2017-09-08 06:56:26'),(375,15,'1','22',3497.15,2,'2017-09-08 06:56:42','2017-09-08 06:56:42'),(376,15,'1','46',2043.04,2,'2017-09-08 06:57:06','2017-09-08 06:57:06'),(377,15,'1','19',1599.53,2,'2017-09-08 06:57:23','2017-09-08 06:57:23'),(378,15,'1','12',1145.12,2,'2017-09-08 06:57:45','2017-09-08 06:57:45'),(379,15,'1','11',1145.12,2,'2017-09-08 06:57:56','2017-09-08 06:57:56'),(380,15,'1','10',887.02,2,'2017-09-08 06:58:14','2017-09-08 06:58:14'),(381,15,'1','9',887.02,2,'2017-09-08 06:58:31','2017-09-08 06:58:31'),(382,15,'1','6',606.16,2,'2017-09-08 06:58:46','2017-09-08 06:58:46'),(383,15,'1','5',606.16,2,'2017-09-08 06:59:06','2017-09-08 06:59:06'),(384,15,'1','4',535.19,2,'2017-09-08 06:59:30','2017-09-08 06:59:30'),(385,15,'1','3',535.19,2,'2017-09-08 06:59:47','2017-09-08 06:59:47'),(386,15,'1','2',428.15,2,'2017-09-08 07:00:13','2017-09-08 07:00:13'),(387,15,'1','1',428.15,2,'2017-09-08 07:00:34','2017-09-08 07:00:34'),(388,16,'1','20',2155.66,2,'2017-09-11 08:22:18','2017-09-11 08:22:18'),(389,16,'1','21',2155.66,2,'2017-09-11 08:22:33','2017-09-11 08:22:33'),(390,16,'1','22',2329.13,2,'2017-09-11 08:23:09','2017-09-11 08:23:09'),(391,16,'1','17',2700.54,2,'2017-09-11 08:24:05','2017-09-11 08:24:05'),(392,16,'1','14',2014.18,2,'2017-09-11 08:24:22','2017-09-11 08:24:22'),(393,16,'1','19',1831.07,2,'2017-09-11 08:24:38','2017-09-11 08:24:38'),(394,16,'1','15',1494.88,2,'2017-09-11 08:25:20','2017-09-11 08:25:20'),(395,16,'1','13',1228.25,2,'2017-09-11 08:25:58','2017-09-11 08:25:58'),(396,16,'1','12',1077.55,2,'2017-09-11 08:26:24','2017-09-11 08:26:24'),(397,16,'1','11',1077.55,2,'2017-09-11 08:26:36','2017-09-11 08:26:36'),(398,16,'1','10',903.65,2,'2017-09-11 08:26:57','2017-09-11 08:26:57'),(399,16,'1','9',903.65,2,'2017-09-11 08:27:49','2017-09-11 08:27:49'),(400,16,'1','6',752.94,2,'2017-09-11 08:28:05','2017-09-11 08:28:05'),(401,16,'1','5',752.94,2,'2017-09-11 08:29:15','2017-09-11 08:29:15'),(402,16,'1','4',648.61,2,'2017-09-11 08:29:33','2017-09-11 08:29:33'),(403,16,'1','3',648.61,2,'2017-09-11 08:29:52','2017-09-11 08:29:52'),(404,16,'1','2',602.24,2,'2017-09-11 08:30:08','2017-09-11 08:30:08'),(405,16,'1','1',602.24,2,'2017-09-11 08:30:20','2017-09-11 08:30:20'),(406,17,'1','19',1470.00,2,'2017-11-09 09:46:28','2017-11-09 09:46:28'),(407,17,'1','12',881.76,2,'2017-11-09 09:46:52','2017-11-09 09:46:52'),(408,17,'1','11',881.76,2,'2017-11-09 09:47:56','2017-11-09 09:47:56'),(409,17,'1','9',705.29,2,'2017-11-09 09:49:21','2017-11-09 09:49:21'),(410,17,'1','10',705.29,2,'2017-11-09 09:49:45','2017-11-09 09:49:45'),(413,18,'1','19',2917.74,2,'2017-11-09 12:58:16','2017-11-09 12:58:16');
/*!40000 ALTER TABLE `magzine_price_table` ENABLE KEYS */;
UNLOCK TABLES;

--
-- Table structure for table `notes_table`
--

DROP TABLE IF EXISTS `notes_table`;
/*!40101 SET @saved_cs_client     = @@character_set_client */;
/*!40101 SET character_set_client = utf8 */;
CREATE TABLE `notes_table` (
  `Id` int(11) NOT NULL AUTO_INCREMENT,
  `book_trans` varchar(60) DEFAULT NULL,
  `sales_rep` int(11) DEFAULT NULL,
  `notes` text,
  `status` tinyint(4) DEFAULT NULL,
  `updated_at` datetime DEFAULT NULL,
  `created_at` datetime DEFAULT NULL,
  PRIMARY KEY (`Id`)
) ENGINE=InnoDB AUTO_INCREMENT=88 DEFAULT CHARSET=latin1;
/*!40101 SET character_set_client = @saved_cs_client */;

--
-- Dumping data for table `notes_table`
--

LOCK TABLES `notes_table` WRITE;
/*!40000 ALTER TABLE `notes_table` DISABLE KEYS */;
INSERT INTO `notes_table` VALUES (1,'1707LG0195',9,'Premium position - right hand page',2,'2017-07-11 07:03:26','2017-07-11 07:03:26'),(2,'1707CD7876',8,'Please email or send invoices throughout the year, Thanks!',2,'2017-07-11 07:24:05','2017-07-11 07:24:05'),(3,'1707AX4849',4,'Far forward - right hand page',2,'2017-07-11 08:36:46','2017-07-11 08:36:46'),(4,'1707YE2619',9,'Remove ConExpo banner from Champion Ad',2,'2017-07-11 08:51:25','2017-07-11 08:51:25'),(5,'1707OR5730',9,'Valued Advertiser Discout',2,'2017-07-11 09:08:32','2017-07-11 09:08:32'),(6,'1707MK1937',4,'Right hand page outside edge - do not place ad within the legal editorial',2,'2017-07-11 09:32:42','2017-07-11 09:32:42'),(7,'1707TS2518',4,'Far forward right hand page',2,'2017-07-11 13:19:47','2017-07-11 13:19:47'),(8,'1707RS2185',8,'Page 1 Opp IFC, Value Advertiser Discount',2,'2017-07-11 14:03:54','2017-07-11 14:03:54'),(9,'1707WF2802',9,'Please place within or beside Western Canada Piledrivers Training Centre',2,'2017-07-12 14:05:09','2017-07-12 14:05:09'),(10,'1707ZC7524',5,'Right-Hand Page, First 7 Pages',2,'2017-07-13 07:01:38','2017-07-13 07:01:38'),(11,'1707GO4359',5,'1st 25 pages',2,'2017-07-13 07:18:53','2017-07-13 07:18:53'),(12,'1707QW1531',4,'Standard Ad - Far forward',2,'2017-07-13 07:38:07','2017-07-13 07:38:07'),(13,'1707QW1531',4,'Valued Advertiser Discount',2,'2017-07-13 07:38:48','2017-07-13 07:38:48'),(14,'1707FY1498',4,'NZ Ad - Far forward',2,'2017-07-13 07:41:38','2017-07-13 07:41:38'),(15,'1707FY1498',4,'Valued Advertiser Discount',2,'2017-07-13 07:41:49','2017-07-13 07:41:49'),(16,'1707AT1045',5,'Island',2,'2017-07-13 09:26:28','2017-07-13 09:26:28'),(17,'1707ZG8013',4,'Far forward right hand page',2,'2017-07-13 09:32:08','2017-07-13 09:32:08'),(18,'1707LV4835',4,'Right hand page outside edge',2,'2017-07-13 09:35:23','2017-07-13 09:35:23'),(19,'1707GQ8504',4,'Full page is on FAR FORWARD RIGHT HAND PAGEHalf page vertical is on OUTSIDE EDGE',2,'2017-07-13 09:47:13','2017-07-13 09:47:13'),(20,'1707NW4632',7,'Ad to be placed right next to the Project Spotlight',2,'2017-07-17 12:20:39','2017-07-17 12:20:39'),(21,'1707BS0533',7,'Issue 1 - Full Page - Opposite Inside Front Cover',2,'2017-07-17 12:33:22','2017-07-17 12:33:22'),(22,'1707BS0533',7,'Issue 2 - half Page Vertical - Please place in first ten pages RHR',2,'2017-07-17 12:34:03','2017-07-17 12:34:03'),(23,'1707LC2531',1,'asdasdasd',2,'2017-08-14 08:08:48','2017-08-14 08:08:48'),(24,'1707YF4784',8,'DO NOT USE! - TO BE DELETED ONCE CHANGES ARE IMPLEMENTED.',2,'2017-08-14 12:01:58','2017-08-14 12:01:58'),(25,'1707YF4784',8,'WILL BE MAKING A DUPLICATE, DELETE THIS BOOKING ONCE CHANGES ARE IMPLEMENTED.',2,'2017-08-14 12:02:54','2017-08-14 12:02:54'),(26,'1708CR0763',9,'Please place alongside National Safe Drill Rig Operation Safety Editorial',2,'2017-08-14 12:30:15','2017-08-14 12:30:15'),(27,'1707CD7876',8,'DO NOT USE!! DELETE THIS WHEN CHANGES ARE IMPLEMENTED. WILL BE MAKING DUPLICATE OF THIS BOOKING. THE CORRECT ONE.',2,'2017-08-14 12:40:23','2017-08-14 12:40:23'),(28,'1707XR8692',4,'DELETE THIS WHEN CHANGES ARE IMPLEMENTED. \"DELETE\" OPTION.',2,'2017-08-14 13:00:08','2017-08-14 13:00:08'),(29,'1708UP8671',9,'Remove ConExpo banner from Champion Ad',2,'2017-08-14 13:27:31','2017-08-14 13:27:31'),(30,'1707MK1937',4,'DELETE THIS ONCE CHANGES ON THE PROGRAM IS IMPLEMENTED. WILL MAKE A DUPLICATE, WITH CORRECT INFO.',2,'2017-08-14 13:37:40','2017-08-14 13:37:40'),(31,'1707JK7718',8,'DELETE THIS ONCE CHANGES IN THE PROGRA HAS BEEN DONE, WILL MAKE A DUPLICATE TO INPUT CORRECT DISCRETION DISCOUNT.',2,'2017-08-15 06:14:53','2017-08-15 06:14:53'),(32,'1708GM2491',8,'Valued Advertiser Discount',2,'2017-08-15 06:23:02','2017-08-15 06:23:02'),(33,'1707OQ6800',8,'Valued Advertiser Discount',2,'2017-08-15 06:34:28','2017-08-15 06:34:28'),(34,'1707WJ2568',9,'Valued Advertiser Discount',2,'2017-08-15 06:38:45','2017-08-15 06:38:45'),(35,'1707EP6629',9,'DELETE THIS ONCE CHANGES IN THE PROGRAM IS IMPLEMENTED. WILL DUPLICATE THIS BOOKING WITH CORRECT DISCOUNT.',2,'2017-08-15 07:22:45','2017-08-15 07:22:45'),(36,'1708BI0603',9,'Valued Advertiser Discount',2,'2017-08-15 07:27:52','2017-08-15 07:27:52'),(37,'1707FY1498',4,'DELETE THIS ONCE CHANGES IN THE  PROGRAM ARE IMPLEMENTED. WILL MAKE A DUPLICATE OF THIS BOOKING WITH THE CORRECT DISCOUNTS.',2,'2017-08-15 09:19:03','2017-08-15 09:19:03'),(38,'1707QW1531',4,'DELETE THIS ONCE CHANGES IN THE  PROGRAM ARE IMPLEMENTED. WILL MAKE A DUPLICATE OF THIS BOOKING WITH THE CORRECT DISCOUNTS.',2,'2017-08-15 09:19:21','2017-08-15 09:19:21'),(39,'1708NJ0593',4,'NZ Ad - Far Forward',2,'2017-08-15 10:59:51','2017-08-15 10:59:51'),(40,'1707EW3858',4,'DELETE THIS ONCE CHANGES  IN THE PROGRAM IS IMPLEMENTED. WILL MAKE A DUPLICATE OF THIS BOOKING WITH THE CORRECT DISCOUNT.',2,'2017-08-15 11:04:41','2017-08-15 11:04:41'),(41,'1708KG1570',2,'DELETE THIS ONCE CHANGES IN THE PROGRAM ARE IMPLEMENTED. WILL RE-INPUT THE BOOKING TO THE CORRECT SALES REP. ACCOUNT. RIGHT NOW IT\'S IN THE WRONG SALES REP. ACCOUNT.',2,'2017-08-16 06:30:18','2017-08-16 06:30:18'),(42,'1707OR5730',2,'@',2,'2017-08-16 06:41:53','2017-08-16 06:41:53'),(43,'1707OR5730',2,'564654 908098_---kjfdj ljljk lkjsdfljk',2,'2017-08-16 06:42:12','2017-08-16 06:42:12'),(44,'1708ID5887',10,'DO NOT USE THIS BOOKING, INPUTTED THE WRONG PRODUCT. SHOULD BE \"BUILDING RURAL MANITOBA\" INSTEAD OF \"PILING CANADA\",DELETE THIS ONCE \"DELETE\" OPTION IS IMPLEMENTED IN THE SYSTEM.WILL MAKE A DUPLICATE OF THIS BOOKING FOR NOW.',2,'2017-08-16 08:51:45','2017-08-16 08:51:45'),(45,'1708BL2199',9,'One issue only.',2,'2017-08-16 13:11:05','2017-08-16 13:11:05'),(46,'1708OZ6926',9,'Revise ad from Groundbreaker Q3 2013',2,'2017-08-16 13:44:46','2017-08-16 13:44:46'),(48,'1708OX0415',6,'Test this note 1 okay',2,'2017-08-21 13:18:57','2017-08-21 13:18:49'),(49,'1708OX0415',6,'Test this note 2',2,'2017-08-21 13:19:03','2017-08-21 13:19:03'),(50,'1707KF4982',2,'test',2,'2017-08-23 08:54:19','2017-08-23 08:54:19'),(51,'1708PQ0597',2,'test - delete this booking, sample only, used for testing.',2,'2017-08-28 08:06:43','2017-08-28 08:06:16'),(52,'1708CA2689',2,'Issue 1 - Full Page - Opposite Inside Front Cover, issue 2 - 1/2 Page Vertical - Please place in first ten pages RHR *THIS IS JUST FOR TESTING - DELETE THIS IF ALL CHANGES ARE IMPLEMENTED*',2,'2017-08-28 08:18:18','2017-08-28 08:18:08'),(53,'1708AM9368',2,'Edit this once changes in the program is implemented. x6 booked issues discount of 10 percent',2,'2017-08-28 14:11:45','2017-08-28 14:11:45'),(54,'1708SF9224',2,'Edit this booking once edits in the program are implemented. x6 discount of 10 percent. and also edit if member or not.',2,'2017-08-28 14:20:26','2017-08-28 14:20:26'),(55,'1708KC8196',4,'4th Cover',2,'2017-08-29 06:46:10','2017-08-29 06:46:10'),(56,'1708KC8196',4,'EDIT THIS BOOKING ONCE CHANGES IN THE PROGRAM IS IMPLEMENTED. x6 Discount of 10 percent.',2,'2017-08-29 07:20:47','2017-08-29 07:20:47'),(57,'1708KC8196',4,'NO DISCRETION DISCOUNT YET, WILL EDIT ONCE CHANGES IN THE SYSTEM ARE IMPLEMENTED.',2,'2017-08-29 07:30:17','2017-08-29 07:30:17'),(58,'1708ST3681',8,'EDIT THIS BOOKING ONCE CHANGES IN THE SYSTEM ARE IMPLEMENTED. x6 discount of 10 percent and add Discreationary Discount.',2,'2017-08-29 08:02:00','2017-08-29 08:02:00'),(59,'1708OG8180',8,'EDIT OR CHECK ONCE CHANGES IN THE SYSTEM IS IMPLEMENTED. x6 discount of 10 percent.',2,'2017-08-30 07:49:52','2017-08-30 07:49:52'),(60,'1708OG8180',8,'x6 discount of 10 percent is not working yet.',2,'2017-08-30 07:50:24','2017-08-30 07:50:24'),(61,'1708AH1561',8,'EDIT THIS BOOKING ONCE CHANGES IN THE SYSTEM IS IMPLEMENTED. x6 discount of 10 percent, and add 33.5 percent discreationary discount.',2,'2017-08-30 08:01:32','2017-08-30 08:01:32'),(62,'1708DY6370',4,'Far Forward - right hand page',2,'2017-08-30 13:16:49','2017-08-30 13:16:49'),(63,'1708DY6370',4,'EDIT THIS BOOKING ONCE CHANGES IN THE SYSTEM IS IMPLEMENTED. x6 discount of 10 percent and ad discretionary discount.',2,'2017-08-30 13:18:05','2017-08-30 13:18:05'),(64,'1708BU3966',4,'Right hand page outside edge',2,'2017-08-30 14:03:07','2017-08-30 14:03:07'),(65,'1708QP1408',4,'Right hand page outside edge',2,'2017-08-30 14:13:43','2017-08-30 14:13:43'),(66,'1708YI4372',5,'WAITING FOR SYSTEM CHANGES. UPDATE THIS WHEN READY.',2,'2017-08-31 07:40:35','2017-08-31 07:40:35'),(67,'1708TG3726',5,'UPDATE THIS BOOKING, ONCE CHANGES IN THE SYSTEM IS IMPLEMENTED.x6 discount of 10 percent and discretionary discount',2,'2017-08-31 09:03:16','2017-08-31 09:03:16'),(68,'1708YF4504',5,'EDIT THIS BOOKING WHEN CHANGES IN THE SYSTEM IS IMPLEMENTED, not sure about the discreation discount in the IO, it is indicated there \"Valued Advertiser Discount of 0.01',2,'2017-08-31 09:52:05','2017-08-31 09:52:05'),(69,'1709SA6613',8,'Two 1/3 verticals on facing pages',2,'2017-09-06 07:10:57','2017-09-06 07:10:57'),(70,'1709GS6768',4,'Full Page Ad 1 - NZ Ad - Far Forward',2,'2017-09-06 07:40:59','2017-09-06 07:40:59'),(71,'1709GS6768',4,'Full Page Ad 2 - Standard - Far Forward',2,'2017-09-06 07:41:12','2017-09-06 07:41:12'),(72,'1709GF7211',8,'Two 1/3 verticals on facing pages',2,'2017-09-06 08:19:40','2017-09-06 08:19:40'),(73,'1709WA3448',8,'Best Forward position available',2,'2017-09-06 08:22:45','2017-09-06 08:22:45'),(74,'1709ZS5218',8,'DNU',2,'2017-09-07 07:36:11','2017-09-07 07:36:11'),(75,'1709LE2942',6,'Ad to be placed within first half of publication',2,'2017-09-08 06:52:28','2017-09-08 06:52:28'),(76,'1709KD3702',10,'added discretion discount to cover x4 booking.',2,'2017-09-08 07:26:30','2017-09-08 07:26:30'),(77,'1709II0441',5,'MIGHT NEED TO EDIT THIS BOOKING IN THE FUTURE, NOT SURE ABOUT THE PRICE.',2,'2017-09-08 10:59:25','2017-09-08 10:59:25'),(78,'1709PP7180',4,'Please place in front section',2,'2017-09-11 13:49:06','2017-09-11 13:49:06'),(79,'1709KX6931',4,'Far Forward rhp',2,'2017-09-13 08:22:13','2017-09-13 08:22:13'),(80,'1709DO0073',5,'Island',2,'2017-09-13 08:56:23','2017-09-13 08:56:23'),(81,'1709FI3355',4,'MIGHT NEED TO EDIT IN THE FUTURE, ASK GAYL TO BE SURE.',2,'2017-09-13 09:12:48','2017-09-13 09:12:48'),(82,'1709FI3355',4,'MIGHT NEED TO EDIT IN THE FUTURE, ASK GAYL TO BE SURE.',2,'2017-09-13 09:12:48','2017-09-13 09:12:48'),(83,'1709FI3355',4,'MIGHT NEED TO EDIT IN THE FUTURE, ASK GAYL TO BE SURE.',2,'2017-09-13 09:12:48','2017-09-13 09:12:48'),(84,'1709FI3355',4,'MIGHT NEED TO EDIT IN THE FUTURE, ASK GAYL TO BE SURE.',2,'2017-09-13 09:12:48','2017-09-13 09:12:48'),(85,'1709UT6059',4,'CONFUSED! NON MEMBER BUT x6 MEMBER DISCOUNT IS APPLIED. AS PER INSERTION ORDER. MIGHT NEED TO EDIT IN THE FUTURE. CONFIRM WITH GAYL',2,'2017-09-13 09:50:07','2017-09-13 09:50:07'),(86,'1709YX3111',4,'CONFUSED ABOUT THE CARD RATE IN THE INSERTION ORDER. MUST CONFIRM WITH GAYL',2,'2017-09-13 12:33:27','2017-09-13 12:33:27'),(87,'1709IA8206',4,'Far Forward Outside Edge',2,'2017-09-14 11:32:32','2017-09-14 11:32:32');
/*!40000 ALTER TABLE `notes_table` ENABLE KEYS */;
UNLOCK TABLES;

--
-- Table structure for table `notifications_table`
--

DROP TABLE IF EXISTS `notifications_table`;
/*!40101 SET @saved_cs_client     = @@character_set_client */;
/*!40101 SET character_set_client = utf8 */;
CREATE TABLE `notifications_table` (
  `Id` int(11) NOT NULL AUTO_INCREMENT,
  `role` tinyint(4) DEFAULT NULL,
  `from_user_uid` int(11) DEFAULT NULL,
  `to_user_uid` int(11) DEFAULT NULL,
  `noti_subject` varchar(50) DEFAULT NULL,
  `noti_desc` varchar(100) DEFAULT NULL,
  `noti_url` varchar(200) DEFAULT NULL,
  `noti_tagged_id` int(11) DEFAULT NULL,
  `noti_flag` tinyint(4) DEFAULT NULL,
  `updated_at` datetime DEFAULT NULL,
  `created_at` datetime DEFAULT NULL,
  PRIMARY KEY (`Id`)
) ENGINE=InnoDB AUTO_INCREMENT=192 DEFAULT CHARSET=latin1;
/*!40101 SET character_set_client = @saved_cs_client */;

--
-- Dumping data for table `notifications_table`
--

LOCK TABLES `notifications_table` WRITE;
/*!40000 ALTER TABLE `notifications_table` DISABLE KEYS */;
INSERT INTO `notifications_table` VALUES (1,1,6,-1,NULL,'gives 50% discretionary discount.','/booking/digital/add_issue/2/2',NULL,1,'2017-06-30 06:57:13','2017-06-30 06:57:13'),(2,1,8,-1,NULL,'gives 15% discretionary discount.','/booking/add_issue/12/13',NULL,2,'2017-07-11 07:24:53','2017-07-11 07:24:53'),(3,1,8,-1,NULL,'gives 35% discretionary discount.','/booking/add_issue/13/14',NULL,2,'2017-07-11 07:43:00','2017-07-11 07:43:00'),(4,3,1,8,NULL,'ok.','/booking/add_issue/13/14',NULL,2,'2017-07-11 07:44:08','2017-07-11 07:44:08'),(5,3,1,8,NULL,'declined 15% discretionary discount. ','/booking/add_issue/12/13',NULL,2,'2017-07-11 07:52:54','2017-07-11 07:52:54'),(6,1,4,-1,NULL,'gives 39% discretionary discount.','/booking/add_issue/14/15',NULL,1,'2017-07-11 08:28:49','2017-07-11 08:28:49'),(7,1,9,-1,NULL,'gives 15% discretionary discount.','/booking/add_issue/16/17',NULL,1,'2017-07-11 08:44:14','2017-07-11 08:44:14'),(8,1,9,-1,NULL,'gives 15% discretionary discount.','/booking/add_issue/17/18',NULL,1,'2017-07-11 08:50:49','2017-07-11 08:50:49'),(9,1,9,-1,NULL,'gives 15% discretionary discount.','/booking/add_issue/18/19',NULL,1,'2017-07-11 09:07:21','2017-07-11 09:07:21'),(10,1,8,-1,NULL,'gives 15% discretionary discount.','/booking/add_issue/19/20',NULL,1,'2017-07-11 09:17:36','2017-07-11 09:17:36'),(11,1,4,-1,NULL,'gives 33% discretionary discount.','/booking/add_issue/20/21',NULL,1,'2017-07-11 09:30:48','2017-07-11 09:30:48'),(12,1,9,-1,NULL,'gives 15% discretionary discount.','/booking/add_issue/21/22',NULL,1,'2017-07-11 09:51:08','2017-07-11 09:51:08'),(13,1,8,-1,NULL,'gives 15% discretionary discount.','/booking/add_issue/25/27',NULL,1,'2017-07-11 14:04:21','2017-07-11 14:04:21'),(14,1,8,-1,NULL,'gives 15% discretionary discount.','/booking/add_issue/26/28',NULL,1,'2017-07-11 14:28:54','2017-07-11 14:28:54'),(15,1,8,-1,NULL,'gives 10% discretionary discount.','/booking/add_issue/27/29',NULL,1,'2017-07-12 10:00:38','2017-07-12 10:00:38'),(16,1,9,-1,NULL,'gives 10% discretionary discount.','/booking/add_issue/32/33',NULL,2,'2017-07-12 13:56:07','2017-07-12 13:56:07'),(17,1,9,-1,NULL,'gives 15% discretionary discount.','/booking/add_issue/33/34',NULL,2,'2017-07-12 14:04:18','2017-07-12 14:04:18'),(18,1,9,-1,NULL,'gives 14% discretionary discount.','/booking/add_issue/34/35',NULL,2,'2017-07-12 14:25:49','2017-07-12 14:25:49'),(19,1,5,-1,NULL,'gives 15% discretionary discount.','/booking/add_issue/36/38',NULL,2,'2017-07-13 07:19:07','2017-07-13 07:19:07'),(20,1,8,-1,NULL,'gives 15% discretionary discount.','/booking/add_issue/37/39',NULL,2,'2017-07-13 07:26:59','2017-07-13 07:26:59'),(21,1,4,-1,NULL,'gives 20% discretionary discount.','/booking/add_issue/38/40',NULL,2,'2017-07-13 07:38:26','2017-07-13 07:38:26'),(22,1,4,-1,NULL,'gives 20% discretionary discount.','/booking/add_issue/39/40',NULL,2,'2017-07-13 07:42:08','2017-07-13 07:42:08'),(23,3,1,4,NULL,'declined 15% discretionary discount. ','/booking/add_issue/38/40',NULL,2,'2017-07-13 07:57:08','2017-07-13 07:57:08'),(24,3,1,4,NULL,'declined 15% discretionary discount. ','/booking/add_issue/39/40',NULL,2,'2017-07-13 07:57:21','2017-07-13 07:57:21'),(25,1,4,-1,NULL,'gives 5% discretionary discount.','/booking/add_issue/40/41',NULL,2,'2017-07-13 08:56:08','2017-07-13 08:56:08'),(26,1,4,-1,NULL,'gives 6% discretionary discount.','/booking/add_issue/43/6',NULL,2,'2017-07-13 10:24:51','2017-07-13 10:24:51'),(27,1,8,-1,NULL,'gives 11% discretionary discount.','/booking/add_issue/8/7',NULL,2,'2017-07-13 10:29:47','2017-07-13 10:29:47'),(28,3,1,8,NULL,'Approved for checking purposes, should be edited once changes in the system is implemented.','/booking/add_issue/8/7',NULL,2,'2017-07-13 10:34:18','2017-07-13 10:34:18'),(29,3,1,4,NULL,'Approved for checking purposed, should be edited once changes on the system are implemented.','/booking/add_issue/43/6',NULL,2,'2017-07-13 10:35:48','2017-07-13 10:35:48'),(30,3,1,4,NULL,'Approved for checking purposed, should be edited once changes on the system are implemented.','/booking/add_issue/40/41',NULL,2,'2017-07-13 10:39:23','2017-07-13 10:39:23'),(31,3,1,8,NULL,'approved 15% discretionary discount. ','/booking/add_issue/37/39',NULL,2,'2017-07-13 10:39:59','2017-07-13 10:39:59'),(32,3,1,5,NULL,'approved 15% discretionary discount. ','/booking/add_issue/36/38',NULL,2,'2017-07-13 10:40:42','2017-07-13 10:40:42'),(33,3,1,9,NULL,'Approved for checking purposes, should be edited once changes in the system are implemented.','/booking/add_issue/34/35',NULL,2,'2017-07-13 10:46:48','2017-07-13 10:46:48'),(34,3,1,9,NULL,'approved 15% discretionary discount. ','/booking/add_issue/33/34',NULL,2,'2017-07-13 10:48:28','2017-07-13 10:48:28'),(35,3,1,9,NULL,'approved 10% discretionary discount. ','/booking/add_issue/32/33',NULL,2,'2017-07-13 10:48:51','2017-07-13 10:48:51'),(36,1,7,-1,NULL,'gives 28% discretionary discount.','/booking/add_issue/44/44',NULL,2,'2017-07-17 08:53:33','2017-07-17 08:53:33'),(37,3,1,7,NULL,'Approved for checking, edit once changes in system is implemented.','/booking/add_issue/44/44',NULL,2,'2017-07-17 08:55:43','2017-07-17 08:55:43'),(38,1,7,-1,NULL,'gives 27% discretionary discount.','/booking/add_issue/47/45',NULL,2,'2017-07-17 09:39:20','2017-07-17 09:39:20'),(39,3,1,7,NULL,'discount wrong, 18.9% is the correct one.','/booking/add_issue/47/45',NULL,2,'2017-07-17 09:48:47','2017-07-17 09:48:47'),(40,1,7,-1,NULL,'gives 22% discretionary discount.','/booking/add_issue/48/46',NULL,2,'2017-07-17 10:42:05','2017-07-17 10:42:05'),(41,3,1,7,NULL,'for checking purpose, 22.2% is the correct one, edit when changes on the system is implemented.','/booking/add_issue/48/46',NULL,2,'2017-07-17 10:44:02','2017-07-17 10:44:02'),(42,1,7,-1,NULL,'gives 38% discretionary discount.','/booking/add_issue/50/48',NULL,2,'2017-07-17 11:12:23','2017-07-17 11:12:23'),(43,3,1,7,NULL,'checking purpose. ','/booking/add_issue/50/48',NULL,2,'2017-07-17 11:13:22','2017-07-17 11:13:22'),(44,1,7,-1,NULL,'gives 16% discretionary discount.','/booking/add_issue/51/49',NULL,2,'2017-07-17 11:36:43','2017-07-17 11:36:43'),(45,3,1,7,NULL,'for checking purpose, 15.9% is the correct one, edit once changes on the system is implemented.','/booking/add_issue/51/49',NULL,2,'2017-07-17 11:37:34','2017-07-17 11:37:34'),(46,1,7,-1,NULL,'gives 30% discretionary discount.','/booking/add_issue/52/50',NULL,2,'2017-07-17 11:48:00','2017-07-17 11:48:00'),(47,3,1,7,NULL,'checking purpose, edit when changes on the system is implemented.','/booking/add_issue/52/50',NULL,2,'2017-07-17 11:48:36','2017-07-17 11:48:36'),(48,1,7,-1,NULL,'gives 18% discretionary discount.','/booking/add_issue/53/51',NULL,2,'2017-07-17 12:02:09','2017-07-17 12:02:09'),(49,3,1,7,NULL,'for checking purpose, 18.9 is the correct one, edit once changes in the system is implemented.','/booking/add_issue/53/51',NULL,2,'2017-07-17 12:02:46','2017-07-17 12:02:46'),(50,1,7,-1,NULL,'gives 15% discretionary discount.','/booking/add_issue/54/52',NULL,2,'2017-07-17 12:12:42','2017-07-17 12:12:42'),(51,3,1,7,NULL,'approved 15% discretionary discount. ','/booking/add_issue/54/52',NULL,2,'2017-07-17 12:13:16','2017-07-17 12:13:16'),(52,1,7,-1,NULL,'gives 10% discretionary discount.','/booking/add_issue/55/53',NULL,2,'2017-07-17 12:20:04','2017-07-17 12:20:04'),(53,3,1,7,NULL,'approved 10% discretionary discount. ','/booking/add_issue/55/53',NULL,2,'2017-07-17 12:20:49','2017-07-17 12:20:49'),(54,1,7,-1,NULL,'gives 22% discretionary discount.','/booking/add_issue/57/55',NULL,2,'2017-07-17 13:41:42','2017-07-17 13:41:42'),(55,3,1,7,NULL,'for checking purpose, 22.2% is the correct one, edit once changes on the system is implemented.','/booking/add_issue/57/55',NULL,2,'2017-07-17 13:43:05','2017-07-17 13:43:05'),(56,1,8,-1,NULL,'gives 23% discretionary discount.','/booking/add_issue/59/56',NULL,2,'2017-07-17 14:22:39','2017-07-17 14:22:39'),(57,3,1,8,NULL,'For checking purpose, 23.5% is the correct one, edit once changes in the system is implemented.','/booking/add_issue/59/56',NULL,2,'2017-07-17 14:23:21','2017-07-17 14:23:21'),(58,1,1,-1,NULL,'gives 10% discretionary discount.','/booking/digital/add_issue/1/1',NULL,2,'2017-07-18 02:24:26','2017-07-18 02:24:26'),(59,1,1,-1,NULL,'gives 5.55% discretionary discount.','/booking/digital/add_issue/1/1',NULL,1,'2017-07-19 06:38:30','2017-07-19 06:38:30'),(60,1,1,-1,NULL,'gives 25.00% discretionary discount.','/booking/digital/add_issue/1/1',NULL,1,'2017-07-19 06:47:56','2017-07-19 06:47:56'),(61,1,8,-1,NULL,'gives 5.00% discretionary discount.','/booking/digital/add_issue/1/1',NULL,2,'2017-07-19 07:32:31','2017-07-19 07:32:31'),(62,3,1,4,NULL,'Okay','/booking/add_issue/14/15',NULL,2,'2017-07-19 07:47:07','2017-07-19 07:47:07'),(63,1,6,-1,NULL,'gives 50.00% discretionary discount.','/booking/digital/add_issue/2/2',NULL,2,'2017-07-20 14:08:24','2017-07-20 14:08:24'),(64,1,6,-1,NULL,'gives 50.00% discretionary discount.','/booking/digital/add_issue/61/2',NULL,1,'2017-08-04 11:24:01','2017-08-04 11:24:01'),(65,1,6,-1,NULL,'gives 50.00% discretionary discount.','/booking/digital/add_issue/61/2',NULL,1,'2017-08-04 11:24:56','2017-08-04 11:24:56'),(66,1,6,-1,NULL,'gives 50.00% discretionary discount.','/booking/digital/add_issue/61/2',NULL,1,'2017-08-04 11:27:09','2017-08-04 11:27:09'),(67,1,2,-1,NULL,'gives 10.45% discretionary discount.','/booking/add_issue/66/44',NULL,1,'2017-08-14 08:00:05','2017-08-14 08:00:05'),(68,3,1,4,NULL,'revoke 15.00% discretionary discount.','/booking/add_issue/14/15',NULL,1,'2017-08-14 11:05:56','2017-08-14 11:05:56'),(69,1,4,-1,NULL,'gives 24.00% discretionary discount.','/booking/add_issue/67/15',NULL,2,'2017-08-14 11:16:13','2017-08-14 11:16:13'),(70,3,1,4,NULL,'okay','/booking/add_issue/67/15',NULL,2,'2017-08-14 11:16:41','2017-08-14 11:16:41'),(71,3,1,4,NULL,'revoke 15.00% discretionary discount.','/booking/add_issue/43/6',NULL,2,'2017-08-14 11:51:18','2017-08-14 11:51:18'),(72,3,1,8,NULL,'revoke 15.00% discretionary discount.','/booking/add_issue/8/7',NULL,2,'2017-08-14 11:58:53','2017-08-14 11:58:53'),(73,1,8,-1,NULL,'gives 10.80% discretionary discount.','/booking/add_issue/70/7',NULL,2,'2017-08-14 12:09:40','2017-08-14 12:09:40'),(74,3,1,8,NULL,'ok.\r\n','/booking/add_issue/70/7',NULL,2,'2017-08-14 12:11:18','2017-08-14 12:11:18'),(75,1,8,-1,NULL,'gives 21.90% discretionary discount.','/booking/add_issue/72/13',NULL,2,'2017-08-14 12:53:20','2017-08-14 12:53:20'),(76,3,1,8,NULL,'okay\r\n','/booking/add_issue/72/13',NULL,2,'2017-08-14 12:53:41','2017-08-14 12:53:41'),(77,3,1,8,NULL,'not approve\r\n','/booking/add_issue/19/20',NULL,2,'2017-08-14 13:33:07','2017-08-14 13:33:07'),(78,3,1,4,NULL,'declined 33% discretionary discount. ','/booking/add_issue/20/21',NULL,2,'2017-08-14 13:36:49','2017-08-14 13:36:49'),(79,1,4,-1,NULL,'gives 20.60% discretionary discount.','/booking/add_issue/74/21',NULL,2,'2017-08-14 13:50:51','2017-08-14 13:50:51'),(80,3,1,4,NULL,'OK','/booking/add_issue/74/21',NULL,2,'2017-08-14 13:51:20','2017-08-14 13:51:20'),(81,3,1,8,NULL,'declined 15% discretionary discount. ','/booking/add_issue/26/28',NULL,2,'2017-08-14 14:15:04','2017-08-14 14:15:04'),(82,1,8,-1,NULL,'gives 16.90% discretionary discount.','/booking/add_issue/76/28',NULL,2,'2017-08-15 06:19:32','2017-08-15 06:19:32'),(83,3,1,8,NULL,'OK','/booking/add_issue/76/28',NULL,2,'2017-08-15 06:19:58','2017-08-15 06:19:58'),(84,1,8,-1,NULL,'cancelled 15.00% discretionary discount.','/booking/add_issue/27/29',NULL,1,'2017-08-15 06:33:26','2017-08-15 06:33:26'),(85,1,8,-1,NULL,'gives 10.40% discretionary discount.','/booking/add_issue/27/29',NULL,2,'2017-08-15 06:33:35','2017-08-15 06:33:35'),(86,3,1,8,NULL,'ok\r\n','/booking/add_issue/27/29',NULL,2,'2017-08-15 06:33:54','2017-08-15 06:33:54'),(87,1,9,-1,NULL,'gives 13.60% discretionary discount.','/booking/add_issue/77/35',NULL,2,'2017-08-15 07:27:35','2017-08-15 07:27:35'),(88,3,1,9,NULL,'ok','/booking/add_issue/77/35',NULL,2,'2017-08-15 07:28:05','2017-08-15 07:28:05'),(89,1,4,-1,NULL,'gives 5.80% discretionary discount.','/booking/add_issue/79/40',NULL,2,'2017-08-15 09:33:49','2017-08-15 09:33:49'),(90,3,1,4,NULL,'ok\r\n','/booking/add_issue/79/40',NULL,2,'2017-08-15 09:34:46','2017-08-15 09:34:46'),(91,1,4,-1,NULL,'gives 5.80% discretionary discount.','/booking/add_issue/80/40',NULL,2,'2017-08-15 10:00:21','2017-08-15 10:00:21'),(92,3,1,4,NULL,'ok','/booking/add_issue/80/40',NULL,2,'2017-08-15 10:00:33','2017-08-15 10:00:33'),(93,1,4,-1,NULL,'gives 5.80% discretionary discount.','/booking/add_issue/81/41',NULL,2,'2017-08-15 11:14:30','2017-08-15 11:14:30'),(94,3,1,4,NULL,'ok','/booking/add_issue/81/41',NULL,2,'2017-08-15 11:14:42','2017-08-15 11:14:42'),(95,3,1,7,NULL,'revoke 10.00% discretionary discount.','/booking/add_issue/57/55',NULL,2,'2017-08-15 12:25:51','2017-08-15 12:25:51'),(96,1,7,-1,NULL,'gives 5.60% discretionary discount.','/booking/add_issue/57/55',NULL,1,'2017-08-15 12:29:03','2017-08-15 12:29:03'),(97,1,7,-1,NULL,'cancelled 10.00% discretionary discount.','/booking/add_issue/57/55',NULL,1,'2017-08-15 12:29:08','2017-08-15 12:29:08'),(98,1,7,-1,NULL,'gives 5.60% discretionary discount.','/booking/add_issue/57/55',NULL,2,'2017-08-15 12:29:28','2017-08-15 12:29:28'),(99,3,1,7,NULL,'ok\r\n','/booking/add_issue/57/55',NULL,2,'2017-08-15 12:29:42','2017-08-15 12:29:42'),(100,1,10,-1,NULL,'gives 4.80% discretionary discount.','/booking/add_issue/84/57',NULL,2,'2017-08-15 14:03:14','2017-08-15 14:03:14'),(101,3,1,10,NULL,'ok','/booking/add_issue/84/57',NULL,2,'2017-08-15 14:03:33','2017-08-15 14:03:33'),(102,1,8,-1,NULL,'gives 8.50% discretionary discount.','/booking/add_issue/86/58',NULL,2,'2017-08-16 06:32:38','2017-08-16 06:32:38'),(103,3,1,8,NULL,'ok','/booking/add_issue/86/58',NULL,2,'2017-08-16 06:32:52','2017-08-16 06:32:52'),(104,1,8,-1,NULL,'gives 34.23% discretionary discount.','/booking/add_issue/89/61',NULL,2,'2017-08-16 08:03:08','2017-08-16 08:03:08'),(105,3,1,8,NULL,'ok','/booking/add_issue/89/61',NULL,2,'2017-08-16 08:03:24','2017-08-16 08:03:24'),(106,1,9,-1,NULL,'gives 38.00% discretionary discount.','/booking/add_issue/95/65',NULL,2,'2017-08-16 13:43:11','2017-08-16 13:43:11'),(107,3,1,9,NULL,'ok\r\n','/booking/add_issue/95/65',NULL,2,'2017-08-16 13:43:44','2017-08-16 13:43:44'),(108,1,9,-1,NULL,'gives 30.00% discretionary discount.','/booking/add_issue/97/66',NULL,2,'2017-08-25 12:44:23','2017-08-25 12:44:23'),(109,3,1,9,NULL,'ok','/booking/add_issue/97/66',NULL,2,'2017-08-25 12:45:02','2017-08-25 12:45:02'),(110,1,9,-1,NULL,'gives 22.30% discretionary discount.','/booking/add_issue/100/69',NULL,2,'2017-08-25 14:15:53','2017-08-25 14:15:53'),(111,3,1,9,NULL,'ok','/booking/add_issue/100/69',NULL,2,'2017-08-25 14:16:05','2017-08-25 14:16:05'),(112,1,8,-1,NULL,'gives 33.58% discretionary discount.','/booking/add_issue/111/15',NULL,2,'2017-08-30 12:50:39','2017-08-30 12:50:39'),(113,3,1,8,NULL,'ok','/booking/add_issue/111/15',NULL,2,'2017-08-30 12:51:01','2017-08-30 12:51:01'),(114,1,4,-1,NULL,'gives 5.00% discretionary discount.','/booking/add_issue/112/74',NULL,2,'2017-08-30 13:19:34','2017-08-30 13:19:34'),(115,3,1,4,NULL,'ok','/booking/add_issue/112/74',NULL,2,'2017-08-30 13:19:51','2017-08-30 13:19:51'),(116,1,8,-1,NULL,'gives 9.54% discretionary discount.','/booking/add_issue/113/75',NULL,2,'2017-08-30 13:41:52','2017-08-30 13:41:52'),(117,3,1,8,NULL,'ok','/booking/add_issue/113/75',NULL,2,'2017-08-30 13:42:22','2017-08-30 13:42:22'),(118,1,4,-1,NULL,'gives 19.25% discretionary discount.','/booking/add_issue/114/5',NULL,2,'2017-08-30 14:05:10','2017-08-30 14:05:10'),(119,3,1,4,NULL,'ok','/booking/add_issue/114/5',NULL,2,'2017-08-30 14:05:26','2017-08-30 14:05:26'),(120,1,4,-1,NULL,'gives 15.00% discretionary discount.','/booking/add_issue/115/5',NULL,2,'2017-08-30 14:13:00','2017-08-30 14:13:00'),(121,3,1,4,NULL,'ok','/booking/add_issue/115/5',NULL,2,'2017-08-30 14:13:13','2017-08-30 14:13:13'),(122,1,5,-1,NULL,'gives 13.81% discretionary discount.','/booking/add_issue/118/78',NULL,2,'2017-08-31 09:07:16','2017-08-31 09:07:16'),(123,3,1,5,NULL,'ok','/booking/add_issue/118/78',NULL,2,'2017-08-31 09:07:30','2017-08-31 09:07:30'),(124,1,9,-1,NULL,'gives 21.82% discretionary discount.','/booking/add_issue/123/82',NULL,2,'2017-09-01 09:10:16','2017-09-01 09:10:16'),(125,3,1,9,NULL,'ok','/booking/add_issue/123/82',NULL,2,'2017-09-01 09:10:40','2017-09-01 09:10:40'),(126,1,11,-1,NULL,'gives 10.30% discretionary discount.','/booking/add_issue/127/84',NULL,2,'2017-09-01 10:10:32','2017-09-01 10:10:32'),(127,3,1,11,NULL,'Okay','/booking/add_issue/127/84',NULL,1,'2017-09-01 10:11:13','2017-09-01 10:11:13'),(128,3,1,11,NULL,'revoke 2.15% discretionary discount.','/booking/add_issue/127/84',NULL,1,'2017-09-01 10:32:30','2017-09-01 10:32:30'),(129,1,11,-1,NULL,'gives 10.53% discretionary discount.','/booking/add_issue/128/84',NULL,2,'2017-09-01 10:34:37','2017-09-01 10:34:37'),(130,3,1,11,NULL,'sdfsdf','/booking/add_issue/128/84',NULL,2,'2017-09-01 10:35:11','2017-09-01 10:35:11'),(131,1,8,-1,NULL,'gives 20.86% discretionary discount.','/booking/add_issue/133/66',NULL,2,'2017-09-05 09:05:00','2017-09-05 09:05:00'),(132,3,1,8,NULL,'ok','/booking/add_issue/133/66',NULL,2,'2017-09-05 09:05:23','2017-09-05 09:05:23'),(133,1,8,-1,NULL,'gives 12.78% discretionary discount.','/booking/add_issue/134/89',NULL,2,'2017-09-05 09:40:58','2017-09-05 09:40:58'),(134,3,1,8,NULL,'ok\r\n','/booking/add_issue/134/89',NULL,2,'2017-09-05 09:41:15','2017-09-05 09:41:15'),(135,1,10,-1,NULL,'gives 10.00% discretionary discount.','/booking/add_issue/135/90',NULL,2,'2017-09-05 09:48:43','2017-09-05 09:48:43'),(136,3,1,10,NULL,'ok','/booking/add_issue/135/90',NULL,2,'2017-09-05 09:48:57','2017-09-05 09:48:57'),(137,1,8,-1,NULL,'gives 10.53% discretionary discount.','/booking/add_issue/138/93',NULL,2,'2017-09-06 07:10:11','2017-09-06 07:10:11'),(138,3,1,8,NULL,'ok','/booking/add_issue/138/93',NULL,2,'2017-09-06 07:10:29','2017-09-06 07:10:29'),(139,1,4,-1,NULL,'gives 5.74% discretionary discount.','/booking/add_issue/142/40',NULL,2,'2017-09-06 07:39:43','2017-09-06 07:39:43'),(140,3,1,4,NULL,'ok','/booking/add_issue/142/40',NULL,2,'2017-09-06 07:40:04','2017-09-06 07:40:04'),(141,1,8,-1,NULL,'gives 10.66% discretionary discount.','/booking/add_issue/143/93',NULL,2,'2017-09-06 08:19:13','2017-09-06 08:19:13'),(142,3,1,8,NULL,'ok','/booking/add_issue/143/93',NULL,2,'2017-09-06 08:19:56','2017-09-06 08:19:56'),(143,1,8,-1,NULL,'gives 12.45% discretionary discount.','/booking/add_issue/136/91',NULL,2,'2017-09-06 08:22:15','2017-09-06 08:22:15'),(144,3,1,8,NULL,'ok','/booking/add_issue/136/91',NULL,2,'2017-09-06 08:22:57','2017-09-06 08:22:57'),(145,1,7,-1,NULL,'gives 15.00% discretionary discount.','/booking/add_issue/144/95',NULL,2,'2017-09-06 08:50:40','2017-09-06 08:50:40'),(146,3,1,7,NULL,'ok','/booking/add_issue/144/95',NULL,2,'2017-09-06 08:51:18','2017-09-06 08:51:18'),(147,1,7,-1,NULL,'gives 15.00% discretionary discount.','/booking/add_issue/146/97',NULL,2,'2017-09-06 09:59:56','2017-09-06 09:59:56'),(148,3,1,7,NULL,'ok','/booking/add_issue/146/97',NULL,2,'2017-09-06 10:00:12','2017-09-06 10:00:12'),(149,1,6,-1,NULL,'gives 10.53% discretionary discount.','/booking/add_issue/148/99',NULL,2,'2017-09-07 06:59:27','2017-09-07 06:59:27'),(150,3,1,6,NULL,'ok','/booking/add_issue/148/99',NULL,2,'2017-09-07 07:00:03','2017-09-07 07:00:03'),(151,1,8,-1,NULL,'gives 12.45% discretionary discount.','/booking/add_issue/154/101',NULL,2,'2017-09-08 07:10:54','2017-09-08 07:10:54'),(152,3,1,8,NULL,'ok','/booking/add_issue/154/101',NULL,2,'2017-09-08 07:11:13','2017-09-08 07:11:13'),(153,1,10,-1,NULL,'gives 10.52% discretionary discount.','/booking/add_issue/156/103',NULL,2,'2017-09-08 07:23:01','2017-09-08 07:23:01'),(154,3,1,10,NULL,'ok','/booking/add_issue/156/103',NULL,2,'2017-09-08 07:23:14','2017-09-08 07:23:14'),(155,1,10,-1,NULL,'gives 10.66% discretionary discount.','/booking/add_issue/157/103',NULL,2,'2017-09-08 07:25:58','2017-09-08 07:25:58'),(156,3,1,10,NULL,'ok','/booking/add_issue/157/103',NULL,2,'2017-09-08 07:26:42','2017-09-08 07:26:42'),(157,1,5,-1,NULL,'gives 9.75% discretionary discount.','/booking/add_issue/159/106',NULL,2,'2017-09-08 11:35:56','2017-09-08 11:35:56'),(158,3,1,5,NULL,'ok','/booking/add_issue/159/106',NULL,2,'2017-09-08 11:36:14','2017-09-08 11:36:14'),(159,1,8,-1,NULL,'gives 10.76% discretionary discount.','/booking/add_issue/160/71',NULL,2,'2017-09-11 07:43:41','2017-09-11 07:43:41'),(160,3,1,8,NULL,'ok','/booking/add_issue/160/71',NULL,2,'2017-09-11 07:44:37','2017-09-11 07:44:37'),(161,1,8,-1,NULL,'gives 27.24% discretionary discount.','/booking/add_issue/107/72',NULL,2,'2017-09-11 08:12:41','2017-09-11 08:12:41'),(162,3,1,8,NULL,'ok','/booking/add_issue/107/72',NULL,2,'2017-09-11 08:12:54','2017-09-11 08:12:54'),(163,1,5,-1,NULL,'gives 9.75% discretionary discount.','/booking/add_issue/164/107',NULL,2,'2017-09-11 12:26:25','2017-09-11 12:26:25'),(164,3,1,5,NULL,'ok','/booking/add_issue/164/107',NULL,2,'2017-09-11 12:26:45','2017-09-11 12:26:45'),(165,1,5,-1,NULL,'gives 9.75% discretionary discount.','/booking/add_issue/166/109',NULL,2,'2017-09-11 13:12:56','2017-09-11 13:12:56'),(166,3,1,5,NULL,'ok','/booking/add_issue/166/109',NULL,2,'2017-09-11 13:13:29','2017-09-11 13:13:29'),(167,1,4,-1,NULL,'gives 19.25% discretionary discount.','/booking/add_issue/168/111',NULL,2,'2017-09-11 13:47:54','2017-09-11 13:47:54'),(168,3,1,4,NULL,'ok','/booking/add_issue/168/111',NULL,2,'2017-09-11 13:48:25','2017-09-11 13:48:25'),(169,1,4,-1,NULL,'gives 14.76% discretionary discount.','/booking/add_issue/169/8',NULL,2,'2017-09-12 13:18:16','2017-09-12 13:18:16'),(170,3,1,4,NULL,'ok','/booking/add_issue/169/8',NULL,2,'2017-09-12 13:19:22','2017-09-12 13:19:22'),(171,1,4,-1,NULL,'gives 15.00% discretionary discount.','/booking/add_issue/170/30',NULL,2,'2017-09-12 13:57:38','2017-09-12 13:57:38'),(172,3,1,4,NULL,'ok','/booking/add_issue/170/30',NULL,1,'2017-09-12 13:57:47','2017-09-12 13:57:47'),(173,1,4,-1,NULL,'gives 20.00% discretionary discount.','/booking/add_issue/172/113',NULL,2,'2017-09-13 08:22:51','2017-09-13 08:22:51'),(174,3,1,4,NULL,'ok','/booking/add_issue/172/113',NULL,2,'2017-09-13 08:23:19','2017-09-13 08:23:19'),(175,1,8,-1,NULL,'gives 46.27% discretionary discount.','/booking/add_issue/178/118',NULL,2,'2017-09-13 13:22:25','2017-09-13 13:22:25'),(176,3,1,8,NULL,'APPROVED FOR NOW, CHECK IN THE FUTURE.','/booking/add_issue/178/118',NULL,2,'2017-09-13 13:23:21','2017-09-13 13:23:21'),(177,1,4,-1,NULL,'gives 23.29% discretionary discount.','/booking/add_issue/179/119',NULL,2,'2017-09-13 14:27:19','2017-09-13 14:27:19'),(178,3,1,4,NULL,'ok','/booking/add_issue/179/119',NULL,2,'2017-09-13 14:27:29','2017-09-13 14:27:29'),(179,1,4,-1,NULL,'gives 14.77% discretionary discount.','/booking/add_issue/180/120',NULL,2,'2017-09-14 11:27:23','2017-09-14 11:27:23'),(180,3,1,4,NULL,'ok','/booking/add_issue/180/120',NULL,2,'2017-09-14 11:27:54','2017-09-14 11:27:54'),(181,1,10,-1,NULL,'gives 9.75% discretionary discount.','/booking/add_issue/183/122',NULL,2,'2017-09-14 12:42:02','2017-09-14 12:42:02'),(182,3,1,10,NULL,'ok','/booking/add_issue/183/122',NULL,2,'2017-09-14 12:42:15','2017-09-14 12:42:15'),(183,1,10,-1,NULL,'gives 5.00% discretionary discount.','/booking/add_issue/184/123',NULL,2,'2017-09-14 12:50:47','2017-09-14 12:50:47'),(184,3,1,10,NULL,'ok\r\n','/booking/add_issue/184/123',NULL,2,'2017-09-14 12:51:06','2017-09-14 12:51:06'),(185,3,1,10,NULL,'revoke 5.00% discretionary discount.','/booking/add_issue/184/123',NULL,1,'2017-10-19 13:59:07','2017-10-19 13:59:07'),(186,1,8,-1,NULL,'gives 30.00% discretionary discount.','/booking/add_issue/185/124',NULL,2,'2017-10-19 14:22:27','2017-10-19 14:22:27'),(187,3,1,8,NULL,'Okay','/booking/add_issue/185/124',NULL,2,'2017-10-19 14:23:56','2017-10-19 14:23:56'),(188,1,1,-1,NULL,'gives 15.00% discretionary discount.','/booking/add_issue/190/94',NULL,2,'2017-11-09 09:58:21','2017-11-09 09:58:21'),(189,1,1,1,NULL,'good to go','/booking/add_issue/190/94',NULL,2,'2017-11-09 09:59:46','2017-11-09 09:59:46'),(190,1,1,-1,NULL,'gives 0.00% discretionary discount.','/booking/add_issue/191/128',NULL,2,'2017-11-09 12:42:39','2017-11-09 12:42:39'),(191,1,1,1,NULL,'ok','/booking/add_issue/191/128',NULL,2,'2017-11-09 16:22:10','2017-11-09 16:22:10');
/*!40000 ALTER TABLE `notifications_table` ENABLE KEYS */;
UNLOCK TABLES;

--
-- Table structure for table `payment_transaction_table`
--

DROP TABLE IF EXISTS `payment_transaction_table`;
/*!40101 SET @saved_cs_client     = @@character_set_client */;
/*!40101 SET character_set_client = utf8 */;
CREATE TABLE `payment_transaction_table` (
  `Id` int(11) NOT NULL AUTO_INCREMENT,
  `invoice_num` varchar(50) DEFAULT NULL,
  `line_item_id` int(11) DEFAULT NULL,
  `reference_number` varchar(20) DEFAULT NULL,
  `method_payment` tinyint(4) DEFAULT NULL,
  `date_payment` datetime DEFAULT NULL,
  `amount` decimal(18,2) DEFAULT NULL,
  `remarks` varchar(300) DEFAULT NULL,
  `type` tinyint(4) DEFAULT NULL,
  `status` tinyint(4) DEFAULT NULL,
  `updated_at` datetime DEFAULT NULL,
  `created_at` datetime DEFAULT NULL,
  PRIMARY KEY (`Id`)
) ENGINE=InnoDB DEFAULT CHARSET=latin1;
/*!40101 SET character_set_client = @saved_cs_client */;

--
-- Dumping data for table `payment_transaction_table`
--

LOCK TABLES `payment_transaction_table` WRITE;
/*!40000 ALTER TABLE `payment_transaction_table` DISABLE KEYS */;
/*!40000 ALTER TABLE `payment_transaction_table` ENABLE KEYS */;
UNLOCK TABLES;

--
-- Table structure for table `price_criteria_table`
--

DROP TABLE IF EXISTS `price_criteria_table`;
/*!40101 SET @saved_cs_client     = @@character_set_client */;
/*!40101 SET character_set_client = utf8 */;
CREATE TABLE `price_criteria_table` (
  `Id` int(11) NOT NULL AUTO_INCREMENT,
  `name` varchar(50) DEFAULT NULL,
  `status` tinyint(4) DEFAULT NULL,
  PRIMARY KEY (`Id`)
) ENGINE=InnoDB AUTO_INCREMENT=5 DEFAULT CHARSET=latin1;
/*!40101 SET character_set_client = @saved_cs_client */;

--
-- Dumping data for table `price_criteria_table`
--

LOCK TABLES `price_criteria_table` WRITE;
/*!40000 ALTER TABLE `price_criteria_table` DISABLE KEYS */;
INSERT INTO `price_criteria_table` VALUES (1,'4 Color',2),(2,'1 Spot Color',2),(3,'Black & White',2),(4,'Cover Positions',1);
/*!40000 ALTER TABLE `price_criteria_table` ENABLE KEYS */;
UNLOCK TABLES;

--
-- Table structure for table `price_package_table`
--

DROP TABLE IF EXISTS `price_package_table`;
/*!40101 SET @saved_cs_client     = @@character_set_client */;
/*!40101 SET character_set_client = utf8 */;
CREATE TABLE `price_package_table` (
  `Id` int(11) NOT NULL AUTO_INCREMENT,
  `package_name` varchar(100) DEFAULT NULL,
  `package_size` varchar(45) DEFAULT NULL,
  `status` tinyint(4) DEFAULT NULL,
  PRIMARY KEY (`Id`)
) ENGINE=InnoDB AUTO_INCREMENT=48 DEFAULT CHARSET=latin1;
/*!40101 SET character_set_client = @saved_cs_client */;

--
-- Dumping data for table `price_package_table`
--

LOCK TABLES `price_package_table` WRITE;
/*!40000 ALTER TABLE `price_package_table` DISABLE KEYS */;
INSERT INTO `price_package_table` VALUES (1,'1/8 HORIZONTAL','1_8_HORIZONTAL',2),(2,'1/8 VERTICAL','1_8_VERTICAL',2),(3,'1/6 HORIZONTAL','1_6_HORIZONTAL',2),(4,'1/6 VERTICAL','1_6_VERTICAL',2),(5,'1/4 HORIZONTAL','1_4_HORIZONTAL',2),(6,'1/4 VERTICAL','1_4_VERTICAL',2),(7,'1/4 BANNER','1_4_BANNER',2),(8,'1/3 SQUARE','1_3_SQUARE',2),(9,'1/3 HORIZONTAL','1_3_HORIZONTAL',2),(10,'1/3 VERTICAL','1_3_VERTICAL',2),(11,'1/2 HORIZONTAL','1_2_HORIZONTAL',2),(12,'1/2 LONG VERTICAL','1_2_LONG_VERTICAL',2),(13,'1/2 VERTICAL ISLAND','1_2_VERTICAL_ISLAND',2),(14,'1/2 DOUBLE SPREAD','1_2_DOUBLE_SPREAD',2),(15,'2/3 HORIZONTAL','2_3_HORIZONTAL',2),(16,'2/3 VERTICAL','2_3_VERTICAL',2),(17,'DOUBLE PAGE SPREAD','DOUBLE PAGE SPREAD',2),(18,'FULL BLEEDS','FULL_BLEEDS',2),(19,'FULL','FULL',2),(20,'2nd Cover',NULL,2),(21,'3rd Cover',NULL,2),(22,'4th Cover',NULL,2),(23,'Outsert (Full Page)',NULL,2),(24,'Insert (Full Page)',NULL,2),(25,'Bellyband',NULL,2),(26,'Front Cover',NULL,2),(27,'Cover Gatefold',NULL,2),(28,'Bellyband (1-sided/2-sided/wraparound/glue-tipped',NULL,2),(29,'First 10 pages',NULL,2),(30,'First 15 pages',NULL,2),(31,'First half',NULL,2),(36,'Opposite TOC',NULL,2),(37,'Opposite Executive Director\'s Message (PDCA/CARM)',NULL,2),(38,'Opposite President\'s Message (PDCA/CARM/SHCA)',NULL,2),(39,'Opposite Editor\'s Message (Pilling Canada/HRPA/Its Toronto/SnowOps)',NULL,2),(40,'Opposite Chair\'s Director\'s Message (PDCA/CARM)',NULL,2),(41,'Right-hand Page',NULL,2),(42,'Centre Spread',NULL,2),(43,'Cover/Tab Stock',NULL,2),(44,'UV Coating',NULL,2),(45,'Business Card',NULL,2),(46,'Tabs',NULL,2),(47,'Logo',NULL,2);
/*!40000 ALTER TABLE `price_package_table` ENABLE KEYS */;
UNLOCK TABLES;

--
-- Table structure for table `price_table`
--

DROP TABLE IF EXISTS `price_table`;
/*!40101 SET @saved_cs_client     = @@character_set_client */;
/*!40101 SET character_set_client = utf8 */;
CREATE TABLE `price_table` (
  `Id` int(11) NOT NULL AUTO_INCREMENT,
  `criteria_id` int(11) DEFAULT NULL,
  `package_id` int(11) DEFAULT NULL,
  `amount_x1` decimal(18,2) DEFAULT NULL,
  `amount_x2_more` decimal(18,2) DEFAULT NULL,
  `type` tinyint(4) DEFAULT NULL,
  PRIMARY KEY (`Id`)
) ENGINE=InnoDB AUTO_INCREMENT=67 DEFAULT CHARSET=latin1;
/*!40101 SET character_set_client = @saved_cs_client */;

--
-- Dumping data for table `price_table`
--

LOCK TABLES `price_table` WRITE;
/*!40000 ALTER TABLE `price_table` DISABLE KEYS */;
INSERT INTO `price_table` VALUES (1,1,1,2295.46,2180.68,1),(2,1,2,1712.05,1626.45,1),(3,1,3,1556.41,1478.59,1),(4,1,4,1270.65,1207.12,1),(5,1,5,1044.01,991.81,1),(6,1,6,915.92,870.12,1),(7,1,7,768.10,729.70,1),(8,1,8,640.00,608.00,1),(9,1,9,551.32,523.75,1),(10,1,10,511.90,486.31,1),(11,1,1,2700.54,2565.51,2),(12,1,2,2014.18,1831.07,2),(13,1,3,1831.07,1739.52,2),(14,1,4,1494.88,1420.14,2),(15,1,5,1228.25,1166.84,2),(16,1,6,1077.55,1023.67,2),(17,1,7,903.65,858.47,2),(18,1,8,752.94,715.29,2),(19,1,9,648.61,616.18,2),(20,1,10,602.24,572.13,2),(21,2,11,2098.38,1993.46,1),(22,2,12,1603.67,1523.48,1),(23,2,13,1457.88,1384.98,1),(24,2,14,1172.12,1113.51,1),(25,2,15,965.18,916.92,1),(26,2,16,866.64,823.31,1),(27,2,17,718.85,682.91,1),(28,2,18,580.88,551.84,1),(29,2,19,502.06,476.96,1),(30,2,20,462.63,439.50,1),(31,2,11,2468.68,2345.25,2),(32,2,12,1886.67,1792.33,2),(33,2,13,1715.15,1629.39,2),(34,2,14,1378.96,1310.01,2),(35,2,15,1135.50,1078.73,2),(36,2,16,1019.58,968.60,2),(37,2,17,845.70,803.42,2),(38,2,18,683.39,649.22,2),(39,2,19,590.66,561.13,2),(40,2,20,544.27,517.06,2),(41,3,21,1832.31,1740.70,1),(42,3,22,1191.78,1132.19,1),(43,3,23,1083.43,1029.26,1),(44,3,24,817.38,776.51,1),(45,3,25,797.67,757.78,1),(46,3,26,679.41,645.44,1),(47,3,27,531.62,505.04,1),(48,3,28,403.51,383.33,1),(49,3,29,314.83,299.09,1),(50,3,30,275.42,261.65,1),(51,3,21,2155.66,2047.88,2),(52,3,22,1402.08,1331.98,2),(53,3,23,1274.62,1210.89,2),(54,3,24,961.62,913.54,2),(55,3,25,938.43,891.51,2),(56,3,26,799.31,759.34,2),(57,3,27,625.43,594.16,2),(58,3,28,474.72,450.98,2),(59,3,29,370.39,351.87,2),(60,3,30,324.02,307.82,2),(61,4,31,1832.31,1740.70,1),(62,4,32,1832.31,1740.70,1),(63,4,33,1980.13,1881.12,1),(64,4,31,2155.66,2047.88,2),(65,4,32,2155.66,2047.88,2),(66,4,33,2329.56,2213.08,2);
/*!40000 ALTER TABLE `price_table` ENABLE KEYS */;
UNLOCK TABLES;

--
-- Table structure for table `sales_transaction_table`
--

DROP TABLE IF EXISTS `sales_transaction_table`;
/*!40101 SET @saved_cs_client     = @@character_set_client */;
/*!40101 SET character_set_client = utf8 */;
CREATE TABLE `sales_transaction_table` (
  `Id` int(11) NOT NULL AUTO_INCREMENT,
  `srepcode` varchar(15) DEFAULT NULL,
  `magcode` varchar(45) DEFAULT NULL,
  `contid` varchar(45) DEFAULT NULL,
  `clientcode` varchar(45) DEFAULT NULL,
  `agencycode` varchar(45) DEFAULT NULL,
  `dateissue` varchar(45) DEFAULT NULL,
  `contdate` varchar(45) DEFAULT NULL,
  `relsched` varchar(45) DEFAULT NULL,
  `trandate` varchar(45) DEFAULT NULL,
  `adsize` varchar(45) DEFAULT NULL,
  `charges` varchar(45) DEFAULT NULL,
  `chargedate` varchar(45) DEFAULT NULL,
  `payment` varchar(45) DEFAULT NULL,
  `refno` varchar(45) DEFAULT NULL,
  `paydate` varchar(45) DEFAULT NULL,
  `remarks` varchar(45) DEFAULT NULL,
  `status` varchar(45) DEFAULT NULL,
  `updated_at` datetime DEFAULT NULL,
  `created_at` datetime DEFAULT NULL,
  PRIMARY KEY (`Id`)
) ENGINE=InnoDB DEFAULT CHARSET=latin1;
/*!40101 SET character_set_client = @saved_cs_client */;

--
-- Dumping data for table `sales_transaction_table`
--

LOCK TABLES `sales_transaction_table` WRITE;
/*!40000 ALTER TABLE `sales_transaction_table` DISABLE KEYS */;
/*!40000 ALTER TABLE `sales_transaction_table` ENABLE KEYS */;
UNLOCK TABLES;

--
-- Table structure for table `taxes_table`
--

DROP TABLE IF EXISTS `taxes_table`;
/*!40101 SET @saved_cs_client     = @@character_set_client */;
/*!40101 SET character_set_client = utf8 */;
CREATE TABLE `taxes_table` (
  `Id` int(11) NOT NULL AUTO_INCREMENT,
  `province_code` varchar(10) DEFAULT NULL,
  `province_name` varchar(50) DEFAULT NULL,
  `country_code` varchar(10) DEFAULT NULL,
  `tax_amount` decimal(18,3) DEFAULT NULL,
  `status` tinyint(4) DEFAULT NULL,
  PRIMARY KEY (`Id`)
) ENGINE=InnoDB AUTO_INCREMENT=68 DEFAULT CHARSET=latin1;
/*!40101 SET character_set_client = @saved_cs_client */;

--
-- Dumping data for table `taxes_table`
--

LOCK TABLES `taxes_table` WRITE;
/*!40000 ALTER TABLE `taxes_table` DISABLE KEYS */;
INSERT INTO `taxes_table` VALUES (1,'AB','Alberta','CAD',0.005,2),(2,'BC','Brithish Columbia','CAD',0.005,2),(3,'MB','Manitoba','CAD',0.005,2),(4,'NB','New Brunswick','CAD',0.150,2),(5,'NL','Newfoundland & Labrador','CAD',0.150,2),(6,'NS','Nova Scotia','CAD',0.150,2),(7,'ON','Ontrio','CAD',0.130,2),(8,'PE','Prince Edward','CAD',0.150,2),(9,'QC','Quebec','CAD',0.005,2),(10,'SK','Saskatchewan','CAD',0.005,2),(11,'AL','Alabama','USA',0.000,2),(12,'AK','Alaska','USA',0.000,2),(13,'AZ','Arizona','USA',0.000,2),(14,'AR','Arkansas','USA',0.000,2),(15,'CA','California','USA',0.000,2),(16,'CO','Colorado','USA',0.000,2),(17,'CT','Connecticut','USA',0.000,2),(18,'DE','Delaware','USA',0.000,2),(19,'FL','Florida','USA',0.000,2),(20,'GA','Georgia','USA',0.000,2),(21,'HI','Hawaii','USA',0.000,2),(22,'ID','Idaho','USA',0.000,2),(23,'IL','Illinois','USA',0.000,2),(24,'IN','Indiana','USA',0.000,2),(25,'IA','Iowa','USA',0.000,2),(26,'KS','Kansas','USA',0.000,2),(27,'KY','Kentucky','USA',0.000,2),(28,'LA','Louisiana','USA',0.000,2),(29,'ME','Maine','USA',0.000,2),(30,'MD','Maryland','USA',0.000,2),(31,'MA','Massachusetts','USA',0.000,2),(32,'MI','Michigan','USA',0.000,2),(33,'MN','Minnesota','USA',0.000,2),(34,'MS','Mississippi','USA',0.000,2),(35,'MO','Missouri','USA',0.000,2),(36,'MT','Montana','USA',0.000,2),(37,'NE','Nebraska','USA',0.000,2),(38,'NV','Nevada','USA',0.000,2),(39,'NH','New Hampshire','USA',0.000,2),(40,'NJ','New Jersey','USA',0.000,2),(41,'NM','New Mexico','USA',0.000,2),(42,'NY','New York','USA',0.000,2),(43,'NC','North Carolina','USA',0.000,2),(44,'ND','North Dakota','USA',0.000,2),(45,'OH','Ohio','USA',0.000,2),(46,'OK','Oklahoma','USA',0.000,2),(47,'OR','Oregon','USA',0.000,2),(48,'PA','Pennsylvania','USA',0.000,2),(49,'RI','Rhode Island','USA',0.000,2),(50,'SC','South Carolina','USA',0.000,2),(51,'SD','South Dakota','USA',0.000,2),(52,'TN','Tennessee','USA',0.000,2),(53,'TX','Texas','USA',0.000,2),(54,'UT','Utah','USA',0.000,2),(55,'VT','Vermont','USA',0.000,2),(56,'VA','Virginia','USA',0.000,2),(57,'WA','Washington','USA',0.000,2),(58,'WV','West Virginia','USA',0.000,2),(59,'WI','Wisconsin','USA',0.000,2),(60,'WY','Wyoming','USA',0.000,2),(61,'DC','District of Columbia','USA',0.000,2),(62,'AS','American Samoa','USA',0.000,2),(63,'GU','Guam','USA',0.000,2),(64,'MP','Northern Mariana Islands','USA',0.000,2),(65,'PR','Puerto Rico','USA',0.000,2),(66,'UM','United States Minor Outlying Islands','USA',0.000,2),(67,'VI','Virgin Islands, U.S.','USA',0.000,2);
/*!40000 ALTER TABLE `taxes_table` ENABLE KEYS */;
UNLOCK TABLES;

--
-- Table structure for table `user_account`
--

DROP TABLE IF EXISTS `user_account`;
/*!40101 SET @saved_cs_client     = @@character_set_client */;
/*!40101 SET character_set_client = utf8 */;
CREATE TABLE `user_account` (
  `Id` int(11) NOT NULL AUTO_INCREMENT,
  `username` varchar(40) DEFAULT NULL,
  `password` varchar(50) DEFAULT NULL,
  `first_name` varchar(45) DEFAULT NULL,
  `middle_name` varchar(45) DEFAULT NULL,
  `last_name` varchar(45) DEFAULT NULL,
  `email` varchar(100) DEFAULT NULL,
  `mobile` varchar(25) DEFAULT NULL,
  `role` tinyint(4) DEFAULT NULL,
  `status` tinyint(4) DEFAULT NULL,
  `updated_at` datetime DEFAULT NULL,
  `created_at` datetime DEFAULT NULL,
  PRIMARY KEY (`Id`)
) ENGINE=InnoDB AUTO_INCREMENT=12 DEFAULT CHARSET=latin1;
/*!40101 SET character_set_client = @saved_cs_client */;

--
-- Dumping data for table `user_account`
--

LOCK TABLES `user_account` WRITE;
/*!40000 ALTER TABLE `user_account` DISABLE KEYS */;
INSERT INTO `user_account` VALUES (1,'nikki','eb33da6599c0243dc6215ee2891d1277','Nikki','-','Manalo','me@kpa21.info','1234567891000',1,2,NULL,NULL),(2,'gayl','eb33da6599c0243dc6215ee2891d1277','Gayl','-','Punzalan','march@yahoo.com','1234567891000',2,2,NULL,NULL),(3,'von.b','eb33da6599c0243dc6215ee2891d1277','Von','Romson','Bayani','von@yahoo.com','1234567891000',3,2,NULL,NULL),(4,'louise','eb33da6599c0243dc6215ee2891d1277','Louise','-','Peterson','-','-',3,2,'2016-12-13 13:52:40','2016-12-13 13:52:40'),(5,'quinn','eb33da6599c0243dc6215ee2891d1277','Quinn','-','Peterson','Quinn@yahoo.com','-',3,2,'2016-12-13 13:54:09','2016-12-13 13:54:09'),(6,'darryl','eb33da6599c0243dc6215ee2891d1277','Darryl','-','Sawchuk','darryl@yahoo.com','-',3,2,'2016-12-13 13:54:43','2016-12-13 13:54:43'),(7,'brian','eb33da6599c0243dc6215ee2891d1277','Brian','-','Saunders','brian@yahoo.com','-',3,2,'2016-12-13 13:55:09','2016-12-13 13:55:09'),(8,'wally','eb33da6599c0243dc6215ee2891d1277','Wally','','Lytwyn','wlytwyn@lesterpublications.com','',3,2,'2017-07-10 13:35:11','2017-07-10 13:35:11'),(9,'brenda','eb33da6599c0243dc6215ee2891d1277','Brenda','','Ezinicki','bezinicki@lesterpublications.com','',3,2,'2017-07-11 06:59:29','2017-07-11 06:59:29'),(10,'matt','eb33da6599c0243dc6215ee2891d1277','Matthew','','Togerson','mtorgerson@lesterpublications.com','',3,2,'2017-08-15 13:44:18','2017-08-15 13:44:18'),(11,'mtorgerson','eb33da6599c0243dc6215ee2891d1277','Matthew','','Torgerson','mtorgerson@lesterpublications.com','',3,2,'2017-09-01 09:17:52','2017-09-01 09:17:52');
/*!40000 ALTER TABLE `user_account` ENABLE KEYS */;
UNLOCK TABLES;

--
-- Table structure for table `user_gaol_settings_table`
--

DROP TABLE IF EXISTS `user_gaol_settings_table`;
/*!40101 SET @saved_cs_client     = @@character_set_client */;
/*!40101 SET character_set_client = utf8 */;
CREATE TABLE `user_gaol_settings_table` (
  `Id` int(11) NOT NULL AUTO_INCREMENT,
  `user_id` int(11) DEFAULT NULL,
  `magazine_id` int(11) DEFAULT NULL,
  `issue` tinyint(4) DEFAULT NULL,
  `year` varchar(5) DEFAULT NULL,
  `amount` decimal(18,2) DEFAULT NULL,
  `status` tinyint(4) DEFAULT NULL,
  `updated_at` datetime DEFAULT NULL,
  `created_at` datetime DEFAULT NULL,
  PRIMARY KEY (`Id`)
) ENGINE=InnoDB AUTO_INCREMENT=5 DEFAULT CHARSET=utf8;
/*!40101 SET character_set_client = @saved_cs_client */;

--
-- Dumping data for table `user_gaol_settings_table`
--

LOCK TABLES `user_gaol_settings_table` WRITE;
/*!40000 ALTER TABLE `user_gaol_settings_table` DISABLE KEYS */;
INSERT INTO `user_gaol_settings_table` VALUES (1,8,8,1,'2017',5000.00,1,'2017-12-03 01:49:48','2017-12-03 01:49:48'),(2,3,8,1,'2017',20000.00,1,'2017-12-03 05:04:36','2017-12-03 05:04:36'),(3,2,8,1,'2017',20000.00,1,'2017-12-03 05:05:17','2017-12-03 05:05:17'),(4,2,12,1,'2017',21000.00,1,'2017-12-09 05:02:23','2017-12-09 05:02:23');
/*!40000 ALTER TABLE `user_gaol_settings_table` ENABLE KEYS */;
UNLOCK TABLES;
/*!40103 SET TIME_ZONE=@OLD_TIME_ZONE */;

/*!40101 SET SQL_MODE=@OLD_SQL_MODE */;
/*!40014 SET FOREIGN_KEY_CHECKS=@OLD_FOREIGN_KEY_CHECKS */;
/*!40014 SET UNIQUE_CHECKS=@OLD_UNIQUE_CHECKS */;
/*!40101 SET CHARACTER_SET_CLIENT=@OLD_CHARACTER_SET_CLIENT */;
/*!40101 SET CHARACTER_SET_RESULTS=@OLD_CHARACTER_SET_RESULTS */;
/*!40101 SET COLLATION_CONNECTION=@OLD_COLLATION_CONNECTION */;
/*!40111 SET SQL_NOTES=@OLD_SQL_NOTES */;

-- Dump completed on 2018-01-08 20:25:12
